character_id,class_name,level_bracket,dps,fights,peer_count,dps_percentile,player_message
chr_1069,Druid,1-10,58.3,11,30,100.0,Your damage per second is higher than 100% of other Druids between levels 1 and 10.
chr_1275,Druid,1-10,52.9,29,30,97.0,Your damage per second is higher than 97% of other Druids between levels 1 and 10.
chr_1433,Druid,1-10,50.3,33,30,93.0,Your damage per second is higher than 93% of other Druids between levels 1 and 10.
chr_1680,Druid,1-10,49.3,36,30,90.0,Your damage per second is higher than 90% of other Druids between levels 1 and 10.
chr_1536,Druid,1-10,48.8,36,30,87.0,Your damage per second is higher than 87% of other Druids between levels 1 and 10.
chr_1504,Druid,1-10,45.9,38,30,83.0,Your damage per second is higher than 83% of other Druids between levels 1 and 10.
chr_1329,Druid,1-10,42.0,28,30,80.0,Your damage per second is higher than 80% of other Druids between levels 1 and 10.
chr_1181,Druid,1-10,42.0,53,30,77.0,Your damage per second is higher than 77% of other Druids between levels 1 and 10.
chr_0482,Druid,1-10,41.5,50,30,73.0,Your damage per second is higher than 73% of other Druids between levels 1 and 10.
chr_0640,Druid,1-10,41.0,40,30,70.0,Your damage per second is higher than 70% of other Druids between levels 1 and 10.
chr_1410,Druid,1-10,41.0,46,30,67.0,Your damage per second is higher than 67% of other Druids between levels 1 and 10.
chr_0388,Druid,1-10,40.9,48,30,63.0,Your damage per second is higher than 63% of other Druids between levels 1 and 10.
chr_0663,Druid,1-10,40.8,47,30,60.0,Your damage per second is higher than 60% of other Druids between levels 1 and 10.
chr_0686,Druid,1-10,40.8,51,30,57.0,Your damage per second is higher than 57% of other Druids between levels 1 and 10.
chr_0243,Druid,1-10,40.8,47,30,53.0,Your damage per second is higher than 53% of other Druids between levels 1 and 10.
chr_1615,Druid,1-10,40.7,47,30,50.0,Your damage per second is higher than 50% of other Druids between levels 1 and 10.
chr_0572,Druid,1-10,40.7,49,30,47.0,Your damage per second is higher than 47% of other Druids between levels 1 and 10.
chr_1406,Druid,1-10,40.5,50,30,43.0,Your damage per second is higher than 43% of other Druids between levels 1 and 10.
chr_1354,Druid,1-10,40.4,50,30,40.0,Your damage per second is higher than 40% of other Druids between levels 1 and 10.
chr_1136,Druid,1-10,40.1,47,30,37.0,Your damage per second is higher than 37% of other Druids between levels 1 and 10.
chr_0202,Druid,1-10,40.0,50,30,33.0,Your damage per second is higher than 33% of other Druids between levels 1 and 10.
chr_1102,Druid,1-10,40.0,46,30,30.0,Your damage per second is higher than 30% of other Druids between levels 1 and 10.
chr_1355,Druid,1-10,39.9,47,30,27.0,Your damage per second is higher than 27% of other Druids between levels 1 and 10.
chr_1170,Druid,1-10,39.8,49,30,23.0,Your damage per second is higher than 23% of other Druids between levels 1 and 10.
chr_0057,Druid,1-10,39.7,49,30,20.0,Your damage per second is higher than 20% of other Druids between levels 1 and 10.
chr_1618,Druid,1-10,39.5,47,30,17.0,Your damage per second is higher than 17% of other Druids between levels 1 and 10.
chr_0676,Druid,1-10,39.5,48,30,13.0,Your damage per second is higher than 13% of other Druids between levels 1 and 10.
chr_0607,Druid,1-10,39.3,49,30,10.0,Your damage per second is higher than 10% of other Druids between levels 1 and 10.
chr_0305,Druid,1-10,19.5,48,30,7.0,Your damage per second is higher than 7% of other Druids between levels 1 and 10.
chr_0614,Druid,1-10,18.7,50,30,3.0,Your damage per second is higher than 3% of other Druids between levels 1 and 10.
chr_1740,Druid,1-10,8.2,50,30,0.0,Your damage per second is higher than 0% of other Druids between levels 1 and 10.
chr_0151,Druid,11-20,96.4,15,42,100.0,Your damage per second is higher than 100% of other Druids between levels 11 and 20.
chr_1605,Druid,11-20,88.5,36,42,98.0,Your damage per second is higher than 98% of other Druids between levels 11 and 20.
chr_1714,Druid,11-20,87.4,38,42,95.0,Your damage per second is higher than 95% of other Druids between levels 11 and 20.
chr_1264,Druid,11-20,83.9,49,42,93.0,Your damage per second is higher than 93% of other Druids between levels 11 and 20.
chr_1676,Druid,11-20,83.9,19,42,90.0,Your damage per second is higher than 90% of other Druids between levels 11 and 20.
chr_0748,Druid,11-20,81.0,57,42,88.0,Your damage per second is higher than 88% of other Druids between levels 11 and 20.
chr_1504,Druid,11-20,79.5,59,42,86.0,Your damage per second is higher than 86% of other Druids between levels 11 and 20.
chr_1069,Druid,11-20,78.5,59,42,83.0,Your damage per second is higher than 83% of other Druids between levels 11 and 20.
chr_1056,Druid,11-20,77.2,21,42,81.0,Your damage per second is higher than 81% of other Druids between levels 11 and 20.
chr_1680,Druid,11-20,77.2,59,42,79.0,Your damage per second is higher than 79% of other Druids between levels 11 and 20.
chr_1410,Druid,11-20,77.1,60,42,76.0,Your damage per second is higher than 76% of other Druids between levels 11 and 20.
chr_0539,Druid,11-20,76.4,58,42,74.0,Your damage per second is higher than 74% of other Druids between levels 11 and 20.
chr_1406,Druid,11-20,76.1,58,42,71.0,Your damage per second is higher than 71% of other Druids between levels 11 and 20.
chr_0202,Druid,11-20,75.9,59,42,69.0,Your damage per second is higher than 69% of other Druids between levels 11 and 20.
chr_1536,Druid,11-20,75.8,58,42,67.0,Your damage per second is higher than 67% of other Druids between levels 11 and 20.
chr_1170,Druid,11-20,75.6,59,42,64.0,Your damage per second is higher than 64% of other Druids between levels 11 and 20.
chr_0388,Druid,11-20,75.3,59,42,62.0,Your damage per second is higher than 62% of other Druids between levels 11 and 20.
chr_1615,Druid,11-20,75.3,59,42,60.0,Your damage per second is higher than 60% of other Druids between levels 11 and 20.
chr_1181,Druid,11-20,74.9,55,42,57.0,Your damage per second is higher than 57% of other Druids between levels 11 and 20.
chr_1294,Druid,11-20,74.5,39,42,55.0,Your damage per second is higher than 55% of other Druids between levels 11 and 20.
chr_0663,Druid,11-20,74.5,58,42,52.0,Your damage per second is higher than 52% of other Druids between levels 11 and 20.
chr_1355,Druid,11-20,74.2,59,42,50.0,Your damage per second is higher than 50% of other Druids between levels 11 and 20.
chr_0686,Druid,11-20,74.1,59,42,48.0,Your damage per second is higher than 48% of other Druids between levels 11 and 20.
chr_1433,Druid,11-20,74.0,51,42,45.0,Your damage per second is higher than 45% of other Druids between levels 11 and 20.
chr_1354,Druid,11-20,73.6,59,42,43.0,Your damage per second is higher than 43% of other Druids between levels 11 and 20.
chr_0243,Druid,11-20,73.6,60,42,40.0,Your damage per second is higher than 40% of other Druids between levels 11 and 20.
chr_1102,Druid,11-20,73.0,60,42,38.0,Your damage per second is higher than 38% of other Druids between levels 11 and 20.
chr_0482,Druid,11-20,72.9,59,42,36.0,Your damage per second is higher than 36% of other Druids between levels 11 and 20.
chr_1539,Druid,11-20,72.7,22,42,33.0,Your damage per second is higher than 33% of other Druids between levels 11 and 20.
chr_0057,Druid,11-20,71.8,59,42,31.0,Your damage per second is higher than 31% of other Druids between levels 11 and 20.
chr_0676,Druid,11-20,71.4,60,42,29.0,Your damage per second is higher than 29% of other Druids between levels 11 and 20.
chr_1329,Druid,11-20,71.3,12,42,26.0,Your damage per second is higher than 26% of other Druids between levels 11 and 20.
chr_0607,Druid,11-20,71.2,59,42,24.0,Your damage per second is higher than 24% of other Druids between levels 11 and 20.
chr_1136,Druid,11-20,70.7,61,42,21.0,Your damage per second is higher than 21% of other Druids between levels 11 and 20.
chr_0572,Druid,11-20,68.3,36,42,19.0,Your damage per second is higher than 19% of other Druids between levels 11 and 20.
chr_1391,Druid,11-20,67.2,14,42,17.0,Your damage per second is higher than 17% of other Druids between levels 11 and 20.
chr_0640,Druid,11-20,65.8,59,42,14.0,Your damage per second is higher than 14% of other Druids between levels 11 and 20.
chr_1275,Druid,11-20,63.2,10,42,12.0,Your damage per second is higher than 12% of other Druids between levels 11 and 20.
chr_0614,Druid,11-20,57.9,60,42,10.0,Your damage per second is higher than 10% of other Druids between levels 11 and 20.
chr_1190,Druid,11-20,54.0,23,42,7.0,Your damage per second is higher than 7% of other Druids between levels 11 and 20.
chr_0305,Druid,11-20,52.8,57,42,5.0,Your damage per second is higher than 5% of other Druids between levels 11 and 20.
chr_1740,Druid,11-20,43.9,58,42,2.0,Your damage per second is higher than 2% of other Druids between levels 11 and 20.
chr_1149,Druid,11-20,41.9,41,42,0.0,Your damage per second is higher than 0% of other Druids between levels 11 and 20.
chr_1343,Druid,21-30,137.1,14,67,100.0,Your damage per second is higher than 100% of other Druids between levels 21 and 30.
chr_1134,Druid,21-30,135.8,15,67,99.0,Your damage per second is higher than 99% of other Druids between levels 21 and 30.
chr_0910,Druid,21-30,131.7,23,67,97.0,Your damage per second is higher than 97% of other Druids between levels 21 and 30.
chr_1413,Druid,21-30,129.2,31,67,96.0,Your damage per second is higher than 96% of other Druids between levels 21 and 30.
chr_0001,Druid,21-30,128.3,47,67,94.0,Your damage per second is higher than 94% of other Druids between levels 21 and 30.
chr_1526,Druid,21-30,124.5,55,67,93.0,Your damage per second is higher than 93% of other Druids between levels 21 and 30.
chr_0479,Druid,21-30,124.1,57,67,91.0,Your damage per second is higher than 91% of other Druids between levels 21 and 30.
chr_0380,Druid,21-30,124.0,59,67,90.0,Your damage per second is higher than 90% of other Druids between levels 21 and 30.
chr_0301,Druid,21-30,122.4,28,67,88.0,Your damage per second is higher than 88% of other Druids between levels 21 and 30.
chr_1755,Druid,21-30,121.4,65,67,87.0,Your damage per second is higher than 87% of other Druids between levels 21 and 30.
chr_0971,Druid,21-30,120.8,69,67,85.0,Your damage per second is higher than 85% of other Druids between levels 21 and 30.
chr_0272,Druid,21-30,120.3,24,67,84.0,Your damage per second is higher than 84% of other Druids between levels 21 and 30.
chr_1663,Druid,21-30,120.3,66,67,82.0,Your damage per second is higher than 82% of other Druids between levels 21 and 30.
chr_0970,Druid,21-30,120.2,21,67,81.0,Your damage per second is higher than 81% of other Druids between levels 21 and 30.
chr_0878,Druid,21-30,120.2,13,67,79.0,Your damage per second is higher than 79% of other Druids between levels 21 and 30.
chr_1692,Druid,21-30,120.1,70,67,78.0,Your damage per second is higher than 78% of other Druids between levels 21 and 30.
chr_0880,Druid,21-30,120.1,68,67,76.0,Your damage per second is higher than 76% of other Druids between levels 21 and 30.
chr_0259,Druid,21-30,120.0,71,67,75.0,Your damage per second is higher than 75% of other Druids between levels 21 and 30.
chr_1130,Druid,21-30,119.7,70,67,73.0,Your damage per second is higher than 73% of other Druids between levels 21 and 30.
chr_1504,Druid,21-30,119.4,71,67,72.0,Your damage per second is higher than 72% of other Druids between levels 21 and 30.
chr_0305,Druid,21-30,118.1,68,67,70.0,Your damage per second is higher than 70% of other Druids between levels 21 and 30.
chr_1714,Druid,21-30,117.7,70,67,69.0,Your damage per second is higher than 69% of other Druids between levels 21 and 30.
chr_0151,Druid,21-30,117.4,70,67,67.0,Your damage per second is higher than 67% of other Druids between levels 21 and 30.
chr_1593,Druid,21-30,117.2,69,67,66.0,Your damage per second is higher than 66% of other Druids between levels 21 and 30.
chr_1124,Druid,21-30,117.1,18,67,64.0,Your damage per second is higher than 64% of other Druids between levels 21 and 30.
chr_1170,Druid,21-30,116.5,70,67,63.0,Your damage per second is higher than 63% of other Druids between levels 21 and 30.
chr_1264,Druid,21-30,116.0,69,67,61.0,Your damage per second is higher than 61% of other Druids between levels 21 and 30.
chr_0914,Druid,21-30,115.1,50,67,60.0,Your damage per second is higher than 60% of other Druids between levels 21 and 30.
chr_0663,Druid,21-30,114.8,68,67,58.0,Your damage per second is higher than 58% of other Druids between levels 21 and 30.
chr_0748,Druid,21-30,114.6,68,67,57.0,Your damage per second is higher than 57% of other Druids between levels 21 and 30.
chr_1181,Druid,21-30,114.6,69,67,55.0,Your damage per second is higher than 55% of other Druids between levels 21 and 30.
chr_1056,Druid,21-30,114.1,53,67,54.0,Your damage per second is higher than 54% of other Druids between levels 21 and 30.
chr_1195,Druid,21-30,113.7,70,67,52.0,Your damage per second is higher than 52% of other Druids between levels 21 and 30.
chr_1355,Druid,21-30,112.9,72,67,51.0,Your damage per second is higher than 51% of other Druids between levels 21 and 30.
chr_1605,Druid,21-30,112.4,69,67,49.0,Your damage per second is higher than 49% of other Druids between levels 21 and 30.
chr_0388,Druid,21-30,112.3,69,67,48.0,Your damage per second is higher than 48% of other Druids between levels 21 and 30.
chr_1410,Druid,21-30,112.2,70,67,46.0,Your damage per second is higher than 46% of other Druids between levels 21 and 30.
chr_0614,Druid,21-30,112.1,69,67,45.0,Your damage per second is higher than 45% of other Druids between levels 21 and 30.
chr_1294,Druid,21-30,112.0,36,67,43.0,Your damage per second is higher than 43% of other Druids between levels 21 and 30.
chr_0202,Druid,21-30,111.6,70,67,42.0,Your damage per second is higher than 42% of other Druids between levels 21 and 30.
chr_0814,Druid,21-30,111.5,25,67,40.0,Your damage per second is higher than 40% of other Druids between levels 21 and 30.
chr_0874,Druid,21-30,111.3,29,67,39.0,Your damage per second is higher than 39% of other Druids between levels 21 and 30.
chr_0640,Druid,21-30,110.8,16,67,37.0,Your damage per second is higher than 37% of other Druids between levels 21 and 30.
chr_0676,Druid,21-30,110.4,69,67,36.0,Your damage per second is higher than 36% of other Druids between levels 21 and 30.
chr_1615,Druid,21-30,109.2,70,67,34.0,Your damage per second is higher than 34% of other Druids between levels 21 and 30.
chr_0686,Druid,21-30,109.0,69,67,33.0,Your damage per second is higher than 33% of other Druids between levels 21 and 30.
chr_1680,Druid,21-30,108.9,52,67,31.0,Your damage per second is higher than 31% of other Druids between levels 21 and 30.
chr_1069,Druid,21-30,108.8,54,67,30.0,Your damage per second is higher than 30% of other Druids between levels 21 and 30.
chr_0539,Druid,21-30,108.5,68,67,28.0,Your damage per second is higher than 28% of other Druids between levels 21 and 30.
chr_0482,Druid,21-30,108.4,68,67,27.0,Your damage per second is higher than 27% of other Druids between levels 21 and 30.
chr_0153,Druid,21-30,108.3,29,67,25.0,Your damage per second is higher than 25% of other Druids between levels 21 and 30.
chr_1136,Druid,21-30,107.9,68,67,24.0,Your damage per second is higher than 24% of other Druids between levels 21 and 30.
chr_0243,Druid,21-30,107.9,71,67,22.0,Your damage per second is higher than 22% of other Druids between levels 21 and 30.
chr_1190,Druid,21-30,106.1,69,67,21.0,Your damage per second is higher than 21% of other Druids between levels 21 and 30.
chr_1406,Druid,21-30,105.9,10,67,19.0,Your damage per second is higher than 19% of other Druids between levels 21 and 30.
chr_1676,Druid,21-30,105.4,42,67,18.0,Your damage per second is higher than 18% of other Druids between levels 21 and 30.
chr_0057,Druid,21-30,105.4,68,67,16.0,Your damage per second is higher than 16% of other Druids between levels 21 and 30.
chr_0607,Druid,21-30,105.3,70,67,15.0,Your damage per second is higher than 15% of other Druids between levels 21 and 30.
chr_1539,Druid,21-30,103.5,42,67,13.0,Your damage per second is higher than 13% of other Druids between levels 21 and 30.
chr_1329,Druid,21-30,98.7,19,67,12.0,Your damage per second is higher than 12% of other Druids between levels 21 and 30.
chr_0617,Druid,21-30,98.2,18,67,10.0,Your damage per second is higher than 10% of other Druids between levels 21 and 30.
chr_1354,Druid,21-30,97.5,42,67,9.0,Your damage per second is higher than 9% of other Druids between levels 21 and 30.
chr_1102,Druid,21-30,95.7,34,67,7.0,Your damage per second is higher than 7% of other Druids between levels 21 and 30.
chr_0752,Druid,21-30,95.7,27,67,6.0,Your damage per second is higher than 6% of other Druids between levels 21 and 30.
chr_1763,Druid,21-30,93.2,15,67,4.0,Your damage per second is higher than 4% of other Druids between levels 21 and 30.
chr_1536,Druid,21-30,92.0,15,67,3.0,Your damage per second is higher than 3% of other Druids between levels 21 and 30.
chr_1740,Druid,21-30,83.0,68,67,1.0,Your damage per second is higher than 1% of other Druids between levels 21 and 30.
chr_1149,Druid,21-30,81.3,29,67,0.0,Your damage per second is higher than 0% of other Druids between levels 21 and 30.
chr_0237,Druid,31-40,182.1,15,80,100.0,Your damage per second is higher than 100% of other Druids between levels 31 and 40.
chr_1227,Druid,31-40,178.7,12,80,99.0,Your damage per second is higher than 99% of other Druids between levels 31 and 40.
chr_1334,Druid,31-40,176.1,22,80,98.0,Your damage per second is higher than 98% of other Druids between levels 31 and 40.
chr_1712,Druid,31-40,173.9,10,80,96.0,Your damage per second is higher than 96% of other Druids between levels 31 and 40.
chr_0466,Druid,31-40,172.8,42,80,95.0,Your damage per second is higher than 95% of other Druids between levels 31 and 40.
chr_1449,Druid,31-40,172.1,11,80,94.0,Your damage per second is higher than 94% of other Druids between levels 31 and 40.
chr_1263,Druid,31-40,171.9,12,80,93.0,Your damage per second is higher than 93% of other Druids between levels 31 and 40.
chr_0649,Druid,31-40,170.3,23,80,91.0,Your damage per second is higher than 91% of other Druids between levels 31 and 40.
chr_1138,Druid,31-40,169.9,33,80,90.0,Your damage per second is higher than 90% of other Druids between levels 31 and 40.
chr_0942,Druid,31-40,169.5,21,80,89.0,Your damage per second is higher than 89% of other Druids between levels 31 and 40.
chr_1556,Druid,31-40,169.0,48,80,88.0,Your damage per second is higher than 88% of other Druids between levels 31 and 40.
chr_0352,Druid,31-40,166.5,27,80,86.0,Your damage per second is higher than 86% of other Druids between levels 31 and 40.
chr_0184,Druid,31-40,165.9,65,80,85.0,Your damage per second is higher than 85% of other Druids between levels 31 and 40.
chr_0147,Druid,31-40,165.1,61,80,84.0,Your damage per second is higher than 84% of other Druids between levels 31 and 40.
chr_0033,Druid,31-40,163.5,62,80,83.0,Your damage per second is higher than 83% of other Druids between levels 31 and 40.
chr_0791,Druid,31-40,163.4,73,80,81.0,Your damage per second is higher than 81% of other Druids between levels 31 and 40.
chr_1219,Druid,31-40,162.6,55,80,80.0,Your damage per second is higher than 80% of other Druids between levels 31 and 40.
chr_1343,Druid,31-40,162.1,73,80,79.0,Your damage per second is higher than 79% of other Druids between levels 31 and 40.
chr_1590,Druid,31-40,162.0,65,80,78.0,Your damage per second is higher than 78% of other Druids between levels 31 and 40.
chr_1734,Druid,31-40,161.3,47,80,76.0,Your damage per second is higher than 76% of other Druids between levels 31 and 40.
chr_0380,Druid,31-40,160.5,72,80,75.0,Your damage per second is higher than 75% of other Druids between levels 31 and 40.
chr_0211,Druid,31-40,159.7,78,80,74.0,Your damage per second is higher than 74% of other Druids between levels 31 and 40.
chr_0301,Druid,31-40,158.9,69,80,73.0,Your damage per second is higher than 73% of other Druids between levels 31 and 40.
chr_0243,Druid,31-40,158.6,72,80,71.0,Your damage per second is higher than 71% of other Druids between levels 31 and 40.
chr_1714,Druid,31-40,158.1,71,80,70.0,Your damage per second is higher than 70% of other Druids between levels 31 and 40.
chr_1605,Druid,31-40,157.0,77,80,69.0,Your damage per second is higher than 69% of other Druids between levels 31 and 40.
chr_1134,Druid,31-40,156.9,55,80,68.0,Your damage per second is higher than 68% of other Druids between levels 31 and 40.
chr_0971,Druid,31-40,156.5,65,80,66.0,Your damage per second is higher than 66% of other Druids between levels 31 and 40.
chr_1130,Druid,31-40,156.5,75,80,65.0,Your damage per second is higher than 65% of other Druids between levels 31 and 40.
chr_1170,Druid,31-40,156.0,74,80,64.0,Your damage per second is higher than 64% of other Druids between levels 31 and 40.
chr_0305,Druid,31-40,155.9,73,80,63.0,Your damage per second is higher than 63% of other Druids between levels 31 and 40.
chr_1526,Druid,31-40,155.8,78,80,61.0,Your damage per second is higher than 61% of other Druids between levels 31 and 40.
chr_1692,Druid,31-40,155.7,70,80,60.0,Your damage per second is higher than 60% of other Druids between levels 31 and 40.
chr_0748,Druid,31-40,155.7,75,80,59.0,Your damage per second is higher than 59% of other Druids between levels 31 and 40.
chr_0479,Druid,31-40,155.3,74,80,58.0,Your damage per second is higher than 58% of other Druids between levels 31 and 40.
chr_1504,Druid,31-40,155.2,75,80,56.0,Your damage per second is higher than 56% of other Druids between levels 31 and 40.
chr_1755,Druid,31-40,155.0,69,80,55.0,Your damage per second is higher than 55% of other Druids between levels 31 and 40.
chr_0676,Druid,31-40,154.8,71,80,54.0,Your damage per second is higher than 54% of other Druids between levels 31 and 40.
chr_0151,Druid,31-40,154.6,76,80,53.0,Your damage per second is higher than 53% of other Druids between levels 31 and 40.
chr_1410,Druid,31-40,154.4,75,80,51.0,Your damage per second is higher than 51% of other Druids between levels 31 and 40.
chr_0001,Druid,31-40,154.4,72,80,50.0,Your damage per second is higher than 50% of other Druids between levels 31 and 40.
chr_1615,Druid,31-40,154.0,77,80,49.0,Your damage per second is higher than 49% of other Druids between levels 31 and 40.
chr_0880,Druid,31-40,153.4,72,80,48.0,Your damage per second is higher than 48% of other Druids between levels 31 and 40.
chr_0663,Druid,31-40,153.2,75,80,46.0,Your damage per second is higher than 46% of other Druids between levels 31 and 40.
chr_1593,Druid,31-40,152.7,78,80,45.0,Your damage per second is higher than 45% of other Druids between levels 31 and 40.
chr_1135,Druid,31-40,152.4,20,80,44.0,Your damage per second is higher than 44% of other Druids between levels 31 and 40.
chr_0482,Druid,31-40,152.2,74,80,43.0,Your damage per second is higher than 43% of other Druids between levels 31 and 40.
chr_1181,Druid,31-40,151.7,74,80,41.0,Your damage per second is higher than 41% of other Druids between levels 31 and 40.
chr_1663,Druid,31-40,151.5,74,80,40.0,Your damage per second is higher than 40% of other Druids between levels 31 and 40.
chr_1524,Druid,31-40,151.0,17,80,39.0,Your damage per second is higher than 39% of other Druids between levels 31 and 40.
chr_0539,Druid,31-40,150.8,76,80,38.0,Your damage per second is higher than 38% of other Druids between levels 31 and 40.
chr_0388,Druid,31-40,150.4,71,80,36.0,Your damage per second is higher than 36% of other Druids between levels 31 and 40.
chr_1124,Druid,31-40,149.4,47,80,35.0,Your damage per second is higher than 35% of other Druids between levels 31 and 40.
chr_0878,Druid,31-40,149.1,25,80,34.0,Your damage per second is higher than 34% of other Druids between levels 31 and 40.
chr_0202,Druid,31-40,148.7,72,80,33.0,Your damage per second is higher than 33% of other Druids between levels 31 and 40.
chr_1355,Druid,31-40,148.6,75,80,31.0,Your damage per second is higher than 31% of other Druids between levels 31 and 40.
chr_1264,Druid,31-40,147.2,91,80,30.0,Your damage per second is higher than 30% of other Druids between levels 31 and 40.
chr_0057,Druid,31-40,146.6,73,80,29.0,Your damage per second is higher than 29% of other Druids between levels 31 and 40.
chr_1294,Druid,31-40,146.5,58,80,28.0,Your damage per second is higher than 28% of other Druids between levels 31 and 40.
chr_0607,Druid,31-40,145.6,56,80,26.0,Your damage per second is higher than 26% of other Druids between levels 31 and 40.
chr_0752,Druid,31-40,144.9,52,80,25.0,Your damage per second is higher than 25% of other Druids between levels 31 and 40.
chr_0153,Druid,31-40,141.9,22,80,24.0,Your damage per second is higher than 24% of other Druids between levels 31 and 40.
chr_0272,Druid,31-40,141.5,29,80,23.0,Your damage per second is higher than 23% of other Druids between levels 31 and 40.
chr_1413,Druid,31-40,140.4,52,80,21.0,Your damage per second is higher than 21% of other Druids between levels 31 and 40.
chr_0686,Druid,31-40,138.6,40,80,20.0,Your damage per second is higher than 20% of other Druids between levels 31 and 40.
chr_0614,Druid,31-40,138.6,25,80,19.0,Your damage per second is higher than 19% of other Druids between levels 31 and 40.
chr_1149,Druid,31-40,138.5,50,80,18.0,Your damage per second is higher than 18% of other Druids between levels 31 and 40.
chr_0259,Druid,31-40,135.8,16,80,16.0,Your damage per second is higher than 16% of other Druids between levels 31 and 40.
chr_1136,Druid,31-40,135.1,33,80,15.0,Your damage per second is higher than 15% of other Druids between levels 31 and 40.
chr_0640,Druid,31-40,134.0,19,80,14.0,Your damage per second is higher than 14% of other Druids between levels 31 and 40.
chr_1539,Druid,31-40,130.1,61,80,13.0,Your damage per second is higher than 13% of other Druids between levels 31 and 40.
chr_1190,Druid,31-40,129.6,27,80,11.0,Your damage per second is higher than 11% of other Druids between levels 31 and 40.
chr_0970,Druid,31-40,127.3,54,80,10.0,Your damage per second is higher than 10% of other Druids between levels 31 and 40.
chr_1195,Druid,31-40,127.2,48,80,9.0,Your damage per second is higher than 9% of other Druids between levels 31 and 40.
chr_1740,Druid,31-40,124.7,34,80,8.0,Your damage per second is higher than 8% of other Druids between levels 31 and 40.
chr_1763,Druid,31-40,123.2,21,80,6.0,Your damage per second is higher than 6% of other Druids between levels 31 and 40.
chr_1056,Druid,31-40,122.6,34,80,5.0,Your damage per second is higher than 5% of other Druids between levels 31 and 40.
chr_1329,Druid,31-40,122.3,17,80,4.0,Your damage per second is higher than 4% of other Druids between levels 31 and 40.
chr_1676,Druid,31-40,113.6,33,80,3.0,Your damage per second is higher than 3% of other Druids between levels 31 and 40.
chr_0617,Druid,31-40,110.2,19,80,1.0,Your damage per second is higher than 1% of other Druids between levels 31 and 40.
chr_1640,Druid,31-40,91.5,23,80,0.0,Your damage per second is higher than 0% of other Druids between levels 31 and 40.
chr_1279,Druid,41-50,217.4,16,90,100.0,Your damage per second is higher than 100% of other Druids between levels 41 and 50.
chr_0177,Druid,41-50,213.8,33,90,99.0,Your damage per second is higher than 99% of other Druids between levels 41 and 50.
chr_0918,Druid,41-50,213.5,11,90,98.0,Your damage per second is higher than 98% of other Druids between levels 41 and 50.
chr_0810,Druid,41-50,213.3,14,90,97.0,Your damage per second is higher than 97% of other Druids between levels 41 and 50.
chr_0458,Druid,41-50,209.4,44,90,96.0,Your damage per second is higher than 96% of other Druids between levels 41 and 50.
chr_0658,Druid,41-50,206.0,84,90,94.0,Your damage per second is higher than 94% of other Druids between levels 41 and 50.
chr_0937,Druid,41-50,202.6,84,90,93.0,Your damage per second is higher than 93% of other Druids between levels 41 and 50.
chr_1712,Druid,41-50,200.8,101,90,92.0,Your damage per second is higher than 92% of other Druids between levels 41 and 50.
chr_0466,Druid,41-50,199.5,95,90,91.0,Your damage per second is higher than 91% of other Druids between levels 41 and 50.
chr_0380,Druid,41-50,199.0,93,90,90.0,Your damage per second is higher than 90% of other Druids between levels 41 and 50.
chr_0033,Druid,41-50,198.8,94,90,89.0,Your damage per second is higher than 89% of other Druids between levels 41 and 50.
chr_1181,Druid,41-50,198.7,95,90,88.0,Your damage per second is higher than 88% of other Druids between levels 41 and 50.
chr_1334,Druid,41-50,198.6,94,90,87.0,Your damage per second is higher than 87% of other Druids between levels 41 and 50.
chr_1449,Druid,41-50,198.5,94,90,86.0,Your damage per second is higher than 86% of other Druids between levels 41 and 50.
chr_1282,Druid,41-50,198.5,95,90,84.0,Your damage per second is higher than 84% of other Druids between levels 41 and 50.
chr_1427,Druid,41-50,198.4,94,90,83.0,Your damage per second is higher than 83% of other Druids between levels 41 and 50.
chr_0558,Druid,41-50,198.2,94,90,82.0,Your damage per second is higher than 82% of other Druids between levels 41 and 50.
chr_0184,Druid,41-50,198.1,94,90,81.0,Your damage per second is higher than 81% of other Druids between levels 41 and 50.
chr_1556,Druid,41-50,198.0,94,90,80.0,Your damage per second is higher than 80% of other Druids between levels 41 and 50.
chr_1134,Druid,41-50,198.0,97,90,79.0,Your damage per second is higher than 79% of other Druids between levels 41 and 50.
chr_1023,Druid,41-50,198.0,92,90,78.0,Your damage per second is higher than 78% of other Druids between levels 41 and 50.
chr_0575,Druid,41-50,197.5,93,90,77.0,Your damage per second is higher than 77% of other Druids between levels 41 and 50.
chr_1754,Druid,41-50,197.4,93,90,76.0,Your damage per second is higher than 76% of other Druids between levels 41 and 50.
chr_1732,Druid,41-50,197.4,94,90,74.0,Your damage per second is higher than 74% of other Druids between levels 41 and 50.
chr_1605,Druid,41-50,197.3,93,90,73.0,Your damage per second is higher than 73% of other Druids between levels 41 and 50.
chr_0170,Druid,41-50,197.3,93,90,72.0,Your damage per second is higher than 72% of other Druids between levels 41 and 50.
chr_1192,Druid,41-50,197.3,36,90,71.0,Your damage per second is higher than 71% of other Druids between levels 41 and 50.
chr_0748,Druid,41-50,197.2,95,90,70.0,Your damage per second is higher than 70% of other Druids between levels 41 and 50.
chr_1138,Druid,41-50,197.2,95,90,69.0,Your damage per second is higher than 69% of other Druids between levels 41 and 50.
chr_1130,Druid,41-50,196.7,95,90,68.0,Your damage per second is higher than 68% of other Druids between levels 41 and 50.
chr_0479,Druid,41-50,196.6,93,90,67.0,Your damage per second is higher than 67% of other Druids between levels 41 and 50.
chr_0243,Druid,41-50,196.1,93,90,66.0,Your damage per second is higher than 66% of other Druids between levels 41 and 50.
chr_1219,Druid,41-50,196.0,95,90,64.0,Your damage per second is higher than 64% of other Druids between levels 41 and 50.
chr_0482,Druid,41-50,195.7,94,90,63.0,Your damage per second is higher than 63% of other Druids between levels 41 and 50.
chr_0305,Druid,41-50,195.7,95,90,62.0,Your damage per second is higher than 62% of other Druids between levels 41 and 50.
chr_1263,Druid,41-50,195.7,93,90,61.0,Your damage per second is higher than 61% of other Druids between levels 41 and 50.
chr_1615,Druid,41-50,195.5,96,90,60.0,Your damage per second is higher than 60% of other Druids between levels 41 and 50.
chr_1526,Druid,41-50,195.4,93,90,59.0,Your damage per second is higher than 59% of other Druids between levels 41 and 50.
chr_1343,Druid,41-50,195.2,94,90,58.0,Your damage per second is higher than 58% of other Druids between levels 41 and 50.
chr_1410,Druid,41-50,195.1,94,90,57.0,Your damage per second is higher than 57% of other Druids between levels 41 and 50.
chr_0147,Druid,41-50,195.0,93,90,56.0,Your damage per second is higher than 56% of other Druids between levels 41 and 50.
chr_1714,Druid,41-50,194.9,97,90,54.0,Your damage per second is higher than 54% of other Druids between levels 41 and 50.
chr_0211,Druid,41-50,194.4,93,90,53.0,Your damage per second is higher than 53% of other Druids between levels 41 and 50.
chr_0676,Druid,41-50,194.3,96,90,52.0,Your damage per second is higher than 52% of other Druids between levels 41 and 50.
chr_0057,Druid,41-50,194.0,97,90,51.0,Your damage per second is higher than 51% of other Druids between levels 41 and 50.
chr_1413,Druid,41-50,193.4,43,90,50.0,Your damage per second is higher than 50% of other Druids between levels 41 and 50.
chr_0649,Druid,41-50,193.3,95,90,49.0,Your damage per second is higher than 49% of other Druids between levels 41 and 50.
chr_1170,Druid,41-50,193.1,96,90,48.0,Your damage per second is higher than 48% of other Druids between levels 41 and 50.
chr_0237,Druid,41-50,192.9,116,90,47.0,Your damage per second is higher than 47% of other Druids between levels 41 and 50.
chr_0791,Druid,41-50,192.7,91,90,46.0,Your damage per second is higher than 46% of other Druids between levels 41 and 50.
chr_1590,Druid,41-50,192.6,94,90,44.0,Your damage per second is higher than 44% of other Druids between levels 41 and 50.
chr_1593,Druid,41-50,192.4,92,90,43.0,Your damage per second is higher than 43% of other Druids between levels 41 and 50.
chr_1262,Druid,41-50,192.2,90,90,42.0,Your damage per second is higher than 42% of other Druids between levels 41 and 50.
chr_0539,Druid,41-50,192.0,93,90,41.0,Your damage per second is higher than 41% of other Druids between levels 41 and 50.
chr_0947,Druid,41-50,191.9,34,90,40.0,Your damage per second is higher than 40% of other Druids between levels 41 and 50.
chr_1692,Druid,41-50,191.8,90,90,39.0,Your damage per second is higher than 39% of other Druids between levels 41 and 50.
chr_0001,Druid,41-50,191.3,96,90,38.0,Your damage per second is higher than 38% of other Druids between levels 41 and 50.
chr_1663,Druid,41-50,191.1,94,90,37.0,Your damage per second is higher than 37% of other Druids between levels 41 and 50.
chr_1195,Druid,41-50,190.9,95,90,36.0,Your damage per second is higher than 36% of other Druids between levels 41 and 50.
chr_1640,Druid,41-50,190.3,105,90,34.0,Your damage per second is higher than 34% of other Druids between levels 41 and 50.
chr_0971,Druid,41-50,189.9,80,90,33.0,Your damage per second is higher than 33% of other Druids between levels 41 and 50.
chr_1419,Druid,41-50,188.6,20,90,32.0,Your damage per second is higher than 32% of other Druids between levels 41 and 50.
chr_0388,Druid,41-50,188.4,92,90,31.0,Your damage per second is higher than 31% of other Druids between levels 41 and 50.
chr_0942,Druid,41-50,187.4,48,90,30.0,Your damage per second is higher than 30% of other Druids between levels 41 and 50.
chr_1355,Druid,41-50,187.2,96,90,29.0,Your damage per second is higher than 29% of other Druids between levels 41 and 50.
chr_0301,Druid,41-50,187.0,36,90,28.0,Your damage per second is higher than 28% of other Druids between levels 41 and 50.
chr_1135,Druid,41-50,186.5,52,90,27.0,Your damage per second is higher than 27% of other Druids between levels 41 and 50.
chr_1227,Druid,41-50,185.5,22,90,26.0,Your damage per second is higher than 26% of other Druids between levels 41 and 50.
chr_1264,Druid,41-50,185.4,93,90,24.0,Your damage per second is higher than 24% of other Druids between levels 41 and 50.
chr_0663,Druid,41-50,185.3,37,90,23.0,Your damage per second is higher than 23% of other Druids between levels 41 and 50.
chr_0880,Druid,41-50,183.3,39,90,22.0,Your damage per second is higher than 22% of other Druids between levels 41 and 50.
chr_1755,Druid,41-50,183.0,46,90,21.0,Your damage per second is higher than 21% of other Druids between levels 41 and 50.
chr_0202,Druid,41-50,182.0,92,90,20.0,Your damage per second is higher than 20% of other Druids between levels 41 and 50.
chr_0151,Druid,41-50,181.3,60,90,19.0,Your damage per second is higher than 19% of other Druids between levels 41 and 50.
chr_1190,Druid,41-50,177.1,58,90,18.0,Your damage per second is higher than 18% of other Druids between levels 41 and 50.
chr_0272,Druid,41-50,176.8,30,90,17.0,Your damage per second is higher than 17% of other Druids between levels 41 and 50.
chr_0153,Druid,41-50,176.5,38,90,16.0,Your damage per second is higher than 16% of other Druids between levels 41 and 50.
chr_1676,Druid,41-50,174.4,38,90,14.0,Your damage per second is higher than 14% of other Druids between levels 41 and 50.
chr_1151,Druid,41-50,173.4,37,90,13.0,Your damage per second is higher than 13% of other Druids between levels 41 and 50.
chr_0878,Druid,41-50,172.9,38,90,12.0,Your damage per second is higher than 12% of other Druids between levels 41 and 50.
chr_1056,Druid,41-50,171.0,34,90,11.0,Your damage per second is higher than 11% of other Druids between levels 41 and 50.
chr_1294,Druid,41-50,168.6,42,90,10.0,Your damage per second is higher than 10% of other Druids between levels 41 and 50.
chr_0752,Druid,41-50,167.6,34,90,9.0,Your damage per second is higher than 9% of other Druids between levels 41 and 50.
chr_0970,Druid,41-50,165.4,41,90,8.0,Your damage per second is higher than 8% of other Druids between levels 41 and 50.
chr_0614,Druid,41-50,163.6,67,90,7.0,Your damage per second is higher than 7% of other Druids between levels 41 and 50.
chr_1734,Druid,41-50,163.4,93,90,6.0,Your damage per second is higher than 6% of other Druids between levels 41 and 50.
chr_0617,Druid,41-50,161.1,93,90,4.0,Your damage per second is higher than 4% of other Druids between levels 41 and 50.
chr_1740,Druid,41-50,159.6,41,90,3.0,Your damage per second is higher than 3% of other Druids between levels 41 and 50.
chr_1763,Druid,41-50,149.5,56,90,2.0,Your damage per second is higher than 2% of other Druids between levels 41 and 50.
chr_1539,Druid,41-50,145.5,73,90,1.0,Your damage per second is higher than 1% of other Druids between levels 41 and 50.
chr_1149,Druid,41-50,93.0,109,90,0.0,Your damage per second is higher than 0% of other Druids between levels 41 and 50.
chr_0509,Druid,51-60,269.9,10,106,100.0,Your damage per second is higher than 100% of other Druids between levels 51 and 60.
chr_0161,Druid,51-60,260.4,12,106,99.0,Your damage per second is higher than 99% of other Druids between levels 51 and 60.
chr_0783,Druid,51-60,253.2,45,106,98.0,Your damage per second is higher than 98% of other Druids between levels 51 and 60.
chr_1395,Druid,51-60,252.8,23,106,97.0,Your damage per second is higher than 97% of other Druids between levels 51 and 60.
chr_1613,Druid,51-60,252.3,34,106,96.0,Your damage per second is higher than 96% of other Druids between levels 51 and 60.
chr_1621,Druid,51-60,251.1,19,106,95.0,Your damage per second is higher than 95% of other Druids between levels 51 and 60.
chr_0642,Druid,51-60,250.1,26,106,94.0,Your damage per second is higher than 94% of other Druids between levels 51 and 60.
chr_1349,Druid,51-60,249.5,37,106,93.0,Your damage per second is higher than 93% of other Druids between levels 51 and 60.
chr_1487,Druid,51-60,248.5,20,106,92.0,Your damage per second is higher than 92% of other Druids between levels 51 and 60.
chr_0019,Druid,51-60,247.2,60,106,92.0,Your damage per second is higher than 92% of other Druids between levels 51 and 60.
chr_0198,Druid,51-60,245.1,72,106,91.0,Your damage per second is higher than 91% of other Druids between levels 51 and 60.
chr_0983,Druid,51-60,244.5,30,106,90.0,Your damage per second is higher than 90% of other Druids between levels 51 and 60.
chr_1466,Druid,51-60,244.2,39,106,89.0,Your damage per second is higher than 89% of other Druids between levels 51 and 60.
chr_0479,Druid,51-60,244.0,95,106,88.0,Your damage per second is higher than 88% of other Druids between levels 51 and 60.
chr_0390,Druid,51-60,242.9,90,106,87.0,Your damage per second is higher than 87% of other Druids between levels 51 and 60.
chr_1714,Druid,51-60,241.4,93,106,86.0,Your damage per second is higher than 86% of other Druids between levels 51 and 60.
chr_1219,Druid,51-60,240.7,89,106,85.0,Your damage per second is higher than 85% of other Druids between levels 51 and 60.
chr_0822,Druid,51-60,240.5,98,106,84.0,Your damage per second is higher than 84% of other Druids between levels 51 and 60.
chr_1526,Druid,51-60,240.2,97,106,83.0,Your damage per second is higher than 83% of other Druids between levels 51 and 60.
chr_0458,Druid,51-60,239.8,93,106,82.0,Your damage per second is higher than 82% of other Druids between levels 51 and 60.
chr_1023,Druid,51-60,239.8,96,106,81.0,Your damage per second is higher than 81% of other Druids between levels 51 and 60.
chr_0558,Druid,51-60,239.6,95,106,80.0,Your damage per second is higher than 80% of other Druids between levels 51 and 60.
chr_0211,Druid,51-60,239.5,99,106,79.0,Your damage per second is higher than 79% of other Druids between levels 51 and 60.
chr_0578,Druid,51-60,239.5,112,106,78.0,Your damage per second is higher than 78% of other Druids between levels 51 and 60.
chr_1203,Druid,51-60,239.3,91,106,77.0,Your damage per second is higher than 77% of other Druids between levels 51 and 60.
chr_1343,Druid,51-60,239.2,96,106,76.0,Your damage per second is higher than 76% of other Druids between levels 51 and 60.
chr_1355,Druid,51-60,238.7,94,106,75.0,Your damage per second is higher than 75% of other Druids between levels 51 and 60.
chr_0291,Druid,51-60,238.7,103,106,75.0,Your damage per second is higher than 75% of other Druids between levels 51 and 60.
chr_1205,Druid,51-60,238.6,93,106,74.0,Your damage per second is higher than 74% of other Druids between levels 51 and 60.
chr_1130,Druid,51-60,238.4,92,106,73.0,Your damage per second is higher than 73% of other Druids between levels 51 and 60.
chr_0466,Druid,51-60,238.1,97,106,72.0,Your damage per second is higher than 72% of other Druids between levels 51 and 60.
chr_0170,Druid,51-60,238.0,102,106,71.0,Your damage per second is higher than 71% of other Druids between levels 51 and 60.
chr_0504,Druid,51-60,237.9,101,106,70.0,Your damage per second is higher than 70% of other Druids between levels 51 and 60.
chr_0937,Druid,51-60,237.8,99,106,69.0,Your damage per second is higher than 69% of other Druids between levels 51 and 60.
chr_1279,Druid,51-60,237.7,98,106,68.0,Your damage per second is higher than 68% of other Druids between levels 51 and 60.
chr_0676,Druid,51-60,237.6,95,106,67.0,Your damage per second is higher than 67% of other Druids between levels 51 and 60.
chr_0380,Druid,51-60,237.6,93,106,66.0,Your damage per second is higher than 66% of other Druids between levels 51 and 60.
chr_1195,Druid,51-60,237.4,95,106,65.0,Your damage per second is higher than 65% of other Druids between levels 51 and 60.
chr_0810,Druid,51-60,237.3,99,106,64.0,Your damage per second is higher than 64% of other Druids between levels 51 and 60.
chr_1264,Druid,51-60,237.1,94,106,63.0,Your damage per second is higher than 63% of other Druids between levels 51 and 60.
chr_1507,Druid,51-60,236.9,75,106,62.0,Your damage per second is higher than 62% of other Druids between levels 51 and 60.
chr_0658,Druid,51-60,236.6,95,106,61.0,Your damage per second is higher than 61% of other Druids between levels 51 and 60.
chr_1282,Druid,51-60,236.5,94,106,60.0,Your damage per second is higher than 60% of other Druids between levels 51 and 60.
chr_0656,Druid,51-60,236.2,93,106,59.0,Your damage per second is higher than 59% of other Druids between levels 51 and 60.
chr_1334,Druid,51-60,236.0,97,106,58.0,Your damage per second is higher than 58% of other Druids between levels 51 and 60.
chr_1732,Druid,51-60,235.8,98,106,58.0,Your damage per second is higher than 58% of other Druids between levels 51 and 60.
chr_0748,Druid,51-60,235.8,95,106,57.0,Your damage per second is higher than 57% of other Druids between levels 51 and 60.
chr_0033,Druid,51-60,235.6,91,106,56.0,Your damage per second is higher than 56% of other Druids between levels 51 and 60.
chr_0683,Druid,51-60,235.5,49,106,55.0,Your damage per second is higher than 55% of other Druids between levels 51 and 60.
chr_1712,Druid,51-60,235.3,96,106,54.0,Your damage per second is higher than 54% of other Druids between levels 51 and 60.
chr_1663,Druid,51-60,234.8,98,106,53.0,Your damage per second is higher than 53% of other Druids between levels 51 and 60.
chr_1263,Druid,51-60,234.6,107,106,52.0,Your damage per second is higher than 52% of other Druids between levels 51 and 60.
chr_1170,Druid,51-60,234.5,102,106,51.0,Your damage per second is higher than 51% of other Druids between levels 51 and 60.
chr_0243,Druid,51-60,234.4,92,106,50.0,Your damage per second is higher than 50% of other Druids between levels 51 and 60.
chr_1692,Druid,51-60,234.3,97,106,49.0,Your damage per second is higher than 49% of other Druids between levels 51 and 60.
chr_1758,Druid,51-60,234.2,92,106,48.0,Your damage per second is higher than 48% of other Druids between levels 51 and 60.
chr_0147,Druid,51-60,234.1,48,106,47.0,Your damage per second is higher than 47% of other Druids between levels 51 and 60.
chr_0649,Druid,51-60,233.7,95,106,46.0,Your damage per second is higher than 46% of other Druids between levels 51 and 60.
chr_0001,Druid,51-60,233.6,97,106,45.0,Your damage per second is higher than 45% of other Druids between levels 51 and 60.
chr_0184,Druid,51-60,233.4,78,106,44.0,Your damage per second is higher than 44% of other Druids between levels 51 and 60.
chr_1427,Druid,51-60,232.8,93,106,43.0,Your damage per second is higher than 43% of other Druids between levels 51 and 60.
chr_1590,Druid,51-60,232.6,88,106,42.0,Your damage per second is higher than 42% of other Druids between levels 51 and 60.
chr_0942,Druid,51-60,232.4,87,106,42.0,Your damage per second is higher than 42% of other Druids between levels 51 and 60.
chr_1410,Druid,51-60,232.3,92,106,41.0,Your damage per second is higher than 41% of other Druids between levels 51 and 60.
chr_0057,Druid,51-60,232.1,75,106,40.0,Your damage per second is higher than 40% of other Druids between levels 51 and 60.
chr_0971,Druid,51-60,230.9,89,106,39.0,Your damage per second is higher than 39% of other Druids between levels 51 and 60.
chr_0202,Druid,51-60,230.8,92,106,38.0,Your damage per second is higher than 38% of other Druids between levels 51 and 60.
chr_1593,Druid,51-60,230.2,88,106,37.0,Your damage per second is higher than 37% of other Druids between levels 51 and 60.
chr_1754,Druid,51-60,229.1,101,106,36.0,Your damage per second is higher than 36% of other Druids between levels 51 and 60.
chr_1262,Druid,51-60,228.9,93,106,35.0,Your damage per second is higher than 35% of other Druids between levels 51 and 60.
chr_0388,Druid,51-60,228.2,60,106,34.0,Your damage per second is higher than 34% of other Druids between levels 51 and 60.
chr_1134,Druid,51-60,228.1,117,106,33.0,Your damage per second is higher than 33% of other Druids between levels 51 and 60.
chr_1449,Druid,51-60,227.6,57,106,32.0,Your damage per second is higher than 32% of other Druids between levels 51 and 60.
chr_1294,Druid,51-60,227.3,97,106,31.0,Your damage per second is higher than 31% of other Druids between levels 51 and 60.
chr_1615,Druid,51-60,226.9,60,106,30.0,Your damage per second is higher than 30% of other Druids between levels 51 and 60.
chr_1135,Druid,51-60,226.8,94,106,29.0,Your damage per second is higher than 29% of other Druids between levels 51 and 60.
chr_0878,Druid,51-60,226.7,75,106,28.0,Your damage per second is higher than 28% of other Druids between levels 51 and 60.
chr_0791,Druid,51-60,226.0,72,106,27.0,Your damage per second is higher than 27% of other Druids between levels 51 and 60.
chr_0305,Druid,51-60,226.0,100,106,26.0,Your damage per second is higher than 26% of other Druids between levels 51 and 60.
chr_0575,Druid,51-60,225.9,36,106,25.0,Your damage per second is higher than 25% of other Druids between levels 51 and 60.
chr_0482,Druid,51-60,224.3,16,106,25.0,Your damage per second is higher than 25% of other Druids between levels 51 and 60.
chr_0237,Druid,51-60,224.1,62,106,24.0,Your damage per second is higher than 24% of other Druids between levels 51 and 60.
chr_1556,Druid,51-60,222.7,48,106,23.0,Your damage per second is higher than 23% of other Druids between levels 51 and 60.
chr_0301,Druid,51-60,222.3,53,106,22.0,Your damage per second is higher than 22% of other Druids between levels 51 and 60.
chr_1192,Druid,51-60,218.8,28,106,21.0,Your damage per second is higher than 21% of other Druids between levels 51 and 60.
chr_1640,Druid,51-60,218.7,97,106,20.0,Your damage per second is higher than 20% of other Druids between levels 51 and 60.
chr_1485,Druid,51-60,217.2,41,106,19.0,Your damage per second is higher than 19% of other Druids between levels 51 and 60.
chr_1413,Druid,51-60,217.1,40,106,18.0,Your damage per second is higher than 18% of other Druids between levels 51 and 60.
chr_0947,Druid,51-60,216.5,49,106,17.0,Your damage per second is higher than 17% of other Druids between levels 51 and 60.
chr_1657,Druid,51-60,215.8,68,106,16.0,Your damage per second is higher than 16% of other Druids between levels 51 and 60.
chr_0177,Druid,51-60,214.9,13,106,15.0,Your damage per second is higher than 15% of other Druids between levels 51 and 60.
chr_1734,Druid,51-60,214.1,90,106,14.0,Your damage per second is higher than 14% of other Druids between levels 51 and 60.
chr_1190,Druid,51-60,208.6,44,106,13.0,Your damage per second is higher than 13% of other Druids between levels 51 and 60.
chr_0970,Druid,51-60,206.6,64,106,12.0,Your damage per second is higher than 12% of other Druids between levels 51 and 60.
chr_0727,Druid,51-60,206.5,84,106,11.0,Your damage per second is higher than 11% of other Druids between levels 51 and 60.
chr_1149,Druid,51-60,206.4,57,106,10.0,Your damage per second is higher than 10% of other Druids between levels 51 and 60.
chr_1539,Druid,51-60,204.6,92,106,9.0,Your damage per second is higher than 9% of other Druids between levels 51 and 60.
chr_0614,Druid,51-60,202.5,55,106,8.0,Your damage per second is higher than 8% of other Druids between levels 51 and 60.
chr_0617,Druid,51-60,199.7,103,106,8.0,Your damage per second is higher than 8% of other Druids between levels 51 and 60.
chr_0752,Druid,51-60,197.2,52,106,7.0,Your damage per second is higher than 7% of other Druids between levels 51 and 60.
chr_1056,Druid,51-60,196.7,50,106,6.0,Your damage per second is higher than 6% of other Druids between levels 51 and 60.
chr_0153,Druid,51-60,191.4,43,106,5.0,Your damage per second is higher than 5% of other Druids between levels 51 and 60.
chr_1676,Druid,51-60,188.9,53,106,4.0,Your damage per second is higher than 4% of other Druids between levels 51 and 60.
chr_1151,Druid,51-60,186.4,19,106,3.0,Your damage per second is higher than 3% of other Druids between levels 51 and 60.
chr_1740,Druid,51-60,182.6,57,106,2.0,Your damage per second is higher than 2% of other Druids between levels 51 and 60.
chr_1763,Druid,51-60,174.6,44,106,1.0,Your damage per second is higher than 1% of other Druids between levels 51 and 60.
chr_0576,Druid,51-60,134.4,16,106,0.0,Your damage per second is higher than 0% of other Druids between levels 51 and 60.
chr_0120,Druid,61-70,301.6,505,113,100.0,Your damage per second is higher than 100% of other Druids between levels 61 and 70.
chr_1198,Druid,61-70,300.5,1758,113,99.0,Your damage per second is higher than 99% of other Druids between levels 61 and 70.
chr_1061,Druid,61-70,300.4,1798,113,98.0,Your damage per second is higher than 98% of other Druids between levels 61 and 70.
chr_1706,Druid,61-70,300.1,1076,113,97.0,Your damage per second is higher than 97% of other Druids between levels 61 and 70.
chr_1279,Druid,61-70,300.1,1514,113,96.0,Your damage per second is higher than 96% of other Druids between levels 61 and 70.
chr_1714,Druid,61-70,300.0,1642,113,96.0,Your damage per second is higher than 96% of other Druids between levels 61 and 70.
chr_1263,Druid,61-70,300.0,1059,113,95.0,Your damage per second is higher than 95% of other Druids between levels 61 and 70.
chr_1203,Druid,61-70,299.9,1791,113,94.0,Your damage per second is higher than 94% of other Druids between levels 61 and 70.
chr_0748,Druid,61-70,299.9,1402,113,93.0,Your damage per second is higher than 93% of other Druids between levels 61 and 70.
chr_0376,Druid,61-70,299.9,2170,113,92.0,Your damage per second is higher than 92% of other Druids between levels 61 and 70.
chr_0810,Druid,61-70,299.7,2135,113,91.0,Your damage per second is higher than 91% of other Druids between levels 61 and 70.
chr_1657,Druid,61-70,299.7,1410,113,90.0,Your damage per second is higher than 90% of other Druids between levels 61 and 70.
chr_1712,Druid,61-70,299.6,1976,113,89.0,Your damage per second is higher than 89% of other Druids between levels 61 and 70.
chr_1427,Druid,61-70,299.6,1661,113,88.0,Your damage per second is higher than 88% of other Druids between levels 61 and 70.
chr_1692,Druid,61-70,299.6,1825,113,88.0,Your damage per second is higher than 88% of other Druids between levels 61 and 70.
chr_0184,Druid,61-70,299.4,1931,113,87.0,Your damage per second is higher than 87% of other Druids between levels 61 and 70.
chr_1395,Druid,61-70,299.3,1374,113,86.0,Your damage per second is higher than 86% of other Druids between levels 61 and 70.
chr_1023,Druid,61-70,299.2,1767,113,85.0,Your damage per second is higher than 85% of other Druids between levels 61 and 70.
chr_0211,Druid,61-70,299.0,1264,113,84.0,Your damage per second is higher than 84% of other Druids between levels 61 and 70.
chr_0558,Druid,61-70,299.0,2157,113,83.0,Your damage per second is higher than 83% of other Druids between levels 61 and 70.
chr_1219,Druid,61-70,299.0,1568,113,82.0,Your damage per second is higher than 82% of other Druids between levels 61 and 70.
chr_0147,Druid,61-70,298.8,1663,113,81.0,Your damage per second is higher than 81% of other Druids between levels 61 and 70.
chr_0614,Druid,61-70,298.8,1597,113,81.0,Your damage per second is higher than 81% of other Druids between levels 61 and 70.
chr_0568,Druid,61-70,298.6,435,113,80.0,Your damage per second is higher than 80% of other Druids between levels 61 and 70.
chr_0509,Druid,61-70,298.6,1839,113,79.0,Your damage per second is higher than 79% of other Druids between levels 61 and 70.
chr_0243,Druid,61-70,298.3,718,113,78.0,Your damage per second is higher than 78% of other Druids between levels 61 and 70.
chr_1621,Druid,61-70,298.1,687,113,77.0,Your damage per second is higher than 77% of other Druids between levels 61 and 70.
chr_0305,Druid,61-70,296.8,749,113,76.0,Your damage per second is higher than 76% of other Druids between levels 61 and 70.
chr_0639,Druid,61-70,296.7,381,113,75.0,Your damage per second is higher than 75% of other Druids between levels 61 and 70.
chr_0642,Druid,61-70,296.1,424,113,74.0,Your damage per second is higher than 74% of other Druids between levels 61 and 70.
chr_1343,Druid,61-70,295.8,386,113,73.0,Your damage per second is higher than 73% of other Druids between levels 61 and 70.
chr_1334,Druid,61-70,295.6,675,113,73.0,Your damage per second is higher than 73% of other Druids between levels 61 and 70.
chr_1130,Druid,61-70,295.1,439,113,72.0,Your damage per second is higher than 72% of other Druids between levels 61 and 70.
chr_0658,Druid,61-70,294.8,317,113,71.0,Your damage per second is higher than 71% of other Druids between levels 61 and 70.
chr_1507,Druid,61-70,294.8,2224,113,70.0,Your damage per second is higher than 70% of other Druids between levels 61 and 70.
chr_1663,Druid,61-70,294.7,347,113,69.0,Your damage per second is higher than 69% of other Druids between levels 61 and 70.
chr_1590,Druid,61-70,294.0,1176,113,68.0,Your damage per second is higher than 68% of other Druids between levels 61 and 70.
chr_1205,Druid,61-70,293.7,279,113,67.0,Your damage per second is higher than 67% of other Druids between levels 61 and 70.
chr_1282,Druid,61-70,293.6,402,113,66.0,Your damage per second is higher than 66% of other Druids between levels 61 and 70.
chr_1734,Druid,61-70,293.4,405,113,65.0,Your damage per second is higher than 65% of other Druids between levels 61 and 70.
chr_0682,Druid,61-70,293.0,336,113,65.0,Your damage per second is higher than 65% of other Druids between levels 61 and 70.
chr_0202,Druid,61-70,293.0,234,113,64.0,Your damage per second is higher than 64% of other Druids between levels 61 and 70.
chr_1466,Druid,61-70,292.8,384,113,63.0,Your damage per second is higher than 63% of other Druids between levels 61 and 70.
chr_1294,Druid,61-70,292.8,287,113,62.0,Your damage per second is higher than 62% of other Druids between levels 61 and 70.
chr_1754,Druid,61-70,292.6,322,113,61.0,Your damage per second is higher than 61% of other Druids between levels 61 and 70.
chr_1451,Druid,61-70,292.4,2059,113,60.0,Your damage per second is higher than 60% of other Druids between levels 61 and 70.
chr_0656,Druid,61-70,292.0,290,113,59.0,Your damage per second is higher than 59% of other Druids between levels 61 and 70.
chr_1264,Druid,61-70,291.8,342,113,58.0,Your damage per second is higher than 58% of other Druids between levels 61 and 70.
chr_0971,Druid,61-70,289.6,2429,113,58.0,Your damage per second is higher than 58% of other Druids between levels 61 and 70.
chr_1195,Druid,61-70,289.6,2287,113,57.0,Your damage per second is higher than 57% of other Druids between levels 61 and 70.
chr_0291,Druid,61-70,289.5,151,113,56.0,Your damage per second is higher than 56% of other Druids between levels 61 and 70.
chr_0693,Druid,61-70,288.0,99,113,55.0,Your damage per second is higher than 55% of other Druids between levels 61 and 70.
chr_0601,Druid,61-70,287.1,71,113,54.0,Your damage per second is higher than 54% of other Druids between levels 61 and 70.
chr_0195,Druid,61-70,287.1,75,113,53.0,Your damage per second is higher than 53% of other Druids between levels 61 and 70.
chr_1134,Druid,61-70,286.6,1467,113,52.0,Your damage per second is higher than 52% of other Druids between levels 61 and 70.
chr_0019,Druid,61-70,286.4,1900,113,51.0,Your damage per second is higher than 51% of other Druids between levels 61 and 70.
chr_0020,Druid,61-70,286.4,1389,113,50.0,Your damage per second is higher than 50% of other Druids between levels 61 and 70.
chr_0301,Druid,61-70,286.0,236,113,50.0,Your damage per second is higher than 50% of other Druids between levels 61 and 70.
chr_1732,Druid,61-70,285.9,194,113,49.0,Your damage per second is higher than 49% of other Druids between levels 61 and 70.
chr_0504,Druid,61-70,280.9,148,113,48.0,Your damage per second is higher than 48% of other Druids between levels 61 and 70.
chr_0983,Druid,61-70,280.4,305,113,47.0,Your damage per second is higher than 47% of other Druids between levels 61 and 70.
chr_0198,Druid,61-70,280.2,118,113,46.0,Your damage per second is higher than 46% of other Druids between levels 61 and 70.
chr_0061,Druid,61-70,280.0,170,113,45.0,Your damage per second is higher than 45% of other Druids between levels 61 and 70.
chr_1695,Druid,61-70,279.0,2772,113,44.0,Your damage per second is higher than 44% of other Druids between levels 61 and 70.
chr_0390,Druid,61-70,278.2,101,113,43.0,Your damage per second is higher than 43% of other Druids between levels 61 and 70.
chr_0380,Druid,61-70,278.1,83,113,42.0,Your damage per second is higher than 42% of other Druids between levels 61 and 70.
chr_1355,Druid,61-70,278.1,125,113,42.0,Your damage per second is higher than 42% of other Druids between levels 61 and 70.
chr_1676,Druid,61-70,278.1,1495,113,41.0,Your damage per second is higher than 41% of other Druids between levels 61 and 70.
chr_1640,Druid,61-70,277.7,2127,113,40.0,Your damage per second is higher than 40% of other Druids between levels 61 and 70.
chr_1539,Druid,61-70,276.4,2353,113,39.0,Your damage per second is higher than 39% of other Druids between levels 61 and 70.
chr_0237,Druid,61-70,276.2,447,113,38.0,Your damage per second is higher than 38% of other Druids between levels 61 and 70.
chr_0565,Druid,61-70,275.9,762,113,37.0,Your damage per second is higher than 37% of other Druids between levels 61 and 70.
chr_0578,Druid,61-70,274.6,2356,113,36.0,Your damage per second is higher than 36% of other Druids between levels 61 and 70.
chr_1262,Druid,61-70,274.1,511,113,35.0,Your damage per second is higher than 35% of other Druids between levels 61 and 70.
chr_0576,Druid,61-70,273.6,1396,113,35.0,Your damage per second is higher than 35% of other Druids between levels 61 and 70.
chr_0495,Druid,61-70,273.1,753,113,34.0,Your damage per second is higher than 34% of other Druids between levels 61 and 70.
chr_0617,Druid,61-70,273.1,2235,113,33.0,Your damage per second is higher than 33% of other Druids between levels 61 and 70.
chr_1056,Druid,61-70,273.1,1573,113,32.0,Your damage per second is higher than 32% of other Druids between levels 61 and 70.
chr_1758,Druid,61-70,272.5,287,113,31.0,Your damage per second is higher than 31% of other Druids between levels 61 and 70.
chr_0161,Druid,61-70,271.9,555,113,30.0,Your damage per second is higher than 30% of other Druids between levels 61 and 70.
chr_0783,Druid,61-70,271.0,78,113,29.0,Your damage per second is higher than 29% of other Druids between levels 61 and 70.
chr_0752,Druid,61-70,270.9,543,113,28.0,Your damage per second is higher than 28% of other Druids between levels 61 and 70.
chr_1135,Druid,61-70,270.7,337,113,27.0,Your damage per second is higher than 27% of other Druids between levels 61 and 70.
chr_1487,Druid,61-70,270.4,2391,113,27.0,Your damage per second is higher than 27% of other Druids between levels 61 and 70.
chr_1485,Druid,61-70,269.8,624,113,26.0,Your damage per second is higher than 26% of other Druids between levels 61 and 70.
chr_1302,Druid,61-70,269.5,2101,113,25.0,Your damage per second is higher than 25% of other Druids between levels 61 and 70.
chr_0292,Druid,61-70,269.1,1986,113,24.0,Your damage per second is higher than 24% of other Druids between levels 61 and 70.
chr_0458,Druid,61-70,269.1,72,113,23.0,Your damage per second is higher than 23% of other Druids between levels 61 and 70.
chr_0886,Druid,61-70,267.5,52,113,22.0,Your damage per second is higher than 22% of other Druids between levels 61 and 70.
chr_1413,Druid,61-70,267.4,479,113,21.0,Your damage per second is higher than 21% of other Druids between levels 61 and 70.
chr_0466,Druid,61-70,267.3,74,113,20.0,Your damage per second is higher than 20% of other Druids between levels 61 and 70.
chr_0636,Druid,61-70,267.1,388,113,19.0,Your damage per second is higher than 19% of other Druids between levels 61 and 70.
chr_0170,Druid,61-70,266.6,83,113,19.0,Your damage per second is higher than 19% of other Druids between levels 61 and 70.
chr_0479,Druid,61-70,266.6,56,113,18.0,Your damage per second is higher than 18% of other Druids between levels 61 and 70.
chr_0001,Druid,61-70,266.4,62,113,17.0,Your damage per second is higher than 17% of other Druids between levels 61 and 70.
chr_0856,Druid,61-70,266.0,438,113,16.0,Your damage per second is higher than 16% of other Druids between levels 61 and 70.
chr_0878,Druid,61-70,265.7,451,113,15.0,Your damage per second is higher than 15% of other Druids between levels 61 and 70.
chr_1613,Druid,61-70,264.9,38,113,14.0,Your damage per second is higher than 14% of other Druids between levels 61 and 70.
chr_0970,Druid,61-70,264.7,408,113,13.0,Your damage per second is higher than 13% of other Druids between levels 61 and 70.
chr_1170,Druid,61-70,263.6,42,113,12.0,Your damage per second is higher than 12% of other Druids between levels 61 and 70.
chr_1526,Druid,61-70,263.4,39,113,12.0,Your damage per second is higher than 12% of other Druids between levels 61 and 70.
chr_0727,Druid,61-70,263.0,434,113,11.0,Your damage per second is higher than 11% of other Druids between levels 61 and 70.
chr_0153,Druid,61-70,262.8,886,113,10.0,Your damage per second is higher than 10% of other Druids between levels 61 and 70.
chr_1190,Druid,61-70,260.4,530,113,9.0,Your damage per second is higher than 9% of other Druids between levels 61 and 70.
chr_0937,Druid,61-70,259.4,16,113,8.0,Your damage per second is higher than 8% of other Druids between levels 61 and 70.
chr_0822,Druid,61-70,259.2,13,113,7.0,Your damage per second is higher than 7% of other Druids between levels 61 and 70.
chr_0683,Druid,61-70,258.8,58,113,6.0,Your damage per second is higher than 6% of other Druids between levels 61 and 70.
chr_0649,Druid,61-70,258.2,20,113,5.0,Your damage per second is higher than 5% of other Druids between levels 61 and 70.
chr_0947,Druid,61-70,258.0,772,113,4.0,Your damage per second is higher than 4% of other Druids between levels 61 and 70.
chr_1576,Druid,61-70,257.8,672,113,4.0,Your damage per second is higher than 4% of other Druids between levels 61 and 70.
chr_1763,Druid,61-70,257.3,335,113,3.0,Your damage per second is higher than 3% of other Druids between levels 61 and 70.
chr_0676,Druid,61-70,256.6,28,113,2.0,Your damage per second is higher than 2% of other Druids between levels 61 and 70.
chr_1149,Druid,61-70,241.5,130,113,1.0,Your damage per second is higher than 1% of other Druids between levels 61 and 70.
chr_1740,Druid,61-70,233.6,54,113,0.0,Your damage per second is higher than 0% of other Druids between levels 61 and 70.
chr_0345,Hunter,1-10,54.8,17,43,100.0,Your damage per second is higher than 100% of other Hunters between levels 1 and 10.
chr_1351,Hunter,1-10,54.2,19,43,98.0,Your damage per second is higher than 98% of other Hunters between levels 1 and 10.
chr_0997,Hunter,1-10,52.7,26,43,95.0,Your damage per second is higher than 95% of other Hunters between levels 1 and 10.
chr_1261,Hunter,1-10,52.0,24,43,93.0,Your damage per second is higher than 93% of other Hunters between levels 1 and 10.
chr_0721,Hunter,1-10,51.9,24,43,91.0,Your damage per second is higher than 91% of other Hunters between levels 1 and 10.
chr_1570,Hunter,1-10,51.4,29,43,88.0,Your damage per second is higher than 88% of other Hunters between levels 1 and 10.
chr_0180,Hunter,1-10,50.9,26,43,86.0,Your damage per second is higher than 86% of other Hunters between levels 1 and 10.
chr_0697,Hunter,1-10,47.8,29,43,84.0,Your damage per second is higher than 84% of other Hunters between levels 1 and 10.
chr_0207,Hunter,1-10,47.5,36,43,81.0,Your damage per second is higher than 81% of other Hunters between levels 1 and 10.
chr_1430,Hunter,1-10,47.1,35,43,79.0,Your damage per second is higher than 79% of other Hunters between levels 1 and 10.
chr_0323,Hunter,1-10,46.4,35,43,77.0,Your damage per second is higher than 77% of other Hunters between levels 1 and 10.
chr_1662,Hunter,1-10,45.7,41,43,74.0,Your damage per second is higher than 74% of other Hunters between levels 1 and 10.
chr_1568,Hunter,1-10,45.1,40,43,72.0,Your damage per second is higher than 72% of other Hunters between levels 1 and 10.
chr_0460,Hunter,1-10,44.3,12,43,70.0,Your damage per second is higher than 70% of other Hunters between levels 1 and 10.
chr_0197,Hunter,1-10,44.2,36,43,67.0,Your damage per second is higher than 67% of other Hunters between levels 1 and 10.
chr_0668,Hunter,1-10,40.5,50,43,65.0,Your damage per second is higher than 65% of other Hunters between levels 1 and 10.
chr_0862,Hunter,1-10,40.4,48,43,63.0,Your damage per second is higher than 63% of other Hunters between levels 1 and 10.
chr_1053,Hunter,1-10,40.3,45,43,60.0,Your damage per second is higher than 60% of other Hunters between levels 1 and 10.
chr_0702,Hunter,1-10,40.1,50,43,58.0,Your damage per second is higher than 58% of other Hunters between levels 1 and 10.
chr_0146,Hunter,1-10,40.1,49,43,56.0,Your damage per second is higher than 56% of other Hunters between levels 1 and 10.
chr_0571,Hunter,1-10,40.0,48,43,53.0,Your damage per second is higher than 53% of other Hunters between levels 1 and 10.
chr_0778,Hunter,1-10,40.0,51,43,51.0,Your damage per second is higher than 51% of other Hunters between levels 1 and 10.
chr_1554,Hunter,1-10,39.9,46,43,49.0,Your damage per second is higher than 49% of other Hunters between levels 1 and 10.
chr_0236,Hunter,1-10,39.6,48,43,47.0,Your damage per second is higher than 47% of other Hunters between levels 1 and 10.
chr_0347,Hunter,1-10,39.5,49,43,37.0,Your damage per second is higher than 37% of other Hunters between levels 1 and 10.
chr_1157,Hunter,1-10,39.5,49,43,40.0,Your damage per second is higher than 40% of other Hunters between levels 1 and 10.
chr_0557,Hunter,1-10,39.5,49,43,42.0,Your damage per second is higher than 42% of other Hunters between levels 1 and 10.
chr_1007,Hunter,1-10,39.5,48,43,44.0,Your damage per second is higher than 44% of other Hunters between levels 1 and 10.
chr_0186,Hunter,1-10,39.4,49,43,33.0,Your damage per second is higher than 33% of other Hunters between levels 1 and 10.
chr_0256,Hunter,1-10,39.4,48,43,35.0,Your damage per second is higher than 35% of other Hunters between levels 1 and 10.
chr_1682,Hunter,1-10,39.3,48,43,30.0,Your damage per second is higher than 30% of other Hunters between levels 1 and 10.
chr_1165,Hunter,1-10,39.2,47,43,23.0,Your damage per second is higher than 23% of other Hunters between levels 1 and 10.
chr_0104,Hunter,1-10,39.2,51,43,26.0,Your damage per second is higher than 26% of other Hunters between levels 1 and 10.
chr_1133,Hunter,1-10,39.2,49,43,28.0,Your damage per second is higher than 28% of other Hunters between levels 1 and 10.
chr_0285,Hunter,1-10,39.1,48,43,21.0,Your damage per second is higher than 21% of other Hunters between levels 1 and 10.
chr_0045,Hunter,1-10,39.0,48,43,16.0,Your damage per second is higher than 16% of other Hunters between levels 1 and 10.
chr_1376,Hunter,1-10,39.0,47,43,19.0,Your damage per second is higher than 19% of other Hunters between levels 1 and 10.
chr_0630,Hunter,1-10,38.8,48,43,14.0,Your damage per second is higher than 14% of other Hunters between levels 1 and 10.
chr_0191,Hunter,1-10,38.6,47,43,9.0,Your damage per second is higher than 9% of other Hunters between levels 1 and 10.
chr_0024,Hunter,1-10,38.6,47,43,7.0,Your damage per second is higher than 7% of other Hunters between levels 1 and 10.
chr_0425,Hunter,1-10,38.6,46,43,12.0,Your damage per second is higher than 12% of other Hunters between levels 1 and 10.
chr_0220,Hunter,1-10,38.5,48,43,5.0,Your damage per second is higher than 5% of other Hunters between levels 1 and 10.
chr_1109,Hunter,1-10,38.4,49,43,2.0,Your damage per second is higher than 2% of other Hunters between levels 1 and 10.
chr_1184,Hunter,1-10,37.4,40,43,0.0,Your damage per second is higher than 0% of other Hunters between levels 1 and 10.
chr_0512,Hunter,11-20,93.2,22,59,100.0,Your damage per second is higher than 100% of other Hunters between levels 11 and 20.
chr_1327,Hunter,11-20,90.2,26,59,98.0,Your damage per second is higher than 98% of other Hunters between levels 11 and 20.
chr_0885,Hunter,11-20,88.1,29,59,97.0,Your damage per second is higher than 97% of other Hunters between levels 11 and 20.
chr_0453,Hunter,11-20,84.3,12,59,95.0,Your damage per second is higher than 95% of other Hunters between levels 11 and 20.
chr_1703,Hunter,11-20,83.4,47,59,93.0,Your damage per second is higher than 93% of other Hunters between levels 11 and 20.
chr_1351,Hunter,11-20,79.0,59,59,92.0,Your damage per second is higher than 92% of other Hunters between levels 11 and 20.
chr_1570,Hunter,11-20,79.0,58,59,90.0,Your damage per second is higher than 90% of other Hunters between levels 11 and 20.
chr_0997,Hunter,11-20,78.7,59,59,88.0,Your damage per second is higher than 88% of other Hunters between levels 11 and 20.
chr_1415,Hunter,11-20,78.7,61,59,86.0,Your damage per second is higher than 86% of other Hunters between levels 11 and 20.
chr_1488,Hunter,11-20,78.6,58,59,85.0,Your damage per second is higher than 85% of other Hunters between levels 11 and 20.
chr_0160,Hunter,11-20,78.5,58,59,83.0,Your damage per second is higher than 83% of other Hunters between levels 11 and 20.
chr_1761,Hunter,11-20,78.0,59,59,81.0,Your damage per second is higher than 81% of other Hunters between levels 11 and 20.
chr_1007,Hunter,11-20,77.9,58,59,80.0,Your damage per second is higher than 80% of other Hunters between levels 11 and 20.
chr_0862,Hunter,11-20,77.7,61,59,78.0,Your damage per second is higher than 78% of other Hunters between levels 11 and 20.
chr_1535,Hunter,11-20,76.8,59,59,76.0,Your damage per second is higher than 76% of other Hunters between levels 11 and 20.
chr_1000,Hunter,11-20,76.6,50,59,75.0,Your damage per second is higher than 75% of other Hunters between levels 11 and 20.
chr_1568,Hunter,11-20,75.9,59,59,73.0,Your damage per second is higher than 73% of other Hunters between levels 11 and 20.
chr_1261,Hunter,11-20,75.6,60,59,71.0,Your damage per second is higher than 71% of other Hunters between levels 11 and 20.
chr_0345,Hunter,11-20,75.4,58,59,69.0,Your damage per second is higher than 69% of other Hunters between levels 11 and 20.
chr_0603,Hunter,11-20,74.6,35,59,68.0,Your damage per second is higher than 68% of other Hunters between levels 11 and 20.
chr_1430,Hunter,11-20,74.4,59,59,66.0,Your damage per second is higher than 66% of other Hunters between levels 11 and 20.
chr_0425,Hunter,11-20,74.0,58,59,64.0,Your damage per second is higher than 64% of other Hunters between levels 11 and 20.
chr_0697,Hunter,11-20,73.6,60,59,63.0,Your damage per second is higher than 63% of other Hunters between levels 11 and 20.
chr_0236,Hunter,11-20,73.6,59,59,61.0,Your damage per second is higher than 61% of other Hunters between levels 11 and 20.
chr_0557,Hunter,11-20,73.5,59,59,59.0,Your damage per second is higher than 59% of other Hunters between levels 11 and 20.
chr_0668,Hunter,11-20,73.4,59,59,58.0,Your damage per second is higher than 58% of other Hunters between levels 11 and 20.
chr_1662,Hunter,11-20,73.3,60,59,56.0,Your damage per second is higher than 56% of other Hunters between levels 11 and 20.
chr_0186,Hunter,11-20,73.2,58,59,51.0,Your damage per second is higher than 51% of other Hunters between levels 11 and 20.
chr_0571,Hunter,11-20,73.2,59,59,53.0,Your damage per second is higher than 53% of other Hunters between levels 11 and 20.
chr_1053,Hunter,11-20,73.2,60,59,54.0,Your damage per second is higher than 54% of other Hunters between levels 11 and 20.
chr_1554,Hunter,11-20,73.0,59,59,49.0,Your damage per second is higher than 49% of other Hunters between levels 11 and 20.
chr_1157,Hunter,11-20,72.8,60,59,47.0,Your damage per second is higher than 47% of other Hunters between levels 11 and 20.
chr_0347,Hunter,11-20,72.6,58,59,46.0,Your damage per second is higher than 46% of other Hunters between levels 11 and 20.
chr_0256,Hunter,11-20,72.5,59,59,44.0,Your damage per second is higher than 44% of other Hunters between levels 11 and 20.
chr_0146,Hunter,11-20,72.4,59,59,42.0,Your damage per second is higher than 42% of other Hunters between levels 11 and 20.
chr_0323,Hunter,11-20,72.1,59,59,41.0,Your damage per second is higher than 41% of other Hunters between levels 11 and 20.
chr_0778,Hunter,11-20,72.0,59,59,39.0,Your damage per second is higher than 39% of other Hunters between levels 11 and 20.
chr_1165,Hunter,11-20,72.0,61,59,37.0,Your damage per second is higher than 37% of other Hunters between levels 11 and 20.
chr_0207,Hunter,11-20,71.8,59,59,36.0,Your damage per second is higher than 36% of other Hunters between levels 11 and 20.
chr_0702,Hunter,11-20,71.2,60,59,34.0,Your damage per second is higher than 34% of other Hunters between levels 11 and 20.
chr_0104,Hunter,11-20,71.2,58,59,32.0,Your damage per second is higher than 32% of other Hunters between levels 11 and 20.
chr_1376,Hunter,11-20,71.2,59,59,31.0,Your damage per second is higher than 31% of other Hunters between levels 11 and 20.
chr_0197,Hunter,11-20,70.8,58,59,29.0,Your damage per second is higher than 29% of other Hunters between levels 11 and 20.
chr_0045,Hunter,11-20,70.7,60,59,27.0,Your damage per second is higher than 27% of other Hunters between levels 11 and 20.
chr_0285,Hunter,11-20,70.6,57,59,25.0,Your damage per second is higher than 25% of other Hunters between levels 11 and 20.
chr_0844,Hunter,11-20,70.6,39,59,24.0,Your damage per second is higher than 24% of other Hunters between levels 11 and 20.
chr_1133,Hunter,11-20,70.2,59,59,22.0,Your damage per second is higher than 22% of other Hunters between levels 11 and 20.
chr_0024,Hunter,11-20,70.1,46,59,20.0,Your damage per second is higher than 20% of other Hunters between levels 11 and 20.
chr_0630,Hunter,11-20,69.9,59,59,19.0,Your damage per second is higher than 19% of other Hunters between levels 11 and 20.
chr_1682,Hunter,11-20,69.9,38,59,17.0,Your damage per second is higher than 17% of other Hunters between levels 11 and 20.
chr_0460,Hunter,11-20,69.2,69,59,15.0,Your damage per second is higher than 15% of other Hunters between levels 11 and 20.
chr_0220,Hunter,11-20,68.8,59,59,14.0,Your damage per second is higher than 14% of other Hunters between levels 11 and 20.
chr_0832,Hunter,11-20,67.3,17,59,12.0,Your damage per second is higher than 12% of other Hunters between levels 11 and 20.
chr_0191,Hunter,11-20,67.2,39,59,10.0,Your damage per second is higher than 10% of other Hunters between levels 11 and 20.
chr_1109,Hunter,11-20,67.2,50,59,8.0,Your damage per second is higher than 8% of other Hunters between levels 11 and 20.
chr_0721,Hunter,11-20,66.9,58,59,7.0,Your damage per second is higher than 7% of other Hunters between levels 11 and 20.
chr_0183,Hunter,11-20,63.7,11,59,5.0,Your damage per second is higher than 5% of other Hunters between levels 11 and 20.
chr_1145,Hunter,11-20,60.3,32,59,3.0,Your damage per second is higher than 3% of other Hunters between levels 11 and 20.
chr_0092,Hunter,11-20,52.1,60,59,2.0,Your damage per second is higher than 2% of other Hunters between levels 11 and 20.
chr_0307,Hunter,11-20,35.2,56,59,0.0,Your damage per second is higher than 0% of other Hunters between levels 11 and 20.
chr_1289,Hunter,21-30,138.1,14,83,100.0,Your damage per second is higher than 100% of other Hunters between levels 21 and 30.
chr_1587,Hunter,21-30,130.7,17,83,99.0,Your damage per second is higher than 99% of other Hunters between levels 21 and 30.
chr_1402,Hunter,21-30,130.6,17,83,98.0,Your damage per second is higher than 98% of other Hunters between levels 21 and 30.
chr_0772,Hunter,21-30,130.3,26,83,96.0,Your damage per second is higher than 96% of other Hunters between levels 21 and 30.
chr_0002,Hunter,21-30,129.4,37,83,95.0,Your damage per second is higher than 95% of other Hunters between levels 21 and 30.
chr_1070,Hunter,21-30,126.7,43,83,94.0,Your damage per second is higher than 94% of other Hunters between levels 21 and 30.
chr_1693,Hunter,21-30,124.7,46,83,93.0,Your damage per second is higher than 93% of other Hunters between levels 21 and 30.
chr_0369,Hunter,21-30,123.9,16,83,92.0,Your damage per second is higher than 92% of other Hunters between levels 21 and 30.
chr_1010,Hunter,21-30,123.3,16,83,90.0,Your damage per second is higher than 90% of other Hunters between levels 21 and 30.
chr_0913,Hunter,21-30,123.1,51,83,89.0,Your damage per second is higher than 89% of other Hunters between levels 21 and 30.
chr_0720,Hunter,21-30,122.6,55,83,88.0,Your damage per second is higher than 88% of other Hunters between levels 21 and 30.
chr_1204,Hunter,21-30,122.1,53,83,87.0,Your damage per second is higher than 87% of other Hunters between levels 21 and 30.
chr_1074,Hunter,21-30,121.8,55,83,86.0,Your damage per second is higher than 86% of other Hunters between levels 21 and 30.
chr_1221,Hunter,21-30,121.3,12,83,84.0,Your damage per second is higher than 84% of other Hunters between levels 21 and 30.
chr_1171,Hunter,21-30,120.4,57,83,83.0,Your damage per second is higher than 83% of other Hunters between levels 21 and 30.
chr_1708,Hunter,21-30,119.9,68,83,82.0,Your damage per second is higher than 82% of other Hunters between levels 21 and 30.
chr_1317,Hunter,21-30,118.8,67,83,81.0,Your damage per second is higher than 81% of other Hunters between levels 21 and 30.
chr_0777,Hunter,21-30,118.5,69,83,80.0,Your damage per second is higher than 80% of other Hunters between levels 21 and 30.
chr_1029,Hunter,21-30,118.4,70,83,78.0,Your damage per second is higher than 78% of other Hunters between levels 21 and 30.
chr_1220,Hunter,21-30,117.8,69,83,77.0,Your damage per second is higher than 77% of other Hunters between levels 21 and 30.
chr_0512,Hunter,21-30,117.7,69,83,76.0,Your damage per second is higher than 76% of other Hunters between levels 21 and 30.
chr_1579,Hunter,21-30,117.6,61,83,75.0,Your damage per second is higher than 75% of other Hunters between levels 21 and 30.
chr_0584,Hunter,21-30,117.6,69,83,73.0,Your damage per second is higher than 73% of other Hunters between levels 21 and 30.
chr_1561,Hunter,21-30,116.1,68,83,72.0,Your damage per second is higher than 72% of other Hunters between levels 21 and 30.
chr_1462,Hunter,21-30,115.8,54,83,71.0,Your damage per second is higher than 71% of other Hunters between levels 21 and 30.
chr_1747,Hunter,21-30,115.7,63,83,70.0,Your damage per second is higher than 70% of other Hunters between levels 21 and 30.
chr_1662,Hunter,21-30,115.6,68,83,69.0,Your damage per second is higher than 69% of other Hunters between levels 21 and 30.
chr_1148,Hunter,21-30,115.4,68,83,67.0,Your damage per second is higher than 67% of other Hunters between levels 21 and 30.
chr_0453,Hunter,21-30,115.1,47,83,66.0,Your damage per second is higher than 66% of other Hunters between levels 21 and 30.
chr_1568,Hunter,21-30,115.0,69,83,65.0,Your damage per second is higher than 65% of other Hunters between levels 21 and 30.
chr_1351,Hunter,21-30,114.9,70,83,64.0,Your damage per second is higher than 64% of other Hunters between levels 21 and 30.
chr_0721,Hunter,21-30,114.3,70,83,63.0,Your damage per second is higher than 63% of other Hunters between levels 21 and 30.
chr_1703,Hunter,21-30,113.9,72,83,61.0,Your damage per second is higher than 61% of other Hunters between levels 21 and 30.
chr_1157,Hunter,21-30,113.8,69,83,60.0,Your damage per second is higher than 60% of other Hunters between levels 21 and 30.
chr_0137,Hunter,21-30,113.6,49,83,59.0,Your damage per second is higher than 59% of other Hunters between levels 21 and 30.
chr_0207,Hunter,21-30,113.3,69,83,58.0,Your damage per second is higher than 58% of other Hunters between levels 21 and 30.
chr_1488,Hunter,21-30,112.2,71,83,57.0,Your damage per second is higher than 57% of other Hunters between levels 21 and 30.
chr_0345,Hunter,21-30,111.6,68,83,55.0,Your damage per second is higher than 55% of other Hunters between levels 21 and 30.
chr_0425,Hunter,21-30,111.5,70,83,54.0,Your damage per second is higher than 54% of other Hunters between levels 21 and 30.
chr_1000,Hunter,21-30,110.6,65,83,53.0,Your damage per second is higher than 53% of other Hunters between levels 21 and 30.
chr_1415,Hunter,21-30,109.8,69,83,52.0,Your damage per second is higher than 52% of other Hunters between levels 21 and 30.
chr_0460,Hunter,21-30,109.8,72,83,51.0,Your damage per second is higher than 51% of other Hunters between levels 21 and 30.
chr_0146,Hunter,21-30,109.6,71,83,49.0,Your damage per second is higher than 49% of other Hunters between levels 21 and 30.
chr_1535,Hunter,21-30,109.3,70,83,48.0,Your damage per second is higher than 48% of other Hunters between levels 21 and 30.
chr_0364,Hunter,21-30,109.1,32,83,47.0,Your damage per second is higher than 47% of other Hunters between levels 21 and 30.
chr_1007,Hunter,21-30,109.1,69,83,46.0,Your damage per second is higher than 46% of other Hunters between levels 21 and 30.
chr_0104,Hunter,21-30,108.8,63,83,45.0,Your damage per second is higher than 45% of other Hunters between levels 21 and 30.
chr_0323,Hunter,21-30,108.7,68,83,43.0,Your damage per second is higher than 43% of other Hunters between levels 21 and 30.
chr_0256,Hunter,21-30,108.6,70,83,42.0,Your damage per second is higher than 42% of other Hunters between levels 21 and 30.
chr_0557,Hunter,21-30,108.5,67,83,41.0,Your damage per second is higher than 41% of other Hunters between levels 21 and 30.
chr_0997,Hunter,21-30,108.1,71,83,40.0,Your damage per second is higher than 40% of other Hunters between levels 21 and 30.
chr_0571,Hunter,21-30,107.6,69,83,39.0,Your damage per second is higher than 39% of other Hunters between levels 21 and 30.
chr_0347,Hunter,21-30,107.4,70,83,37.0,Your damage per second is higher than 37% of other Hunters between levels 21 and 30.
chr_0668,Hunter,21-30,107.3,69,83,36.0,Your damage per second is higher than 36% of other Hunters between levels 21 and 30.
chr_1554,Hunter,21-30,107.2,77,83,35.0,Your damage per second is higher than 35% of other Hunters between levels 21 and 30.
chr_0160,Hunter,21-30,106.9,69,83,34.0,Your damage per second is higher than 34% of other Hunters between levels 21 and 30.
chr_0186,Hunter,21-30,106.9,67,83,33.0,Your damage per second is higher than 33% of other Hunters between levels 21 and 30.
chr_0778,Hunter,21-30,106.5,70,83,31.0,Your damage per second is higher than 31% of other Hunters between levels 21 and 30.
chr_0197,Hunter,21-30,106.4,72,83,30.0,Your damage per second is higher than 30% of other Hunters between levels 21 and 30.
chr_1376,Hunter,21-30,106.4,68,83,29.0,Your damage per second is higher than 29% of other Hunters between levels 21 and 30.
chr_0630,Hunter,21-30,105.8,69,83,28.0,Your damage per second is higher than 28% of other Hunters between levels 21 and 30.
chr_1261,Hunter,21-30,105.7,70,83,27.0,Your damage per second is higher than 27% of other Hunters between levels 21 and 30.
chr_0885,Hunter,21-30,105.5,50,83,25.0,Your damage per second is higher than 25% of other Hunters between levels 21 and 30.
chr_1661,Hunter,21-30,105.0,41,83,24.0,Your damage per second is higher than 24% of other Hunters between levels 21 and 30.
chr_0045,Hunter,21-30,104.9,70,83,23.0,Your damage per second is higher than 23% of other Hunters between levels 21 and 30.
chr_1430,Hunter,21-30,104.6,70,83,22.0,Your damage per second is higher than 22% of other Hunters between levels 21 and 30.
chr_0702,Hunter,21-30,104.5,69,83,20.0,Your damage per second is higher than 20% of other Hunters between levels 21 and 30.
chr_1133,Hunter,21-30,104.1,68,83,19.0,Your damage per second is higher than 19% of other Hunters between levels 21 and 30.
chr_0285,Hunter,21-30,104.0,70,83,18.0,Your damage per second is higher than 18% of other Hunters between levels 21 and 30.
chr_1327,Hunter,21-30,103.5,50,83,17.0,Your damage per second is higher than 17% of other Hunters between levels 21 and 30.
chr_1053,Hunter,21-30,102.8,70,83,16.0,Your damage per second is higher than 16% of other Hunters between levels 21 and 30.
chr_0307,Hunter,21-30,102.7,69,83,14.0,Your damage per second is higher than 14% of other Hunters between levels 21 and 30.
chr_1761,Hunter,21-30,102.6,27,83,13.0,Your damage per second is higher than 13% of other Hunters between levels 21 and 30.
chr_1088,Hunter,21-30,101.0,17,83,12.0,Your damage per second is higher than 12% of other Hunters between levels 21 and 30.
chr_0862,Hunter,21-30,100.7,20,83,11.0,Your damage per second is higher than 11% of other Hunters between levels 21 and 30.
chr_0220,Hunter,21-30,100.7,70,83,10.0,Your damage per second is higher than 10% of other Hunters between levels 21 and 30.
chr_1165,Hunter,21-30,98.1,13,83,8.0,Your damage per second is higher than 8% of other Hunters between levels 21 and 30.
chr_0697,Hunter,21-30,96.6,36,83,7.0,Your damage per second is higher than 7% of other Hunters between levels 21 and 30.
chr_0844,Hunter,21-30,95.2,57,83,6.0,Your damage per second is higher than 6% of other Hunters between levels 21 and 30.
chr_0236,Hunter,21-30,94.7,20,83,5.0,Your damage per second is higher than 5% of other Hunters between levels 21 and 30.
chr_0092,Hunter,21-30,94.4,70,83,4.0,Your damage per second is higher than 4% of other Hunters between levels 21 and 30.
chr_0183,Hunter,21-30,92.5,19,83,2.0,Your damage per second is higher than 2% of other Hunters between levels 21 and 30.
chr_0567,Hunter,21-30,86.4,45,83,1.0,Your damage per second is higher than 1% of other Hunters between levels 21 and 30.
chr_1145,Hunter,21-30,80.6,45,83,0.0,Your damage per second is higher than 0% of other Hunters between levels 21 and 30.
chr_1729,Hunter,31-40,176.4,14,103,100.0,Your damage per second is higher than 100% of other Hunters between levels 31 and 40.
chr_0899,Hunter,31-40,173.5,16,103,99.0,Your damage per second is higher than 99% of other Hunters between levels 31 and 40.
chr_0998,Hunter,31-40,172.4,28,103,98.0,Your damage per second is higher than 98% of other Hunters between levels 31 and 40.
chr_1199,Hunter,31-40,172.0,15,103,97.0,Your damage per second is higher than 97% of other Hunters between levels 31 and 40.
chr_1055,Hunter,31-40,171.9,21,103,96.0,Your damage per second is higher than 96% of other Hunters between levels 31 and 40.
chr_0438,Hunter,31-40,170.5,10,103,95.0,Your damage per second is higher than 95% of other Hunters between levels 31 and 40.
chr_0179,Hunter,31-40,167.9,35,103,94.0,Your damage per second is higher than 94% of other Hunters between levels 31 and 40.
chr_0534,Hunter,31-40,166.7,39,103,93.0,Your damage per second is higher than 93% of other Hunters between levels 31 and 40.
chr_0696,Hunter,31-40,166.4,16,103,92.0,Your damage per second is higher than 92% of other Hunters between levels 31 and 40.
chr_0415,Hunter,31-40,164.1,38,103,91.0,Your damage per second is higher than 91% of other Hunters between levels 31 and 40.
chr_1773,Hunter,31-40,163.4,53,103,90.0,Your damage per second is higher than 90% of other Hunters between levels 31 and 40.
chr_1403,Hunter,31-40,161.9,33,103,89.0,Your damage per second is higher than 89% of other Hunters between levels 31 and 40.
chr_0784,Hunter,31-40,160.7,67,103,88.0,Your damage per second is higher than 88% of other Hunters between levels 31 and 40.
chr_0248,Hunter,31-40,159.7,72,103,87.0,Your damage per second is higher than 87% of other Hunters between levels 31 and 40.
chr_0871,Hunter,31-40,159.5,60,103,86.0,Your damage per second is higher than 86% of other Hunters between levels 31 and 40.
chr_0008,Hunter,31-40,159.1,77,103,85.0,Your damage per second is higher than 85% of other Hunters between levels 31 and 40.
chr_1402,Hunter,31-40,158.5,59,103,84.0,Your damage per second is higher than 84% of other Hunters between levels 31 and 40.
chr_1289,Hunter,31-40,158.0,72,103,83.0,Your damage per second is higher than 83% of other Hunters between levels 31 and 40.
chr_0499,Hunter,31-40,158.0,64,103,83.0,Your damage per second is higher than 83% of other Hunters between levels 31 and 40.
chr_1417,Hunter,31-40,157.8,72,103,82.0,Your damage per second is higher than 82% of other Hunters between levels 31 and 40.
chr_0897,Hunter,31-40,157.7,73,103,81.0,Your damage per second is higher than 81% of other Hunters between levels 31 and 40.
chr_1177,Hunter,31-40,157.4,73,103,80.0,Your damage per second is higher than 80% of other Hunters between levels 31 and 40.
chr_0624,Hunter,31-40,157.4,72,103,79.0,Your damage per second is higher than 79% of other Hunters between levels 31 and 40.
chr_1114,Hunter,31-40,157.0,73,103,78.0,Your damage per second is higher than 78% of other Hunters between levels 31 and 40.
chr_0491,Hunter,31-40,156.5,28,103,77.0,Your damage per second is higher than 77% of other Hunters between levels 31 and 40.
chr_0778,Hunter,31-40,156.3,74,103,76.0,Your damage per second is higher than 76% of other Hunters between levels 31 and 40.
chr_1488,Hunter,31-40,156.3,75,103,75.0,Your damage per second is higher than 75% of other Hunters between levels 31 and 40.
chr_1535,Hunter,31-40,156.2,72,103,74.0,Your damage per second is higher than 74% of other Hunters between levels 31 and 40.
chr_0584,Hunter,31-40,156.1,71,103,73.0,Your damage per second is higher than 73% of other Hunters between levels 31 and 40.
chr_0285,Hunter,31-40,155.7,74,103,72.0,Your damage per second is higher than 72% of other Hunters between levels 31 and 40.
chr_1148,Hunter,31-40,155.6,73,103,71.0,Your damage per second is higher than 71% of other Hunters between levels 31 and 40.
chr_0913,Hunter,31-40,155.6,74,103,70.0,Your damage per second is higher than 70% of other Hunters between levels 31 and 40.
chr_0002,Hunter,31-40,155.2,72,103,69.0,Your damage per second is higher than 69% of other Hunters between levels 31 and 40.
chr_1662,Hunter,31-40,155.2,79,103,68.0,Your damage per second is higher than 68% of other Hunters between levels 31 and 40.
chr_1283,Hunter,31-40,155.0,57,103,67.0,Your damage per second is higher than 67% of other Hunters between levels 31 and 40.
chr_1376,Hunter,31-40,154.9,68,103,66.0,Your damage per second is higher than 66% of other Hunters between levels 31 and 40.
chr_0953,Hunter,31-40,154.8,66,103,65.0,Your damage per second is higher than 65% of other Hunters between levels 31 and 40.
chr_0146,Hunter,31-40,154.7,76,103,64.0,Your damage per second is higher than 64% of other Hunters between levels 31 and 40.
chr_1708,Hunter,31-40,154.7,70,103,63.0,Your damage per second is higher than 63% of other Hunters between levels 31 and 40.
chr_0347,Hunter,31-40,154.6,74,103,62.0,Your damage per second is higher than 62% of other Hunters between levels 31 and 40.
chr_0425,Hunter,31-40,154.4,76,103,61.0,Your damage per second is higher than 61% of other Hunters between levels 31 and 40.
chr_0557,Hunter,31-40,154.2,72,103,60.0,Your damage per second is higher than 60% of other Hunters between levels 31 and 40.
chr_0571,Hunter,31-40,154.2,77,103,59.0,Your damage per second is higher than 59% of other Hunters between levels 31 and 40.
chr_1074,Hunter,31-40,154.0,73,103,58.0,Your damage per second is higher than 58% of other Hunters between levels 31 and 40.
chr_0772,Hunter,31-40,153.9,76,103,57.0,Your damage per second is higher than 57% of other Hunters between levels 31 and 40.
chr_1703,Hunter,31-40,153.6,76,103,56.0,Your damage per second is higher than 56% of other Hunters between levels 31 and 40.
chr_1261,Hunter,31-40,153.5,74,103,55.0,Your damage per second is higher than 55% of other Hunters between levels 31 and 40.
chr_1568,Hunter,31-40,153.4,81,103,54.0,Your damage per second is higher than 54% of other Hunters between levels 31 and 40.
chr_1561,Hunter,31-40,153.4,71,103,53.0,Your damage per second is higher than 53% of other Hunters between levels 31 and 40.
chr_1351,Hunter,31-40,153.0,72,103,52.0,Your damage per second is higher than 52% of other Hunters between levels 31 and 40.
chr_1029,Hunter,31-40,152.9,68,103,51.0,Your damage per second is higher than 51% of other Hunters between levels 31 and 40.
chr_0668,Hunter,31-40,152.7,69,103,50.0,Your damage per second is higher than 50% of other Hunters between levels 31 and 40.
chr_0721,Hunter,31-40,152.2,70,103,50.0,Your damage per second is higher than 50% of other Hunters between levels 31 and 40.
chr_0186,Hunter,31-40,152.1,70,103,49.0,Your damage per second is higher than 49% of other Hunters between levels 31 and 40.
chr_1157,Hunter,31-40,151.7,78,103,48.0,Your damage per second is higher than 48% of other Hunters between levels 31 and 40.
chr_1747,Hunter,31-40,151.5,63,103,47.0,Your damage per second is higher than 47% of other Hunters between levels 31 and 40.
chr_0720,Hunter,31-40,151.4,75,103,46.0,Your damage per second is higher than 46% of other Hunters between levels 31 and 40.
chr_0253,Hunter,31-40,151.2,66,103,45.0,Your damage per second is higher than 45% of other Hunters between levels 31 and 40.
chr_1220,Hunter,31-40,151.2,63,103,44.0,Your damage per second is higher than 44% of other Hunters between levels 31 and 40.
chr_1693,Hunter,31-40,151.1,71,103,43.0,Your damage per second is higher than 43% of other Hunters between levels 31 and 40.
chr_1327,Hunter,31-40,151.1,79,103,42.0,Your damage per second is higher than 42% of other Hunters between levels 31 and 40.
chr_0460,Hunter,31-40,150.7,72,103,41.0,Your damage per second is higher than 41% of other Hunters between levels 31 and 40.
chr_0256,Hunter,31-40,150.5,74,103,40.0,Your damage per second is higher than 40% of other Hunters between levels 31 and 40.
chr_1171,Hunter,31-40,150.4,77,103,39.0,Your damage per second is higher than 39% of other Hunters between levels 31 and 40.
chr_0220,Hunter,31-40,150.2,71,103,38.0,Your damage per second is higher than 38% of other Hunters between levels 31 and 40.
chr_0138,Hunter,31-40,149.9,70,103,37.0,Your damage per second is higher than 37% of other Hunters between levels 31 and 40.
chr_0512,Hunter,31-40,149.8,72,103,36.0,Your damage per second is higher than 36% of other Hunters between levels 31 and 40.
chr_0777,Hunter,31-40,149.6,88,103,35.0,Your damage per second is higher than 35% of other Hunters between levels 31 and 40.
chr_1000,Hunter,31-40,148.7,82,103,34.0,Your damage per second is higher than 34% of other Hunters between levels 31 and 40.
chr_1554,Hunter,31-40,148.6,60,103,33.0,Your damage per second is higher than 33% of other Hunters between levels 31 and 40.
chr_0997,Hunter,31-40,148.5,78,103,32.0,Your damage per second is higher than 32% of other Hunters between levels 31 and 40.
chr_0453,Hunter,31-40,148.3,76,103,31.0,Your damage per second is higher than 31% of other Hunters between levels 31 and 40.
chr_1579,Hunter,31-40,147.8,71,103,30.0,Your damage per second is higher than 30% of other Hunters between levels 31 and 40.
chr_1007,Hunter,31-40,147.8,72,103,29.0,Your damage per second is higher than 29% of other Hunters between levels 31 and 40.
chr_0137,Hunter,31-40,147.3,57,103,28.0,Your damage per second is higher than 28% of other Hunters between levels 31 and 40.
chr_0045,Hunter,31-40,147.2,74,103,27.0,Your damage per second is higher than 27% of other Hunters between levels 31 and 40.
chr_1159,Hunter,31-40,146.1,26,103,26.0,Your damage per second is higher than 26% of other Hunters between levels 31 and 40.
chr_0630,Hunter,31-40,145.8,74,103,25.0,Your damage per second is higher than 25% of other Hunters between levels 31 and 40.
chr_0702,Hunter,31-40,145.5,68,103,24.0,Your damage per second is higher than 24% of other Hunters between levels 31 and 40.
chr_0197,Hunter,31-40,145.3,69,103,23.0,Your damage per second is higher than 23% of other Hunters between levels 31 and 40.
chr_1053,Hunter,31-40,144.9,32,103,22.0,Your damage per second is higher than 22% of other Hunters between levels 31 and 40.
chr_0369,Hunter,31-40,144.1,35,103,21.0,Your damage per second is higher than 21% of other Hunters between levels 31 and 40.
chr_0160,Hunter,31-40,142.9,42,103,20.0,Your damage per second is higher than 20% of other Hunters between levels 31 and 40.
chr_1415,Hunter,31-40,141.6,62,103,19.0,Your damage per second is higher than 19% of other Hunters between levels 31 and 40.
chr_1587,Hunter,31-40,141.1,23,103,18.0,Your damage per second is higher than 18% of other Hunters between levels 31 and 40.
chr_1661,Hunter,31-40,140.7,56,103,17.0,Your damage per second is higher than 17% of other Hunters between levels 31 and 40.
chr_0323,Hunter,31-40,139.8,17,103,17.0,Your damage per second is higher than 17% of other Hunters between levels 31 and 40.
chr_0844,Hunter,31-40,139.3,30,103,16.0,Your damage per second is higher than 16% of other Hunters between levels 31 and 40.
chr_0345,Hunter,31-40,139.2,44,103,15.0,Your damage per second is higher than 15% of other Hunters between levels 31 and 40.
chr_0920,Hunter,31-40,138.8,21,103,14.0,Your damage per second is higher than 14% of other Hunters between levels 31 and 40.
chr_0567,Hunter,31-40,138.5,26,103,13.0,Your damage per second is higher than 13% of other Hunters between levels 31 and 40.
chr_0207,Hunter,31-40,137.7,23,103,12.0,Your damage per second is higher than 12% of other Hunters between levels 31 and 40.
chr_1133,Hunter,31-40,136.0,27,103,11.0,Your damage per second is higher than 11% of other Hunters between levels 31 and 40.
chr_1518,Hunter,31-40,135.4,39,103,10.0,Your damage per second is higher than 10% of other Hunters between levels 31 and 40.
chr_0364,Hunter,31-40,135.2,47,103,9.0,Your damage per second is higher than 9% of other Hunters between levels 31 and 40.
chr_1145,Hunter,31-40,135.1,59,103,8.0,Your damage per second is higher than 8% of other Hunters between levels 31 and 40.
chr_0092,Hunter,31-40,134.5,53,103,7.0,Your damage per second is higher than 7% of other Hunters between levels 31 and 40.
chr_1204,Hunter,31-40,133.3,40,103,6.0,Your damage per second is higher than 6% of other Hunters between levels 31 and 40.
chr_1221,Hunter,31-40,130.8,27,103,5.0,Your damage per second is higher than 5% of other Hunters between levels 31 and 40.
chr_1010,Hunter,31-40,128.5,20,103,4.0,Your damage per second is higher than 4% of other Hunters between levels 31 and 40.
chr_1317,Hunter,31-40,126.0,45,103,3.0,Your damage per second is higher than 3% of other Hunters between levels 31 and 40.
chr_0307,Hunter,31-40,120.3,49,103,2.0,Your damage per second is higher than 2% of other Hunters between levels 31 and 40.
chr_1088,Hunter,31-40,120.1,20,103,1.0,Your damage per second is higher than 1% of other Hunters between levels 31 and 40.
chr_0183,Hunter,31-40,117.4,29,103,0.0,Your damage per second is higher than 0% of other Hunters between levels 31 and 40.
chr_0538,Hunter,41-50,217.7,26,122,100.0,Your damage per second is higher than 100% of other Hunters between levels 41 and 50.
chr_1323,Hunter,41-50,214.8,21,122,99.0,Your damage per second is higher than 99% of other Hunters between levels 41 and 50.
chr_0217,Hunter,41-50,214.6,12,122,98.0,Your damage per second is higher than 98% of other Hunters between levels 41 and 50.
chr_1224,Hunter,41-50,207.2,26,122,98.0,Your damage per second is higher than 98% of other Hunters between levels 41 and 50.
chr_1648,Hunter,41-50,206.3,37,122,97.0,Your damage per second is higher than 97% of other Hunters between levels 41 and 50.
chr_0254,Hunter,41-50,204.5,37,122,96.0,Your damage per second is higher than 96% of other Hunters between levels 41 and 50.
chr_1511,Hunter,41-50,197.6,95,122,95.0,Your damage per second is higher than 95% of other Hunters between levels 41 and 50.
chr_1014,Hunter,41-50,196.6,72,122,94.0,Your damage per second is higher than 94% of other Hunters between levels 41 and 50.
chr_0898,Hunter,41-50,196.5,66,122,93.0,Your damage per second is higher than 93% of other Hunters between levels 41 and 50.
chr_0668,Hunter,41-50,196.4,96,122,93.0,Your damage per second is higher than 93% of other Hunters between levels 41 and 50.
chr_1483,Hunter,41-50,195.6,96,122,92.0,Your damage per second is higher than 92% of other Hunters between levels 41 and 50.
chr_1592,Hunter,41-50,195.5,83,122,91.0,Your damage per second is higher than 91% of other Hunters between levels 41 and 50.
chr_0415,Hunter,41-50,194.9,98,122,90.0,Your damage per second is higher than 90% of other Hunters between levels 41 and 50.
chr_1771,Hunter,41-50,194.6,93,122,89.0,Your damage per second is higher than 89% of other Hunters between levels 41 and 50.
chr_0438,Hunter,41-50,194.1,96,122,89.0,Your damage per second is higher than 89% of other Hunters between levels 41 and 50.
chr_0554,Hunter,41-50,194.0,95,122,88.0,Your damage per second is higher than 88% of other Hunters between levels 41 and 50.
chr_1280,Hunter,41-50,193.8,93,122,87.0,Your damage per second is higher than 87% of other Hunters between levels 41 and 50.
chr_1199,Hunter,41-50,193.7,86,122,86.0,Your damage per second is higher than 86% of other Hunters between levels 41 and 50.
chr_1650,Hunter,41-50,193.5,94,122,85.0,Your damage per second is higher than 85% of other Hunters between levels 41 and 50.
chr_0905,Hunter,41-50,193.5,95,122,84.0,Your damage per second is higher than 84% of other Hunters between levels 41 and 50.
chr_1325,Hunter,41-50,193.4,81,122,84.0,Your damage per second is higher than 84% of other Hunters between levels 41 and 50.
chr_1055,Hunter,41-50,193.1,96,122,83.0,Your damage per second is higher than 83% of other Hunters between levels 41 and 50.
chr_0179,Hunter,41-50,193.0,95,122,82.0,Your damage per second is higher than 82% of other Hunters between levels 41 and 50.
chr_1261,Hunter,41-50,192.9,92,122,81.0,Your damage per second is higher than 81% of other Hunters between levels 41 and 50.
chr_0008,Hunter,41-50,192.7,93,122,80.0,Your damage per second is higher than 80% of other Hunters between levels 41 and 50.
chr_0762,Hunter,41-50,192.6,97,122,80.0,Your damage per second is higher than 80% of other Hunters between levels 41 and 50.
chr_1007,Hunter,41-50,192.5,95,122,79.0,Your damage per second is higher than 79% of other Hunters between levels 41 and 50.
chr_0229,Hunter,41-50,192.4,93,122,78.0,Your damage per second is higher than 78% of other Hunters between levels 41 and 50.
chr_0094,Hunter,41-50,192.4,93,122,77.0,Your damage per second is higher than 77% of other Hunters between levels 41 and 50.
chr_0899,Hunter,41-50,192.3,95,122,76.0,Your damage per second is higher than 76% of other Hunters between levels 41 and 50.
chr_0557,Hunter,41-50,192.3,97,122,75.0,Your damage per second is higher than 75% of other Hunters between levels 41 and 50.
chr_0726,Hunter,41-50,192.3,95,122,75.0,Your damage per second is higher than 75% of other Hunters between levels 41 and 50.
chr_0778,Hunter,41-50,192.3,94,122,74.0,Your damage per second is higher than 74% of other Hunters between levels 41 and 50.
chr_1729,Hunter,41-50,192.2,92,122,73.0,Your damage per second is higher than 73% of other Hunters between levels 41 and 50.
chr_1260,Hunter,41-50,191.9,94,122,72.0,Your damage per second is higher than 72% of other Hunters between levels 41 and 50.
chr_1351,Hunter,41-50,191.9,94,122,71.0,Your damage per second is higher than 71% of other Hunters between levels 41 and 50.
chr_0998,Hunter,41-50,191.8,94,122,70.0,Your damage per second is higher than 70% of other Hunters between levels 41 and 50.
chr_1417,Hunter,41-50,191.8,91,122,70.0,Your damage per second is higher than 70% of other Hunters between levels 41 and 50.
chr_0913,Hunter,41-50,191.7,91,122,69.0,Your damage per second is higher than 69% of other Hunters between levels 41 and 50.
chr_0571,Hunter,41-50,191.7,93,122,68.0,Your damage per second is higher than 68% of other Hunters between levels 41 and 50.
chr_1074,Hunter,41-50,191.6,94,122,67.0,Your damage per second is higher than 67% of other Hunters between levels 41 and 50.
chr_0356,Hunter,41-50,191.5,93,122,66.0,Your damage per second is higher than 66% of other Hunters between levels 41 and 50.
chr_1000,Hunter,41-50,191.5,94,122,66.0,Your damage per second is higher than 66% of other Hunters between levels 41 and 50.
chr_0589,Hunter,41-50,191.4,95,122,65.0,Your damage per second is higher than 65% of other Hunters between levels 41 and 50.
chr_1693,Hunter,41-50,191.3,98,122,64.0,Your damage per second is higher than 64% of other Hunters between levels 41 and 50.
chr_1159,Hunter,41-50,191.1,84,122,63.0,Your damage per second is higher than 63% of other Hunters between levels 41 and 50.
chr_0534,Hunter,41-50,190.9,95,122,62.0,Your damage per second is higher than 62% of other Hunters between levels 41 and 50.
chr_0499,Hunter,41-50,190.7,93,122,61.0,Your damage per second is higher than 61% of other Hunters between levels 41 and 50.
chr_1044,Hunter,41-50,190.6,93,122,61.0,Your damage per second is higher than 61% of other Hunters between levels 41 and 50.
chr_1561,Hunter,41-50,190.6,91,122,60.0,Your damage per second is higher than 60% of other Hunters between levels 41 and 50.
chr_1535,Hunter,41-50,190.5,94,122,59.0,Your damage per second is higher than 59% of other Hunters between levels 41 and 50.
chr_1148,Hunter,41-50,190.2,98,122,58.0,Your damage per second is higher than 58% of other Hunters between levels 41 and 50.
chr_0512,Hunter,41-50,190.1,104,122,57.0,Your damage per second is higher than 57% of other Hunters between levels 41 and 50.
chr_0696,Hunter,41-50,189.9,93,122,57.0,Your damage per second is higher than 57% of other Hunters between levels 41 and 50.
chr_0861,Hunter,41-50,189.8,74,122,56.0,Your damage per second is higher than 56% of other Hunters between levels 41 and 50.
chr_1402,Hunter,41-50,189.7,93,122,55.0,Your damage per second is higher than 55% of other Hunters between levels 41 and 50.
chr_1488,Hunter,41-50,189.7,94,122,54.0,Your damage per second is higher than 54% of other Hunters between levels 41 and 50.
chr_1327,Hunter,41-50,189.7,95,122,53.0,Your damage per second is higher than 53% of other Hunters between levels 41 and 50.
chr_0146,Hunter,41-50,189.6,93,122,52.0,Your damage per second is higher than 52% of other Hunters between levels 41 and 50.
chr_1376,Hunter,41-50,189.2,94,122,52.0,Your damage per second is higher than 52% of other Hunters between levels 41 and 50.
chr_1171,Hunter,41-50,189.2,91,122,51.0,Your damage per second is higher than 51% of other Hunters between levels 41 and 50.
chr_1518,Hunter,41-50,189.1,63,122,50.0,Your damage per second is higher than 50% of other Hunters between levels 41 and 50.
chr_0220,Hunter,41-50,189.1,94,122,49.0,Your damage per second is higher than 49% of other Hunters between levels 41 and 50.
chr_0248,Hunter,41-50,188.9,72,122,48.0,Your damage per second is higher than 48% of other Hunters between levels 41 and 50.
chr_0186,Hunter,41-50,188.8,94,122,48.0,Your damage per second is higher than 48% of other Hunters between levels 41 and 50.
chr_0720,Hunter,41-50,188.7,94,122,47.0,Your damage per second is higher than 47% of other Hunters between levels 41 and 50.
chr_0871,Hunter,41-50,188.5,71,122,46.0,Your damage per second is higher than 46% of other Hunters between levels 41 and 50.
chr_1289,Hunter,41-50,188.4,96,122,45.0,Your damage per second is higher than 45% of other Hunters between levels 41 and 50.
chr_0777,Hunter,41-50,188.2,92,122,44.0,Your damage per second is higher than 44% of other Hunters between levels 41 and 50.
chr_0997,Hunter,41-50,188.0,94,122,43.0,Your damage per second is higher than 43% of other Hunters between levels 41 and 50.
chr_1317,Hunter,41-50,188.0,77,122,43.0,Your damage per second is higher than 43% of other Hunters between levels 41 and 50.
chr_0897,Hunter,41-50,188.0,93,122,42.0,Your damage per second is higher than 42% of other Hunters between levels 41 and 50.
chr_1157,Hunter,41-50,187.7,99,122,41.0,Your damage per second is higher than 41% of other Hunters between levels 41 and 50.
chr_1114,Hunter,41-50,187.5,95,122,40.0,Your damage per second is higher than 40% of other Hunters between levels 41 and 50.
chr_0285,Hunter,41-50,187.2,93,122,39.0,Your damage per second is higher than 39% of other Hunters between levels 41 and 50.
chr_1662,Hunter,41-50,187.1,94,122,39.0,Your damage per second is higher than 39% of other Hunters between levels 41 and 50.
chr_0347,Hunter,41-50,187.0,90,122,38.0,Your damage per second is higher than 38% of other Hunters between levels 41 and 50.
chr_0138,Hunter,41-50,187.0,89,122,37.0,Your damage per second is higher than 37% of other Hunters between levels 41 and 50.
chr_0784,Hunter,41-50,186.9,96,122,36.0,Your damage per second is higher than 36% of other Hunters between levels 41 and 50.
chr_0425,Hunter,41-50,186.7,95,122,35.0,Your damage per second is higher than 35% of other Hunters between levels 41 and 50.
chr_0045,Hunter,41-50,186.6,94,122,34.0,Your damage per second is higher than 34% of other Hunters between levels 41 and 50.
chr_0813,Hunter,41-50,186.5,60,122,34.0,Your damage per second is higher than 34% of other Hunters between levels 41 and 50.
chr_0253,Hunter,41-50,186.1,71,122,33.0,Your damage per second is higher than 33% of other Hunters between levels 41 and 50.
chr_1221,Hunter,41-50,185.8,87,122,32.0,Your damage per second is higher than 32% of other Hunters between levels 41 and 50.
chr_0098,Hunter,41-50,185.4,52,122,31.0,Your damage per second is higher than 31% of other Hunters between levels 41 and 50.
chr_0491,Hunter,41-50,185.3,65,122,30.0,Your damage per second is higher than 30% of other Hunters between levels 41 and 50.
chr_1747,Hunter,41-50,185.1,93,122,30.0,Your damage per second is higher than 30% of other Hunters between levels 41 and 50.
chr_1283,Hunter,41-50,184.6,90,122,29.0,Your damage per second is higher than 29% of other Hunters between levels 41 and 50.
chr_0256,Hunter,41-50,184.5,50,122,28.0,Your damage per second is higher than 28% of other Hunters between levels 41 and 50.
chr_0584,Hunter,41-50,183.9,95,122,27.0,Your damage per second is higher than 27% of other Hunters between levels 41 and 50.
chr_0092,Hunter,41-50,183.4,82,122,26.0,Your damage per second is higher than 26% of other Hunters between levels 41 and 50.
chr_1579,Hunter,41-50,183.0,67,122,25.0,Your damage per second is higher than 25% of other Hunters between levels 41 and 50.
chr_0460,Hunter,41-50,182.9,93,122,25.0,Your damage per second is higher than 25% of other Hunters between levels 41 and 50.
chr_0453,Hunter,41-50,182.7,94,122,24.0,Your damage per second is higher than 24% of other Hunters between levels 41 and 50.
chr_0645,Hunter,41-50,182.0,90,122,23.0,Your damage per second is higher than 23% of other Hunters between levels 41 and 50.
chr_0721,Hunter,41-50,181.9,81,122,22.0,Your damage per second is higher than 22% of other Hunters between levels 41 and 50.
chr_0137,Hunter,41-50,181.7,91,122,21.0,Your damage per second is higher than 21% of other Hunters between levels 41 and 50.
chr_1703,Hunter,41-50,181.2,35,122,20.0,Your damage per second is higher than 20% of other Hunters between levels 41 and 50.
chr_0772,Hunter,41-50,181.0,57,122,20.0,Your damage per second is higher than 20% of other Hunters between levels 41 and 50.
chr_0197,Hunter,41-50,180.6,92,122,19.0,Your damage per second is higher than 19% of other Hunters between levels 41 and 50.
chr_0002,Hunter,41-50,180.5,31,122,18.0,Your damage per second is higher than 18% of other Hunters between levels 41 and 50.
chr_0920,Hunter,41-50,180.2,38,122,17.0,Your damage per second is higher than 17% of other Hunters between levels 41 and 50.
chr_1029,Hunter,41-50,179.2,60,122,16.0,Your damage per second is higher than 16% of other Hunters between levels 41 and 50.
chr_1204,Hunter,41-50,178.5,41,122,16.0,Your damage per second is higher than 16% of other Hunters between levels 41 and 50.
chr_0953,Hunter,41-50,178.4,92,122,15.0,Your damage per second is higher than 15% of other Hunters between levels 41 and 50.
chr_0702,Hunter,41-50,177.4,91,122,14.0,Your damage per second is higher than 14% of other Hunters between levels 41 and 50.
chr_0624,Hunter,41-50,175.3,19,122,13.0,Your damage per second is higher than 13% of other Hunters between levels 41 and 50.
chr_1708,Hunter,41-50,174.8,11,122,12.0,Your damage per second is higher than 12% of other Hunters between levels 41 and 50.
chr_0768,Hunter,41-50,174.6,70,122,11.0,Your damage per second is higher than 11% of other Hunters between levels 41 and 50.
chr_1177,Hunter,41-50,173.1,26,122,11.0,Your damage per second is higher than 11% of other Hunters between levels 41 and 50.
chr_1403,Hunter,41-50,172.9,46,122,10.0,Your damage per second is higher than 10% of other Hunters between levels 41 and 50.
chr_0630,Hunter,41-50,172.1,40,122,9.0,Your damage per second is higher than 9% of other Hunters between levels 41 and 50.
chr_1661,Hunter,41-50,172.0,94,122,8.0,Your damage per second is higher than 8% of other Hunters between levels 41 and 50.
chr_0364,Hunter,41-50,171.8,94,122,7.0,Your damage per second is higher than 7% of other Hunters between levels 41 and 50.
chr_1568,Hunter,41-50,171.5,18,122,7.0,Your damage per second is higher than 7% of other Hunters between levels 41 and 50.
chr_1010,Hunter,41-50,170.4,27,122,6.0,Your damage per second is higher than 6% of other Hunters between levels 41 and 50.
chr_0844,Hunter,41-50,165.8,64,122,5.0,Your damage per second is higher than 5% of other Hunters between levels 41 and 50.
chr_0567,Hunter,41-50,165.2,39,122,4.0,Your damage per second is higher than 4% of other Hunters between levels 41 and 50.
chr_0369,Hunter,41-50,154.7,41,122,3.0,Your damage per second is higher than 3% of other Hunters between levels 41 and 50.
chr_1145,Hunter,41-50,154.6,67,122,2.0,Your damage per second is higher than 2% of other Hunters between levels 41 and 50.
chr_0183,Hunter,41-50,142.3,33,122,2.0,Your damage per second is higher than 2% of other Hunters between levels 41 and 50.
chr_0307,Hunter,41-50,140.9,91,122,1.0,Your damage per second is higher than 1% of other Hunters between levels 41 and 50.
chr_1097,Hunter,41-50,98.0,36,122,0.0,Your damage per second is higher than 0% of other Hunters between levels 41 and 50.
chr_0470,Hunter,51-60,250.2,14,127,100.0,Your damage per second is higher than 100% of other Hunters between levels 51 and 60.
chr_0494,Hunter,51-60,246.5,16,127,99.0,Your damage per second is higher than 99% of other Hunters between levels 51 and 60.
chr_0907,Hunter,51-60,244.4,10,127,98.0,Your damage per second is higher than 98% of other Hunters between levels 51 and 60.
chr_0370,Hunter,51-60,244.3,21,127,98.0,Your damage per second is higher than 98% of other Hunters between levels 51 and 60.
chr_1301,Hunter,51-60,241.5,48,127,97.0,Your damage per second is higher than 97% of other Hunters between levels 51 and 60.
chr_1421,Hunter,51-60,238.5,30,127,96.0,Your damage per second is higher than 96% of other Hunters between levels 51 and 60.
chr_1653,Hunter,51-60,238.2,88,127,95.0,Your damage per second is higher than 95% of other Hunters between levels 51 and 60.
chr_0988,Hunter,51-60,237.5,44,127,94.0,Your damage per second is higher than 94% of other Hunters between levels 51 and 60.
chr_1281,Hunter,51-60,237.3,100,127,94.0,Your damage per second is higher than 94% of other Hunters between levels 51 and 60.
chr_1491,Hunter,51-60,237.0,85,127,93.0,Your damage per second is higher than 93% of other Hunters between levels 51 and 60.
chr_0848,Hunter,51-60,237.0,10,127,92.0,Your damage per second is higher than 92% of other Hunters between levels 51 and 60.
chr_0512,Hunter,51-60,236.7,89,127,91.0,Your damage per second is higher than 91% of other Hunters between levels 51 and 60.
chr_0623,Hunter,51-60,236.2,93,127,91.0,Your damage per second is higher than 91% of other Hunters between levels 51 and 60.
chr_0894,Hunter,51-60,235.6,103,127,90.0,Your damage per second is higher than 90% of other Hunters between levels 51 and 60.
chr_0179,Hunter,51-60,235.4,90,127,89.0,Your damage per second is higher than 89% of other Hunters between levels 51 and 60.
chr_1323,Hunter,51-60,235.2,96,127,88.0,Your damage per second is higher than 88% of other Hunters between levels 51 and 60.
chr_1535,Hunter,51-60,235.1,97,127,87.0,Your damage per second is higher than 87% of other Hunters between levels 51 and 60.
chr_1014,Hunter,51-60,235.0,100,127,87.0,Your damage per second is higher than 87% of other Hunters between levels 51 and 60.
chr_1414,Hunter,51-60,234.6,99,127,86.0,Your damage per second is higher than 86% of other Hunters between levels 51 and 60.
chr_0953,Hunter,51-60,234.6,96,127,85.0,Your damage per second is higher than 85% of other Hunters between levels 51 and 60.
chr_0621,Hunter,51-60,234.6,94,127,84.0,Your damage per second is higher than 84% of other Hunters between levels 51 and 60.
chr_0696,Hunter,51-60,234.6,97,127,83.0,Your damage per second is higher than 83% of other Hunters between levels 51 and 60.
chr_1260,Hunter,51-60,234.5,100,127,83.0,Your damage per second is higher than 83% of other Hunters between levels 51 and 60.
chr_0827,Hunter,51-60,234.4,100,127,82.0,Your damage per second is higher than 82% of other Hunters between levels 51 and 60.
chr_1561,Hunter,51-60,234.2,94,127,81.0,Your damage per second is higher than 81% of other Hunters between levels 51 and 60.
chr_0720,Hunter,51-60,233.7,97,127,80.0,Your damage per second is higher than 80% of other Hunters between levels 51 and 60.
chr_0356,Hunter,51-60,233.7,95,127,80.0,Your damage per second is higher than 80% of other Hunters between levels 51 and 60.
chr_0685,Hunter,51-60,233.6,96,127,79.0,Your damage per second is higher than 79% of other Hunters between levels 51 and 60.
chr_1148,Hunter,51-60,233.6,97,127,78.0,Your damage per second is higher than 78% of other Hunters between levels 51 and 60.
chr_1315,Hunter,51-60,233.5,97,127,77.0,Your damage per second is higher than 77% of other Hunters between levels 51 and 60.
chr_0899,Hunter,51-60,233.3,96,127,76.0,Your damage per second is higher than 76% of other Hunters between levels 51 and 60.
chr_1221,Hunter,51-60,233.0,92,127,76.0,Your damage per second is higher than 76% of other Hunters between levels 51 and 60.
chr_0491,Hunter,51-60,232.9,94,127,75.0,Your damage per second is higher than 75% of other Hunters between levels 51 and 60.
chr_1154,Hunter,51-60,232.9,98,127,74.0,Your damage per second is higher than 74% of other Hunters between levels 51 and 60.
chr_0557,Hunter,51-60,232.9,93,127,73.0,Your damage per second is higher than 73% of other Hunters between levels 51 and 60.
chr_0425,Hunter,51-60,232.7,99,127,72.0,Your damage per second is higher than 72% of other Hunters between levels 51 and 60.
chr_0728,Hunter,51-60,232.3,27,127,72.0,Your damage per second is higher than 72% of other Hunters between levels 51 and 60.
chr_0897,Hunter,51-60,232.2,94,127,71.0,Your damage per second is higher than 71% of other Hunters between levels 51 and 60.
chr_0254,Hunter,51-60,231.9,92,127,70.0,Your damage per second is higher than 70% of other Hunters between levels 51 and 60.
chr_1592,Hunter,51-60,231.8,89,127,69.0,Your damage per second is higher than 69% of other Hunters between levels 51 and 60.
chr_1483,Hunter,51-60,231.3,89,127,69.0,Your damage per second is higher than 69% of other Hunters between levels 51 and 60.
chr_1662,Hunter,51-60,231.2,91,127,68.0,Your damage per second is higher than 68% of other Hunters between levels 51 and 60.
chr_1325,Hunter,51-60,231.2,95,127,67.0,Your damage per second is higher than 67% of other Hunters between levels 51 and 60.
chr_1074,Hunter,51-60,231.2,90,127,66.0,Your damage per second is higher than 66% of other Hunters between levels 51 and 60.
chr_1488,Hunter,51-60,231.1,99,127,65.0,Your damage per second is higher than 65% of other Hunters between levels 51 and 60.
chr_0217,Hunter,51-60,231.1,132,127,65.0,Your damage per second is higher than 65% of other Hunters between levels 51 and 60.
chr_1289,Hunter,51-60,231.1,98,127,64.0,Your damage per second is higher than 64% of other Hunters between levels 51 and 60.
chr_0589,Hunter,51-60,230.9,93,127,63.0,Your damage per second is higher than 63% of other Hunters between levels 51 and 60.
chr_0142,Hunter,51-60,230.9,151,127,62.0,Your damage per second is higher than 62% of other Hunters between levels 51 and 60.
chr_1351,Hunter,51-60,230.9,103,127,61.0,Your damage per second is higher than 61% of other Hunters between levels 51 and 60.
chr_0045,Hunter,51-60,230.7,98,127,61.0,Your damage per second is higher than 61% of other Hunters between levels 51 and 60.
chr_1000,Hunter,51-60,230.6,91,127,60.0,Your damage per second is higher than 60% of other Hunters between levels 51 and 60.
chr_0898,Hunter,51-60,230.5,101,127,59.0,Your damage per second is higher than 59% of other Hunters between levels 51 and 60.
chr_1157,Hunter,51-60,230.3,94,127,58.0,Your damage per second is higher than 58% of other Hunters between levels 51 and 60.
chr_0762,Hunter,51-60,230.2,96,127,57.0,Your damage per second is higher than 57% of other Hunters between levels 51 and 60.
chr_1417,Hunter,51-60,230.0,93,127,57.0,Your damage per second is higher than 57% of other Hunters between levels 51 and 60.
chr_0668,Hunter,51-60,230.0,98,127,56.0,Your damage per second is higher than 56% of other Hunters between levels 51 and 60.
chr_0905,Hunter,51-60,229.9,100,127,55.0,Your damage per second is higher than 55% of other Hunters between levels 51 and 60.
chr_1055,Hunter,51-60,229.8,101,127,54.0,Your damage per second is higher than 54% of other Hunters between levels 51 and 60.
chr_0702,Hunter,51-60,229.7,98,127,54.0,Your damage per second is higher than 54% of other Hunters between levels 51 and 60.
chr_0554,Hunter,51-60,229.5,80,127,53.0,Your damage per second is higher than 53% of other Hunters between levels 51 and 60.
chr_1280,Hunter,51-60,229.3,99,127,52.0,Your damage per second is higher than 52% of other Hunters between levels 51 and 60.
chr_1650,Hunter,51-60,229.0,100,127,51.0,Your damage per second is higher than 51% of other Hunters between levels 51 and 60.
chr_0197,Hunter,51-60,228.9,95,127,50.0,Your damage per second is higher than 50% of other Hunters between levels 51 and 60.
chr_1044,Hunter,51-60,228.7,72,127,50.0,Your damage per second is higher than 50% of other Hunters between levels 51 and 60.
chr_0726,Hunter,51-60,228.5,96,127,49.0,Your damage per second is higher than 49% of other Hunters between levels 51 and 60.
chr_1327,Hunter,51-60,228.0,98,127,48.0,Your damage per second is higher than 48% of other Hunters between levels 51 and 60.
chr_0229,Hunter,51-60,227.7,93,127,47.0,Your damage per second is higher than 47% of other Hunters between levels 51 and 60.
chr_1376,Hunter,51-60,227.5,98,127,46.0,Your damage per second is higher than 46% of other Hunters between levels 51 and 60.
chr_0784,Hunter,51-60,227.4,115,127,46.0,Your damage per second is higher than 46% of other Hunters between levels 51 and 60.
chr_1114,Hunter,51-60,227.0,105,127,45.0,Your damage per second is higher than 45% of other Hunters between levels 51 and 60.
chr_0347,Hunter,51-60,226.9,96,127,44.0,Your damage per second is higher than 44% of other Hunters between levels 51 and 60.
chr_0146,Hunter,51-60,226.6,93,127,43.0,Your damage per second is higher than 43% of other Hunters between levels 51 and 60.
chr_1199,Hunter,51-60,226.5,72,127,43.0,Your damage per second is higher than 43% of other Hunters between levels 51 and 60.
chr_1591,Hunter,51-60,226.3,92,127,42.0,Your damage per second is higher than 42% of other Hunters between levels 51 and 60.
chr_0997,Hunter,51-60,226.1,84,127,41.0,Your damage per second is higher than 41% of other Hunters between levels 51 and 60.
chr_1747,Hunter,51-60,225.9,95,127,40.0,Your damage per second is higher than 40% of other Hunters between levels 51 and 60.
chr_0094,Hunter,51-60,225.7,82,127,39.0,Your damage per second is higher than 39% of other Hunters between levels 51 and 60.
chr_1729,Hunter,51-60,225.6,93,127,39.0,Your damage per second is higher than 39% of other Hunters between levels 51 and 60.
chr_1283,Hunter,51-60,225.5,94,127,38.0,Your damage per second is higher than 38% of other Hunters between levels 51 and 60.
chr_0571,Hunter,51-60,225.3,73,127,37.0,Your damage per second is higher than 37% of other Hunters between levels 51 and 60.
chr_1511,Hunter,51-60,225.2,77,127,36.0,Your damage per second is higher than 36% of other Hunters between levels 51 and 60.
chr_1648,Hunter,51-60,224.6,64,127,35.0,Your damage per second is higher than 35% of other Hunters between levels 51 and 60.
chr_0881,Hunter,51-60,224.1,17,127,35.0,Your damage per second is higher than 35% of other Hunters between levels 51 and 60.
chr_1206,Hunter,51-60,224.0,60,127,34.0,Your damage per second is higher than 34% of other Hunters between levels 51 and 60.
chr_0777,Hunter,51-60,224.0,119,127,33.0,Your damage per second is higher than 33% of other Hunters between levels 51 and 60.
chr_0645,Hunter,51-60,223.4,59,127,32.0,Your damage per second is higher than 32% of other Hunters between levels 51 and 60.
chr_1159,Hunter,51-60,223.0,107,127,31.0,Your damage per second is higher than 31% of other Hunters between levels 51 and 60.
chr_1211,Hunter,51-60,222.3,42,127,31.0,Your damage per second is higher than 31% of other Hunters between levels 51 and 60.
chr_0534,Hunter,51-60,221.4,30,127,30.0,Your damage per second is higher than 30% of other Hunters between levels 51 and 60.
chr_1693,Hunter,51-60,221.3,18,127,29.0,Your damage per second is higher than 29% of other Hunters between levels 51 and 60.
chr_1402,Hunter,51-60,221.3,85,127,28.0,Your damage per second is higher than 28% of other Hunters between levels 51 and 60.
chr_0584,Hunter,51-60,220.6,56,127,28.0,Your damage per second is higher than 28% of other Hunters between levels 51 and 60.
chr_1204,Hunter,51-60,220.2,65,127,27.0,Your damage per second is higher than 27% of other Hunters between levels 51 and 60.
chr_1261,Hunter,51-60,219.2,65,127,26.0,Your damage per second is higher than 26% of other Hunters between levels 51 and 60.
chr_0453,Hunter,51-60,219.0,97,127,25.0,Your damage per second is higher than 25% of other Hunters between levels 51 and 60.
chr_0998,Hunter,51-60,218.4,46,127,24.0,Your damage per second is higher than 24% of other Hunters between levels 51 and 60.
chr_0008,Hunter,51-60,218.1,55,127,24.0,Your damage per second is higher than 24% of other Hunters between levels 51 and 60.
chr_0285,Hunter,51-60,217.6,61,127,23.0,Your damage per second is higher than 23% of other Hunters between levels 51 and 60.
chr_0415,Hunter,51-60,217.1,26,127,22.0,Your damage per second is higher than 22% of other Hunters between levels 51 and 60.
chr_0364,Hunter,51-60,217.0,92,127,21.0,Your damage per second is higher than 21% of other Hunters between levels 51 and 60.
chr_0499,Hunter,51-60,216.6,37,127,20.0,Your damage per second is higher than 20% of other Hunters between levels 51 and 60.
chr_0186,Hunter,51-60,216.4,57,127,20.0,Your damage per second is higher than 20% of other Hunters between levels 51 and 60.
chr_1317,Hunter,51-60,215.6,86,127,19.0,Your damage per second is higher than 19% of other Hunters between levels 51 and 60.
chr_0913,Hunter,51-60,215.2,39,127,18.0,Your damage per second is higher than 18% of other Hunters between levels 51 and 60.
chr_0538,Hunter,51-60,215.1,15,127,17.0,Your damage per second is higher than 17% of other Hunters between levels 51 and 60.
chr_1771,Hunter,51-60,213.7,23,127,17.0,Your damage per second is higher than 17% of other Hunters between levels 51 and 60.
chr_0220,Hunter,51-60,212.8,12,127,16.0,Your damage per second is higher than 16% of other Hunters between levels 51 and 60.
chr_0778,Hunter,51-60,212.4,29,127,15.0,Your damage per second is higher than 15% of other Hunters between levels 51 and 60.
chr_0369,Hunter,51-60,211.0,80,127,14.0,Your damage per second is higher than 14% of other Hunters between levels 51 and 60.
chr_0137,Hunter,51-60,210.1,118,127,13.0,Your damage per second is higher than 13% of other Hunters between levels 51 and 60.
chr_0460,Hunter,51-60,209.2,87,127,13.0,Your damage per second is higher than 13% of other Hunters between levels 51 and 60.
chr_1579,Hunter,51-60,208.4,48,127,12.0,Your damage per second is higher than 12% of other Hunters between levels 51 and 60.
chr_0438,Hunter,51-60,205.5,23,127,11.0,Your damage per second is higher than 11% of other Hunters between levels 51 and 60.
chr_0844,Hunter,51-60,202.2,49,127,10.0,Your damage per second is higher than 10% of other Hunters between levels 51 and 60.
chr_1518,Hunter,51-60,201.6,85,127,9.0,Your damage per second is higher than 9% of other Hunters between levels 51 and 60.
chr_0920,Hunter,51-60,200.0,48,127,9.0,Your damage per second is higher than 9% of other Hunters between levels 51 and 60.
chr_1403,Hunter,51-60,199.8,70,127,8.0,Your damage per second is higher than 8% of other Hunters between levels 51 and 60.
chr_1661,Hunter,51-60,197.6,47,127,7.0,Your damage per second is higher than 7% of other Hunters between levels 51 and 60.
chr_0138,Hunter,51-60,196.9,105,127,6.0,Your damage per second is higher than 6% of other Hunters between levels 51 and 60.
chr_0092,Hunter,51-60,196.1,99,127,6.0,Your damage per second is higher than 6% of other Hunters between levels 51 and 60.
chr_0768,Hunter,51-60,191.3,41,127,5.0,Your damage per second is higher than 5% of other Hunters between levels 51 and 60.
chr_0567,Hunter,51-60,190.0,50,127,4.0,Your damage per second is higher than 4% of other Hunters between levels 51 and 60.
chr_0253,Hunter,51-60,187.3,150,127,3.0,Your damage per second is higher than 3% of other Hunters between levels 51 and 60.
chr_0307,Hunter,51-60,176.2,108,127,2.0,Your damage per second is higher than 2% of other Hunters between levels 51 and 60.
chr_0183,Hunter,51-60,166.9,52,127,2.0,Your damage per second is higher than 2% of other Hunters between levels 51 and 60.
chr_1145,Hunter,51-60,153.6,113,127,1.0,Your damage per second is higher than 1% of other Hunters between levels 51 and 60.
chr_1097,Hunter,51-60,120.3,49,127,0.0,Your damage per second is higher than 0% of other Hunters between levels 51 and 60.
chr_0532,Hunter,61-70,293.0,92,128,100.0,Your damage per second is higher than 100% of other Hunters between levels 61 and 70.
chr_1024,Hunter,61-70,292.0,1962,128,99.0,Your damage per second is higher than 99% of other Hunters between levels 61 and 70.
chr_1600,Hunter,61-70,292.0,1810,128,98.0,Your damage per second is higher than 98% of other Hunters between levels 61 and 70.
chr_0784,Hunter,61-70,291.8,1871,128,98.0,Your damage per second is higher than 98% of other Hunters between levels 61 and 70.
chr_1148,Hunter,61-70,291.8,2017,128,97.0,Your damage per second is higher than 97% of other Hunters between levels 61 and 70.
chr_1491,Hunter,61-70,291.7,1750,128,96.0,Your damage per second is higher than 96% of other Hunters between levels 61 and 70.
chr_0762,Hunter,61-70,291.6,1766,128,95.0,Your damage per second is higher than 95% of other Hunters between levels 61 and 70.
chr_0512,Hunter,61-70,291.5,1930,128,95.0,Your damage per second is higher than 95% of other Hunters between levels 61 and 70.
chr_0453,Hunter,61-70,291.5,1706,128,94.0,Your damage per second is higher than 94% of other Hunters between levels 61 and 70.
chr_1325,Hunter,61-70,291.4,1351,128,93.0,Your damage per second is higher than 93% of other Hunters between levels 61 and 70.
chr_0777,Hunter,61-70,291.3,2049,128,92.0,Your damage per second is higher than 92% of other Hunters between levels 61 and 70.
chr_1662,Hunter,61-70,291.1,1628,128,91.0,Your damage per second is higher than 91% of other Hunters between levels 61 and 70.
chr_0726,Hunter,61-70,291.1,1735,128,91.0,Your damage per second is higher than 91% of other Hunters between levels 61 and 70.
chr_0720,Hunter,61-70,291.0,1124,128,90.0,Your damage per second is higher than 90% of other Hunters between levels 61 and 70.
chr_1483,Hunter,61-70,290.8,2249,128,89.0,Your damage per second is higher than 89% of other Hunters between levels 61 and 70.
chr_1323,Hunter,61-70,290.7,1884,128,88.0,Your damage per second is higher than 88% of other Hunters between levels 61 and 70.
chr_0319,Hunter,61-70,290.7,705,128,88.0,Your damage per second is higher than 88% of other Hunters between levels 61 and 70.
chr_1260,Hunter,61-70,290.6,1802,128,87.0,Your damage per second is higher than 87% of other Hunters between levels 61 and 70.
chr_0494,Hunter,61-70,290.5,1636,128,86.0,Your damage per second is higher than 86% of other Hunters between levels 61 and 70.
chr_1074,Hunter,61-70,290.4,1024,128,85.0,Your damage per second is higher than 85% of other Hunters between levels 61 and 70.
chr_0347,Hunter,61-70,290.3,1285,128,84.0,Your damage per second is higher than 84% of other Hunters between levels 61 and 70.
chr_1044,Hunter,61-70,290.2,1531,128,84.0,Your damage per second is higher than 84% of other Hunters between levels 61 and 70.
chr_1417,Hunter,61-70,290.0,2049,128,83.0,Your damage per second is higher than 83% of other Hunters between levels 61 and 70.
chr_1247,Hunter,61-70,290.0,2230,128,82.0,Your damage per second is higher than 82% of other Hunters between levels 61 and 70.
chr_0142,Hunter,61-70,290.0,2388,128,81.0,Your damage per second is higher than 81% of other Hunters between levels 61 and 70.
chr_0897,Hunter,61-70,289.8,1286,128,80.0,Your damage per second is higher than 80% of other Hunters between levels 61 and 70.
chr_1114,Hunter,61-70,289.5,823,128,80.0,Your damage per second is higher than 80% of other Hunters between levels 61 and 70.
chr_0981,Hunter,61-70,289.4,82,128,79.0,Your damage per second is higher than 79% of other Hunters between levels 61 and 70.
chr_1358,Hunter,61-70,289.3,203,128,78.0,Your damage per second is higher than 78% of other Hunters between levels 61 and 70.
chr_1233,Hunter,61-70,289.2,540,128,77.0,Your damage per second is higher than 77% of other Hunters between levels 61 and 70.
chr_0253,Hunter,61-70,288.8,1642,128,77.0,Your damage per second is higher than 77% of other Hunters between levels 61 and 70.
chr_1592,Hunter,61-70,288.3,419,128,76.0,Your damage per second is higher than 76% of other Hunters between levels 61 and 70.
chr_1000,Hunter,61-70,288.3,1850,128,75.0,Your damage per second is higher than 75% of other Hunters between levels 61 and 70.
chr_1281,Hunter,61-70,288.1,1715,128,74.0,Your damage per second is higher than 74% of other Hunters between levels 61 and 70.
chr_1331,Hunter,61-70,287.9,330,128,73.0,Your damage per second is higher than 73% of other Hunters between levels 61 and 70.
chr_0898,Hunter,61-70,287.7,501,128,73.0,Your damage per second is higher than 73% of other Hunters between levels 61 and 70.
chr_1154,Hunter,61-70,287.5,298,128,72.0,Your damage per second is higher than 72% of other Hunters between levels 61 and 70.
chr_0217,Hunter,61-70,287.5,394,128,71.0,Your damage per second is higher than 71% of other Hunters between levels 61 and 70.
chr_0270,Hunter,61-70,285.4,184,128,70.0,Your damage per second is higher than 70% of other Hunters between levels 61 and 70.
chr_1402,Hunter,61-70,284.5,343,128,70.0,Your damage per second is higher than 70% of other Hunters between levels 61 and 70.
chr_0364,Hunter,61-70,284.2,1641,128,69.0,Your damage per second is higher than 69% of other Hunters between levels 61 and 70.
chr_1579,Hunter,61-70,284.0,1902,128,68.0,Your damage per second is higher than 68% of other Hunters between levels 61 and 70.
chr_0254,Hunter,61-70,283.7,496,128,67.0,Your damage per second is higher than 67% of other Hunters between levels 61 and 70.
chr_1199,Hunter,61-70,283.1,407,128,66.0,Your damage per second is higher than 66% of other Hunters between levels 61 and 70.
chr_0905,Hunter,61-70,283.1,254,128,66.0,Your damage per second is higher than 66% of other Hunters between levels 61 and 70.
chr_1022,Hunter,61-70,283.1,653,128,65.0,Your damage per second is higher than 65% of other Hunters between levels 61 and 70.
chr_1055,Hunter,61-70,283.0,221,128,64.0,Your damage per second is higher than 64% of other Hunters between levels 61 and 70.
chr_0528,Hunter,61-70,282.7,52,128,63.0,Your damage per second is higher than 63% of other Hunters between levels 61 and 70.
chr_1511,Hunter,61-70,282.6,497,128,63.0,Your damage per second is higher than 63% of other Hunters between levels 61 and 70.
chr_1414,Hunter,61-70,282.4,180,128,62.0,Your damage per second is higher than 62% of other Hunters between levels 61 and 70.
chr_0197,Hunter,61-70,281.5,195,128,61.0,Your damage per second is higher than 61% of other Hunters between levels 61 and 70.
chr_1280,Hunter,61-70,280.8,250,128,60.0,Your damage per second is higher than 60% of other Hunters between levels 61 and 70.
chr_0304,Hunter,61-70,280.5,159,128,59.0,Your damage per second is higher than 59% of other Hunters between levels 61 and 70.
chr_0593,Hunter,61-70,280.3,18,128,59.0,Your damage per second is higher than 59% of other Hunters between levels 61 and 70.
chr_1591,Hunter,61-70,280.1,819,128,58.0,Your damage per second is higher than 58% of other Hunters between levels 61 and 70.
chr_0371,Hunter,61-70,280.1,198,128,57.0,Your damage per second is higher than 57% of other Hunters between levels 61 and 70.
chr_1488,Hunter,61-70,279.8,150,128,56.0,Your damage per second is higher than 56% of other Hunters between levels 61 and 70.
chr_1317,Hunter,61-70,278.8,1752,128,55.0,Your damage per second is higher than 55% of other Hunters between levels 61 and 70.
chr_0080,Hunter,61-70,278.7,93,128,55.0,Your damage per second is higher than 55% of other Hunters between levels 61 and 70.
chr_0941,Hunter,61-70,278.2,178,128,54.0,Your damage per second is higher than 54% of other Hunters between levels 61 and 70.
chr_0370,Hunter,61-70,278.2,156,128,53.0,Your damage per second is higher than 53% of other Hunters between levels 61 and 70.
chr_0899,Hunter,61-70,276.6,242,128,52.0,Your damage per second is higher than 52% of other Hunters between levels 61 and 70.
chr_1351,Hunter,61-70,275.8,137,128,52.0,Your damage per second is higher than 52% of other Hunters between levels 61 and 70.
chr_1221,Hunter,61-70,275.4,516,128,51.0,Your damage per second is higher than 51% of other Hunters between levels 61 and 70.
chr_1535,Hunter,61-70,275.1,142,128,50.0,Your damage per second is higher than 50% of other Hunters between levels 61 and 70.
chr_1653,Hunter,61-70,275.0,129,128,49.0,Your damage per second is higher than 49% of other Hunters between levels 61 and 70.
chr_1327,Hunter,61-70,274.4,213,128,48.0,Your damage per second is higher than 48% of other Hunters between levels 61 and 70.
chr_1768,Hunter,61-70,273.7,148,128,48.0,Your damage per second is higher than 48% of other Hunters between levels 61 and 70.
chr_1729,Hunter,61-70,272.7,302,128,47.0,Your damage per second is higher than 47% of other Hunters between levels 61 and 70.
chr_1246,Hunter,61-70,272.5,115,128,46.0,Your damage per second is higher than 46% of other Hunters between levels 61 and 70.
chr_0887,Hunter,61-70,272.0,598,128,45.0,Your damage per second is higher than 45% of other Hunters between levels 61 and 70.
chr_1104,Hunter,61-70,271.8,2610,128,45.0,Your damage per second is higher than 45% of other Hunters between levels 61 and 70.
chr_1747,Hunter,61-70,270.7,104,128,44.0,Your damage per second is higher than 44% of other Hunters between levels 61 and 70.
chr_0491,Hunter,61-70,270.4,340,128,43.0,Your damage per second is higher than 43% of other Hunters between levels 61 and 70.
chr_0907,Hunter,61-70,270.2,117,128,42.0,Your damage per second is higher than 42% of other Hunters between levels 61 and 70.
chr_0058,Hunter,61-70,269.7,2340,128,41.0,Your damage per second is higher than 41% of other Hunters between levels 61 and 70.
chr_0953,Hunter,61-70,268.8,1569,128,41.0,Your damage per second is higher than 41% of other Hunters between levels 61 and 70.
chr_1159,Hunter,61-70,268.2,2118,128,40.0,Your damage per second is higher than 40% of other Hunters between levels 61 and 70.
chr_0751,Hunter,61-70,268.1,1989,128,39.0,Your damage per second is higher than 39% of other Hunters between levels 61 and 70.
chr_0645,Hunter,61-70,267.6,156,128,38.0,Your damage per second is higher than 38% of other Hunters between levels 61 and 70.
chr_1283,Hunter,61-70,267.5,427,128,38.0,Your damage per second is higher than 38% of other Hunters between levels 61 and 70.
chr_0092,Hunter,61-70,267.3,1913,128,37.0,Your damage per second is higher than 37% of other Hunters between levels 61 and 70.
chr_0472,Hunter,61-70,266.6,2820,128,36.0,Your damage per second is higher than 36% of other Hunters between levels 61 and 70.
chr_1301,Hunter,61-70,266.4,111,128,35.0,Your damage per second is higher than 35% of other Hunters between levels 61 and 70.
chr_1211,Hunter,61-70,266.0,2775,128,34.0,Your damage per second is higher than 34% of other Hunters between levels 61 and 70.
chr_1145,Hunter,61-70,266.0,2003,128,34.0,Your damage per second is higher than 34% of other Hunters between levels 61 and 70.
chr_1289,Hunter,61-70,266.0,92,128,33.0,Your damage per second is higher than 33% of other Hunters between levels 61 and 70.
chr_0044,Hunter,61-70,264.9,71,128,32.0,Your damage per second is higher than 32% of other Hunters between levels 61 and 70.
chr_0848,Hunter,61-70,263.4,810,128,31.0,Your damage per second is higher than 31% of other Hunters between levels 61 and 70.
chr_0668,Hunter,61-70,263.4,85,128,30.0,Your damage per second is higher than 30% of other Hunters between levels 61 and 70.
chr_0623,Hunter,61-70,263.4,51,128,30.0,Your damage per second is higher than 30% of other Hunters between levels 61 and 70.
chr_0045,Hunter,61-70,263.3,96,128,29.0,Your damage per second is higher than 29% of other Hunters between levels 61 and 70.
chr_0137,Hunter,61-70,263.2,2506,128,28.0,Your damage per second is higher than 28% of other Hunters between levels 61 and 70.
chr_0894,Hunter,61-70,262.8,67,128,27.0,Your damage per second is higher than 27% of other Hunters between levels 61 and 70.
chr_0827,Hunter,61-70,262.7,46,128,27.0,Your damage per second is higher than 27% of other Hunters between levels 61 and 70.
chr_0460,Hunter,61-70,262.3,1981,128,26.0,Your damage per second is higher than 26% of other Hunters between levels 61 and 70.
chr_0168,Hunter,61-70,262.1,701,128,25.0,Your damage per second is higher than 25% of other Hunters between levels 61 and 70.
chr_0567,Hunter,61-70,262.1,528,128,24.0,Your damage per second is higher than 24% of other Hunters between levels 61 and 70.
chr_0164,Hunter,61-70,261.4,47,128,23.0,Your damage per second is higher than 23% of other Hunters between levels 61 and 70.
chr_0138,Hunter,61-70,261.1,2426,128,23.0,Your damage per second is higher than 23% of other Hunters between levels 61 and 70.
chr_0229,Hunter,61-70,260.1,100,128,22.0,Your damage per second is higher than 22% of other Hunters between levels 61 and 70.
chr_1284,Hunter,61-70,259.6,65,128,21.0,Your damage per second is higher than 21% of other Hunters between levels 61 and 70.
chr_0425,Hunter,61-70,259.1,34,128,20.0,Your damage per second is higher than 20% of other Hunters between levels 61 and 70.
chr_0307,Hunter,61-70,258.6,1687,128,20.0,Your damage per second is higher than 20% of other Hunters between levels 61 and 70.
chr_1561,Hunter,61-70,258.2,21,128,19.0,Your damage per second is higher than 19% of other Hunters between levels 61 and 70.
chr_0369,Hunter,61-70,258.1,477,128,18.0,Your damage per second is higher than 18% of other Hunters between levels 61 and 70.
chr_1204,Hunter,61-70,257.8,299,128,17.0,Your damage per second is higher than 17% of other Hunters between levels 61 and 70.
chr_0183,Hunter,61-70,257.5,494,128,16.0,Your damage per second is higher than 16% of other Hunters between levels 61 and 70.
chr_0146,Hunter,61-70,256.7,57,128,16.0,Your damage per second is higher than 16% of other Hunters between levels 61 and 70.
chr_0621,Hunter,61-70,256.0,60,128,15.0,Your damage per second is higher than 15% of other Hunters between levels 61 and 70.
chr_0702,Hunter,61-70,255.8,43,128,14.0,Your damage per second is higher than 14% of other Hunters between levels 61 and 70.
chr_1376,Hunter,61-70,255.8,48,128,13.0,Your damage per second is higher than 13% of other Hunters between levels 61 and 70.
chr_0356,Hunter,61-70,254.9,50,128,13.0,Your damage per second is higher than 13% of other Hunters between levels 61 and 70.
chr_1315,Hunter,61-70,254.4,17,128,12.0,Your damage per second is higher than 12% of other Hunters between levels 61 and 70.
chr_0844,Hunter,61-70,254.1,577,128,11.0,Your damage per second is higher than 11% of other Hunters between levels 61 and 70.
chr_0589,Hunter,61-70,253.9,28,128,10.0,Your damage per second is higher than 10% of other Hunters between levels 61 and 70.
chr_1650,Hunter,61-70,253.7,53,128,9.0,Your damage per second is higher than 9% of other Hunters between levels 61 and 70.
chr_0696,Hunter,61-70,253.5,38,128,9.0,Your damage per second is higher than 9% of other Hunters between levels 61 and 70.
chr_0685,Hunter,61-70,253.2,27,128,8.0,Your damage per second is higher than 8% of other Hunters between levels 61 and 70.
chr_0470,Hunter,61-70,250.3,31,128,7.0,Your damage per second is higher than 7% of other Hunters between levels 61 and 70.
chr_1661,Hunter,61-70,250.0,356,128,6.0,Your damage per second is higher than 6% of other Hunters between levels 61 and 70.
chr_0768,Hunter,61-70,249.6,845,128,5.0,Your damage per second is higher than 5% of other Hunters between levels 61 and 70.
chr_0921,Hunter,61-70,249.5,290,128,5.0,Your damage per second is higher than 5% of other Hunters between levels 61 and 70.
chr_1518,Hunter,61-70,249.0,480,128,4.0,Your damage per second is higher than 4% of other Hunters between levels 61 and 70.
chr_0988,Hunter,61-70,247.8,13,128,3.0,Your damage per second is higher than 3% of other Hunters between levels 61 and 70.
chr_1157,Hunter,61-70,247.8,16,128,2.0,Your damage per second is higher than 2% of other Hunters between levels 61 and 70.
chr_0107,Hunter,61-70,247.6,80,128,2.0,Your damage per second is higher than 2% of other Hunters between levels 61 and 70.
chr_1403,Hunter,61-70,243.6,317,128,1.0,Your damage per second is higher than 1% of other Hunters between levels 61 and 70.
chr_0920,Hunter,61-70,220.6,29,128,0.0,Your damage per second is higher than 0% of other Hunters between levels 61 and 70.
chr_1537,Mage,1-10,58.2,17,22,100.0,Your damage per second is higher than 100% of other Mages between levels 1 and 10.
chr_1153,Mage,1-10,52.9,24,22,95.0,Your damage per second is higher than 95% of other Mages between levels 1 and 10.
chr_1252,Mage,1-10,52.3,27,22,91.0,Your damage per second is higher than 91% of other Mages between levels 1 and 10.
chr_0417,Mage,1-10,48.9,35,22,86.0,Your damage per second is higher than 86% of other Mages between levels 1 and 10.
chr_0089,Mage,1-10,44.2,48,22,82.0,Your damage per second is higher than 82% of other Mages between levels 1 and 10.
chr_0193,Mage,1-10,43.2,48,22,77.0,Your damage per second is higher than 77% of other Mages between levels 1 and 10.
chr_0190,Mage,1-10,43.0,48,22,73.0,Your damage per second is higher than 73% of other Mages between levels 1 and 10.
chr_1555,Mage,1-10,42.8,48,22,68.0,Your damage per second is higher than 68% of other Mages between levels 1 and 10.
chr_0481,Mage,1-10,42.5,48,22,64.0,Your damage per second is higher than 64% of other Mages between levels 1 and 10.
chr_1629,Mage,1-10,42.1,46,22,59.0,Your damage per second is higher than 59% of other Mages between levels 1 and 10.
chr_0924,Mage,1-10,41.9,48,22,55.0,Your damage per second is higher than 55% of other Mages between levels 1 and 10.
chr_0868,Mage,1-10,41.7,50,22,41.0,Your damage per second is higher than 41% of other Mages between levels 1 and 10.
chr_1050,Mage,1-10,41.7,48,22,45.0,Your damage per second is higher than 45% of other Mages between levels 1 and 10.
chr_0633,Mage,1-10,41.7,49,22,50.0,Your damage per second is higher than 50% of other Mages between levels 1 and 10.
chr_0289,Mage,1-10,41.4,49,22,27.0,Your damage per second is higher than 27% of other Mages between levels 1 and 10.
chr_0133,Mage,1-10,41.4,49,22,32.0,Your damage per second is higher than 32% of other Mages between levels 1 and 10.
chr_1779,Mage,1-10,41.4,49,22,36.0,Your damage per second is higher than 36% of other Mages between levels 1 and 10.
chr_1101,Mage,1-10,41.2,47,22,23.0,Your damage per second is higher than 23% of other Mages between levels 1 and 10.
chr_1453,Mage,1-10,34.3,23,22,18.0,Your damage per second is higher than 18% of other Mages between levels 1 and 10.
chr_0334,Mage,1-10,26.8,47,22,14.0,Your damage per second is higher than 14% of other Mages between levels 1 and 10.
chr_0938,Mage,1-10,26.0,38,22,9.0,Your damage per second is higher than 9% of other Mages between levels 1 and 10.
chr_1774,Mage,1-10,24.0,17,22,5.0,Your damage per second is higher than 5% of other Mages between levels 1 and 10.
chr_1082,Mage,1-10,19.5,27,22,0.0,Your damage per second is higher than 0% of other Mages between levels 1 and 10.
chr_0987,Mage,11-20,99.5,22,35,100.0,Your damage per second is higher than 100% of other Mages between levels 11 and 20.
chr_0451,Mage,11-20,97.1,15,35,97.0,Your damage per second is higher than 97% of other Mages between levels 11 and 20.
chr_0510,Mage,11-20,96.1,25,35,94.0,Your damage per second is higher than 94% of other Mages between levels 11 and 20.
chr_1595,Mage,11-20,95.7,13,35,91.0,Your damage per second is higher than 91% of other Mages between levels 11 and 20.
chr_1749,Mage,11-20,94.6,28,35,89.0,Your damage per second is higher than 89% of other Mages between levels 11 and 20.
chr_0484,Mage,11-20,90.8,14,35,86.0,Your damage per second is higher than 86% of other Mages between levels 11 and 20.
chr_0505,Mage,11-20,90.3,40,35,83.0,Your damage per second is higher than 83% of other Mages between levels 11 and 20.
chr_0238,Mage,11-20,89.3,38,35,77.0,Your damage per second is higher than 77% of other Mages between levels 11 and 20.
chr_1530,Mage,11-20,89.3,47,35,80.0,Your damage per second is higher than 80% of other Mages between levels 11 and 20.
chr_0021,Mage,11-20,84.1,21,35,74.0,Your damage per second is higher than 74% of other Mages between levels 11 and 20.
chr_0078,Mage,11-20,83.7,60,35,71.0,Your damage per second is higher than 71% of other Mages between levels 11 and 20.
chr_1252,Mage,11-20,80.9,58,35,69.0,Your damage per second is higher than 69% of other Mages between levels 11 and 20.
chr_0193,Mage,11-20,80.3,58,35,66.0,Your damage per second is higher than 66% of other Mages between levels 11 and 20.
chr_0481,Mage,11-20,80.3,60,35,63.0,Your damage per second is higher than 63% of other Mages between levels 11 and 20.
chr_0633,Mage,11-20,79.7,59,35,60.0,Your damage per second is higher than 60% of other Mages between levels 11 and 20.
chr_0334,Mage,11-20,79.6,59,35,57.0,Your damage per second is higher than 57% of other Mages between levels 11 and 20.
chr_1537,Mage,11-20,78.1,59,35,54.0,Your damage per second is higher than 54% of other Mages between levels 11 and 20.
chr_1476,Mage,11-20,78.0,36,35,51.0,Your damage per second is higher than 51% of other Mages between levels 11 and 20.
chr_0190,Mage,11-20,77.9,60,35,49.0,Your damage per second is higher than 49% of other Mages between levels 11 and 20.
chr_1153,Mage,11-20,77.8,60,35,46.0,Your damage per second is higher than 46% of other Mages between levels 11 and 20.
chr_1101,Mage,11-20,77.8,58,35,43.0,Your damage per second is higher than 43% of other Mages between levels 11 and 20.
chr_0089,Mage,11-20,77.6,59,35,40.0,Your damage per second is higher than 40% of other Mages between levels 11 and 20.
chr_0417,Mage,11-20,76.4,58,35,37.0,Your damage per second is higher than 37% of other Mages between levels 11 and 20.
chr_0448,Mage,11-20,76.0,12,35,34.0,Your damage per second is higher than 34% of other Mages between levels 11 and 20.
chr_1555,Mage,11-20,75.8,59,35,31.0,Your damage per second is higher than 31% of other Mages between levels 11 and 20.
chr_0868,Mage,11-20,75.7,60,35,29.0,Your damage per second is higher than 29% of other Mages between levels 11 and 20.
chr_0924,Mage,11-20,75.2,58,35,26.0,Your damage per second is higher than 26% of other Mages between levels 11 and 20.
chr_1050,Mage,11-20,75.0,60,35,23.0,Your damage per second is higher than 23% of other Mages between levels 11 and 20.
chr_1779,Mage,11-20,73.7,58,35,20.0,Your damage per second is higher than 20% of other Mages between levels 11 and 20.
chr_1629,Mage,11-20,73.4,58,35,17.0,Your damage per second is higher than 17% of other Mages between levels 11 and 20.
chr_0289,Mage,11-20,71.1,59,35,14.0,Your damage per second is higher than 14% of other Mages between levels 11 and 20.
chr_0938,Mage,11-20,69.8,58,35,11.0,Your damage per second is higher than 11% of other Mages between levels 11 and 20.
chr_1296,Mage,11-20,66.6,38,35,9.0,Your damage per second is higher than 9% of other Mages between levels 11 and 20.
chr_0133,Mage,11-20,62.3,15,35,6.0,Your damage per second is higher than 6% of other Mages between levels 11 and 20.
chr_1082,Mage,11-20,42.9,59,35,3.0,Your damage per second is higher than 3% of other Mages between levels 11 and 20.
chr_1774,Mage,11-20,18.1,72,35,0.0,Your damage per second is higher than 0% of other Mages between levels 11 and 20.
chr_0016,Mage,21-30,142.1,13,58,100.0,Your damage per second is higher than 100% of other Mages between levels 21 and 30.
chr_1607,Mage,21-30,134.6,12,58,98.0,Your damage per second is higher than 98% of other Mages between levels 21 and 30.
chr_1363,Mage,21-30,134.4,36,58,97.0,Your damage per second is higher than 97% of other Mages between levels 21 and 30.
chr_0431,Mage,21-30,133.7,30,58,95.0,Your damage per second is higher than 95% of other Mages between levels 21 and 30.
chr_1436,Mage,21-30,133.0,41,58,93.0,Your damage per second is higher than 93% of other Mages between levels 21 and 30.
chr_1304,Mage,21-30,132.6,48,58,91.0,Your damage per second is higher than 91% of other Mages between levels 21 and 30.
chr_1550,Mage,21-30,131.7,51,58,90.0,Your damage per second is higher than 90% of other Mages between levels 21 and 30.
chr_0343,Mage,21-30,131.6,49,58,88.0,Your damage per second is higher than 88% of other Mages between levels 21 and 30.
chr_1778,Mage,21-30,129.1,34,58,86.0,Your damage per second is higher than 86% of other Mages between levels 21 and 30.
chr_0801,Mage,21-30,128.3,65,58,84.0,Your damage per second is higher than 84% of other Mages between levels 21 and 30.
chr_0641,Mage,21-30,127.0,72,58,83.0,Your damage per second is higher than 83% of other Mages between levels 21 and 30.
chr_1047,Mage,21-30,125.5,46,58,81.0,Your damage per second is higher than 81% of other Mages between levels 21 and 30.
chr_0562,Mage,21-30,124.0,71,58,79.0,Your damage per second is higher than 79% of other Mages between levels 21 and 30.
chr_0293,Mage,21-30,123.9,73,58,78.0,Your damage per second is higher than 78% of other Mages between levels 21 and 30.
chr_1749,Mage,21-30,123.5,70,58,76.0,Your damage per second is higher than 76% of other Mages between levels 21 and 30.
chr_1108,Mage,21-30,123.5,70,58,74.0,Your damage per second is higher than 74% of other Mages between levels 21 and 30.
chr_1533,Mage,21-30,123.1,70,58,72.0,Your damage per second is higher than 72% of other Mages between levels 21 and 30.
chr_0123,Mage,21-30,123.1,70,58,71.0,Your damage per second is higher than 71% of other Mages between levels 21 and 30.
chr_0510,Mage,21-30,123.1,73,58,69.0,Your damage per second is higher than 69% of other Mages between levels 21 and 30.
chr_1540,Mage,21-30,122.8,70,58,67.0,Your damage per second is higher than 67% of other Mages between levels 21 and 30.
chr_0948,Mage,21-30,122.1,57,58,66.0,Your damage per second is higher than 66% of other Mages between levels 21 and 30.
chr_0987,Mage,21-30,121.6,69,58,64.0,Your damage per second is higher than 64% of other Mages between levels 21 and 30.
chr_0238,Mage,21-30,121.5,71,58,62.0,Your damage per second is higher than 62% of other Mages between levels 21 and 30.
chr_0451,Mage,21-30,120.8,68,58,60.0,Your damage per second is higher than 60% of other Mages between levels 21 and 30.
chr_0852,Mage,21-30,119.9,18,58,59.0,Your damage per second is higher than 59% of other Mages between levels 21 and 30.
chr_0078,Mage,21-30,119.0,70,58,57.0,Your damage per second is higher than 57% of other Mages between levels 21 and 30.
chr_0021,Mage,21-30,119.0,65,58,55.0,Your damage per second is higher than 55% of other Mages between levels 21 and 30.
chr_0868,Mage,21-30,118.6,64,58,53.0,Your damage per second is higher than 53% of other Mages between levels 21 and 30.
chr_1252,Mage,21-30,118.3,71,58,52.0,Your damage per second is higher than 52% of other Mages between levels 21 and 30.
chr_1270,Mage,21-30,117.8,12,58,50.0,Your damage per second is higher than 50% of other Mages between levels 21 and 30.
chr_0481,Mage,21-30,117.7,69,58,48.0,Your damage per second is higher than 48% of other Mages between levels 21 and 30.
chr_1595,Mage,21-30,117.4,41,58,47.0,Your damage per second is higher than 47% of other Mages between levels 21 and 30.
chr_0483,Mage,21-30,117.3,31,58,45.0,Your damage per second is higher than 45% of other Mages between levels 21 and 30.
chr_0633,Mage,21-30,116.8,68,58,43.0,Your damage per second is higher than 43% of other Mages between levels 21 and 30.
chr_1530,Mage,21-30,116.4,64,58,41.0,Your damage per second is higher than 41% of other Mages between levels 21 and 30.
chr_0505,Mage,21-30,116.3,42,58,40.0,Your damage per second is higher than 40% of other Mages between levels 21 and 30.
chr_1153,Mage,21-30,116.0,70,58,38.0,Your damage per second is higher than 38% of other Mages between levels 21 and 30.
chr_0190,Mage,21-30,115.6,68,58,36.0,Your damage per second is higher than 36% of other Mages between levels 21 and 30.
chr_0334,Mage,21-30,114.8,68,58,34.0,Your damage per second is higher than 34% of other Mages between levels 21 and 30.
chr_0417,Mage,21-30,114.1,61,58,33.0,Your damage per second is higher than 33% of other Mages between levels 21 and 30.
chr_1779,Mage,21-30,113.6,72,58,31.0,Your damage per second is higher than 31% of other Mages between levels 21 and 30.
chr_0089,Mage,21-30,113.5,68,58,28.0,Your damage per second is higher than 28% of other Mages between levels 21 and 30.
chr_0193,Mage,21-30,113.5,71,58,29.0,Your damage per second is higher than 29% of other Mages between levels 21 and 30.
chr_1187,Mage,21-30,113.2,34,58,26.0,Your damage per second is higher than 26% of other Mages between levels 21 and 30.
chr_1629,Mage,21-30,112.3,71,58,24.0,Your damage per second is higher than 24% of other Mages between levels 21 and 30.
chr_0152,Mage,21-30,112.1,31,58,22.0,Your damage per second is higher than 22% of other Mages between levels 21 and 30.
chr_0484,Mage,21-30,111.6,23,58,21.0,Your damage per second is higher than 21% of other Mages between levels 21 and 30.
chr_1101,Mage,21-30,109.9,52,58,19.0,Your damage per second is higher than 19% of other Mages between levels 21 and 30.
chr_0289,Mage,21-30,109.4,71,58,17.0,Your damage per second is higher than 17% of other Mages between levels 21 and 30.
chr_1679,Mage,21-30,107.7,33,58,16.0,Your damage per second is higher than 16% of other Mages between levels 21 and 30.
chr_1612,Mage,21-30,106.4,18,58,14.0,Your damage per second is higher than 14% of other Mages between levels 21 and 30.
chr_1050,Mage,21-30,106.4,37,58,12.0,Your damage per second is higher than 12% of other Mages between levels 21 and 30.
chr_1537,Mage,21-30,103.1,25,58,10.0,Your damage per second is higher than 10% of other Mages between levels 21 and 30.
chr_0402,Mage,21-30,102.7,22,58,9.0,Your damage per second is higher than 9% of other Mages between levels 21 and 30.
chr_0938,Mage,21-30,100.4,74,58,7.0,Your damage per second is higher than 7% of other Mages between levels 21 and 30.
chr_0448,Mage,21-30,99.7,19,58,5.0,Your damage per second is higher than 5% of other Mages between levels 21 and 30.
chr_1082,Mage,21-30,96.5,26,58,3.0,Your damage per second is higher than 3% of other Mages between levels 21 and 30.
chr_0474,Mage,21-30,95.9,24,58,2.0,Your damage per second is higher than 2% of other Mages between levels 21 and 30.
chr_1774,Mage,21-30,79.1,44,58,0.0,Your damage per second is higher than 0% of other Mages between levels 21 and 30.
chr_0359,Mage,31-40,186.5,10,69,100.0,Your damage per second is higher than 100% of other Mages between levels 31 and 40.
chr_0124,Mage,31-40,179.4,12,69,99.0,Your damage per second is higher than 99% of other Mages between levels 31 and 40.
chr_0841,Mage,31-40,176.7,44,69,97.0,Your damage per second is higher than 97% of other Mages between levels 31 and 40.
chr_1004,Mage,31-40,174.2,57,69,96.0,Your damage per second is higher than 96% of other Mages between levels 31 and 40.
chr_0923,Mage,31-40,174.2,36,69,94.0,Your damage per second is higher than 94% of other Mages between levels 31 and 40.
chr_0214,Mage,31-40,173.6,36,69,93.0,Your damage per second is higher than 93% of other Mages between levels 31 and 40.
chr_1276,Mage,31-40,173.2,40,69,91.0,Your damage per second is higher than 91% of other Mages between levels 31 and 40.
chr_0341,Mage,31-40,168.3,62,69,90.0,Your damage per second is higher than 90% of other Mages between levels 31 and 40.
chr_1669,Mage,31-40,168.1,14,69,88.0,Your damage per second is higher than 88% of other Mages between levels 31 and 40.
chr_0123,Mage,31-40,166.1,80,69,87.0,Your damage per second is higher than 87% of other Mages between levels 31 and 40.
chr_0500,Mage,31-40,165.7,73,69,86.0,Your damage per second is higher than 86% of other Mages between levels 31 and 40.
chr_1550,Mage,31-40,165.6,72,69,84.0,Your damage per second is higher than 84% of other Mages between levels 31 and 40.
chr_1143,Mage,31-40,165.5,62,69,83.0,Your damage per second is higher than 83% of other Mages between levels 31 and 40.
chr_1167,Mage,31-40,164.8,71,69,81.0,Your damage per second is higher than 81% of other Mages between levels 31 and 40.
chr_0481,Mage,31-40,164.5,77,69,80.0,Your damage per second is higher than 80% of other Mages between levels 31 and 40.
chr_1436,Mage,31-40,164.4,74,69,78.0,Your damage per second is higher than 78% of other Mages between levels 31 and 40.
chr_0016,Mage,31-40,163.9,78,69,77.0,Your damage per second is higher than 77% of other Mages between levels 31 and 40.
chr_1543,Mage,31-40,163.3,76,69,75.0,Your damage per second is higher than 75% of other Mages between levels 31 and 40.
chr_0293,Mage,31-40,163.0,76,69,74.0,Your damage per second is higher than 74% of other Mages between levels 31 and 40.
chr_0510,Mage,31-40,162.9,80,69,72.0,Your damage per second is higher than 72% of other Mages between levels 31 and 40.
chr_0190,Mage,31-40,162.8,74,69,71.0,Your damage per second is higher than 71% of other Mages between levels 31 and 40.
chr_1655,Mage,31-40,162.7,73,69,70.0,Your damage per second is higher than 70% of other Mages between levels 31 and 40.
chr_1095,Mage,31-40,162.7,17,69,68.0,Your damage per second is higher than 68% of other Mages between levels 31 and 40.
chr_0912,Mage,31-40,162.6,74,69,67.0,Your damage per second is higher than 67% of other Mages between levels 31 and 40.
chr_0771,Mage,31-40,162.4,75,69,65.0,Your damage per second is higher than 65% of other Mages between levels 31 and 40.
chr_1375,Mage,31-40,162.4,74,69,64.0,Your damage per second is higher than 64% of other Mages between levels 31 and 40.
chr_1779,Mage,31-40,162.3,72,69,62.0,Your damage per second is higher than 62% of other Mages between levels 31 and 40.
chr_0562,Mage,31-40,162.1,77,69,61.0,Your damage per second is higher than 61% of other Mages between levels 31 and 40.
chr_1252,Mage,31-40,161.6,73,69,59.0,Your damage per second is higher than 59% of other Mages between levels 31 and 40.
chr_0193,Mage,31-40,161.6,76,69,58.0,Your damage per second is higher than 58% of other Mages between levels 31 and 40.
chr_0343,Mage,31-40,161.1,77,69,57.0,Your damage per second is higher than 57% of other Mages between levels 31 and 40.
chr_0633,Mage,31-40,161.0,78,69,55.0,Your damage per second is higher than 55% of other Mages between levels 31 and 40.
chr_1304,Mage,31-40,160.7,74,69,54.0,Your damage per second is higher than 54% of other Mages between levels 31 and 40.
chr_1607,Mage,31-40,160.1,48,69,52.0,Your damage per second is higher than 52% of other Mages between levels 31 and 40.
chr_1108,Mage,31-40,160.0,69,69,51.0,Your damage per second is higher than 51% of other Mages between levels 31 and 40.
chr_0641,Mage,31-40,159.9,74,69,49.0,Your damage per second is higher than 49% of other Mages between levels 31 and 40.
chr_1629,Mage,31-40,159.3,73,69,48.0,Your damage per second is higher than 48% of other Mages between levels 31 and 40.
chr_0801,Mage,31-40,158.9,75,69,46.0,Your damage per second is higher than 46% of other Mages between levels 31 and 40.
chr_0078,Mage,31-40,158.4,72,69,45.0,Your damage per second is higher than 45% of other Mages between levels 31 and 40.
chr_0238,Mage,31-40,158.0,76,69,43.0,Your damage per second is higher than 43% of other Mages between levels 31 and 40.
chr_0948,Mage,31-40,157.8,61,69,42.0,Your damage per second is higher than 42% of other Mages between levels 31 and 40.
chr_0089,Mage,31-40,157.4,73,69,41.0,Your damage per second is higher than 41% of other Mages between levels 31 and 40.
chr_0125,Mage,31-40,157.2,69,69,39.0,Your damage per second is higher than 39% of other Mages between levels 31 and 40.
chr_1749,Mage,31-40,157.1,74,69,38.0,Your damage per second is higher than 38% of other Mages between levels 31 and 40.
chr_0451,Mage,31-40,156.8,71,69,36.0,Your damage per second is higher than 36% of other Mages between levels 31 and 40.
chr_1540,Mage,31-40,156.1,73,69,35.0,Your damage per second is higher than 35% of other Mages between levels 31 and 40.
chr_1533,Mage,31-40,155.9,81,69,33.0,Your damage per second is higher than 33% of other Mages between levels 31 and 40.
chr_0938,Mage,31-40,154.1,79,69,32.0,Your damage per second is higher than 32% of other Mages between levels 31 and 40.
chr_0021,Mage,31-40,151.6,76,69,30.0,Your damage per second is higher than 30% of other Mages between levels 31 and 40.
chr_0431,Mage,31-40,150.5,38,69,29.0,Your damage per second is higher than 29% of other Mages between levels 31 and 40.
chr_1153,Mage,31-40,150.5,76,69,28.0,Your damage per second is higher than 28% of other Mages between levels 31 and 40.
chr_1047,Mage,31-40,147.2,33,69,26.0,Your damage per second is higher than 26% of other Mages between levels 31 and 40.
chr_1636,Mage,31-40,147.0,66,69,25.0,Your damage per second is higher than 25% of other Mages between levels 31 and 40.
chr_0483,Mage,31-40,146.7,46,69,23.0,Your damage per second is higher than 23% of other Mages between levels 31 and 40.
chr_1363,Mage,31-40,145.5,15,69,22.0,Your damage per second is higher than 22% of other Mages between levels 31 and 40.
chr_0402,Mage,31-40,144.2,30,69,20.0,Your damage per second is higher than 20% of other Mages between levels 31 and 40.
chr_0987,Mage,31-40,143.6,10,69,19.0,Your damage per second is higher than 19% of other Mages between levels 31 and 40.
chr_1698,Mage,31-40,142.3,33,69,17.0,Your damage per second is higher than 17% of other Mages between levels 31 and 40.
chr_1595,Mage,31-40,140.8,61,69,16.0,Your damage per second is higher than 16% of other Mages between levels 31 and 40.
chr_0152,Mage,31-40,135.5,57,69,14.0,Your damage per second is higher than 14% of other Mages between levels 31 and 40.
chr_1173,Mage,31-40,135.2,62,69,13.0,Your damage per second is higher than 13% of other Mages between levels 31 and 40.
chr_0484,Mage,31-40,133.1,60,69,12.0,Your damage per second is higher than 12% of other Mages between levels 31 and 40.
chr_1679,Mage,31-40,132.9,20,69,10.0,Your damage per second is higher than 10% of other Mages between levels 31 and 40.
chr_1612,Mage,31-40,131.9,27,69,9.0,Your damage per second is higher than 9% of other Mages between levels 31 and 40.
chr_0448,Mage,31-40,129.9,26,69,7.0,Your damage per second is higher than 7% of other Mages between levels 31 and 40.
chr_0334,Mage,31-40,129.0,57,69,6.0,Your damage per second is higher than 6% of other Mages between levels 31 and 40.
chr_0852,Mage,31-40,128.1,22,69,4.0,Your damage per second is higher than 4% of other Mages between levels 31 and 40.
chr_0474,Mage,31-40,126.8,72,69,3.0,Your damage per second is higher than 3% of other Mages between levels 31 and 40.
chr_1187,Mage,31-40,121.4,32,69,1.0,Your damage per second is higher than 1% of other Mages between levels 31 and 40.
chr_1774,Mage,31-40,110.3,63,69,0.0,Your damage per second is higher than 0% of other Mages between levels 31 and 40.
chr_1713,Mage,41-50,223.4,12,75,100.0,Your damage per second is higher than 100% of other Mages between levels 41 and 50.
chr_0537,Mage,41-50,218.7,37,75,99.0,Your damage per second is higher than 99% of other Mages between levels 41 and 50.
chr_0359,Mage,41-50,207.5,100,75,97.0,Your damage per second is higher than 97% of other Mages between levels 41 and 50.
chr_1411,Mage,41-50,207.3,78,75,96.0,Your damage per second is higher than 96% of other Mages between levels 41 and 50.
chr_1550,Mage,41-50,205.5,96,75,95.0,Your damage per second is higher than 95% of other Mages between levels 41 and 50.
chr_0779,Mage,41-50,205.0,96,75,93.0,Your damage per second is higher than 93% of other Mages between levels 41 and 50.
chr_1252,Mage,41-50,204.9,91,75,92.0,Your damage per second is higher than 92% of other Mages between levels 41 and 50.
chr_1006,Mage,41-50,204.7,94,75,91.0,Your damage per second is higher than 91% of other Mages between levels 41 and 50.
chr_0341,Mage,41-50,204.7,99,75,89.0,Your damage per second is higher than 89% of other Mages between levels 41 and 50.
chr_0437,Mage,41-50,204.7,97,75,88.0,Your damage per second is higher than 88% of other Mages between levels 41 and 50.
chr_1004,Mage,41-50,204.4,103,75,87.0,Your damage per second is higher than 87% of other Mages between levels 41 and 50.
chr_0771,Mage,41-50,203.4,94,75,85.0,Your damage per second is higher than 85% of other Mages between levels 41 and 50.
chr_0190,Mage,41-50,203.4,95,75,84.0,Your damage per second is higher than 84% of other Mages between levels 41 and 50.
chr_1359,Mage,41-50,203.0,92,75,83.0,Your damage per second is higher than 83% of other Mages between levels 41 and 50.
chr_1540,Mage,41-50,202.6,95,75,81.0,Your damage per second is higher than 81% of other Mages between levels 41 and 50.
chr_0214,Mage,41-50,202.3,94,75,80.0,Your damage per second is higher than 80% of other Mages between levels 41 and 50.
chr_1304,Mage,41-50,202.0,96,75,79.0,Your damage per second is higher than 79% of other Mages between levels 41 and 50.
chr_0193,Mage,41-50,202.0,98,75,77.0,Your damage per second is higher than 77% of other Mages between levels 41 and 50.
chr_0293,Mage,41-50,201.9,95,75,76.0,Your damage per second is higher than 76% of other Mages between levels 41 and 50.
chr_1533,Mage,41-50,201.6,98,75,75.0,Your damage per second is higher than 75% of other Mages between levels 41 and 50.
chr_1143,Mage,41-50,200.9,94,75,73.0,Your damage per second is higher than 73% of other Mages between levels 41 and 50.
chr_0016,Mage,41-50,200.8,93,75,72.0,Your damage per second is higher than 72% of other Mages between levels 41 and 50.
chr_1032,Mage,41-50,200.6,78,75,71.0,Your damage per second is higher than 71% of other Mages between levels 41 and 50.
chr_0125,Mage,41-50,200.2,73,75,69.0,Your damage per second is higher than 69% of other Mages between levels 41 and 50.
chr_1436,Mage,41-50,200.1,94,75,68.0,Your damage per second is higher than 68% of other Mages between levels 41 and 50.
chr_0633,Mage,41-50,200.1,94,75,67.0,Your damage per second is higher than 67% of other Mages between levels 41 and 50.
chr_0481,Mage,41-50,200.1,95,75,65.0,Your damage per second is higher than 65% of other Mages between levels 41 and 50.
chr_1689,Mage,41-50,200.0,45,75,64.0,Your damage per second is higher than 64% of other Mages between levels 41 and 50.
chr_0923,Mage,41-50,199.9,98,75,63.0,Your damage per second is higher than 63% of other Mages between levels 41 and 50.
chr_0500,Mage,41-50,199.7,86,75,61.0,Your damage per second is higher than 61% of other Mages between levels 41 and 50.
chr_1167,Mage,41-50,199.3,95,75,60.0,Your damage per second is higher than 60% of other Mages between levels 41 and 50.
chr_1381,Mage,41-50,199.3,93,75,59.0,Your damage per second is higher than 59% of other Mages between levels 41 and 50.
chr_0641,Mage,41-50,199.1,94,75,57.0,Your damage per second is higher than 57% of other Mages between levels 41 and 50.
chr_0562,Mage,41-50,198.6,100,75,56.0,Your damage per second is higher than 56% of other Mages between levels 41 and 50.
chr_1375,Mage,41-50,198.5,94,75,55.0,Your damage per second is higher than 55% of other Mages between levels 41 and 50.
chr_0451,Mage,41-50,198.5,95,75,53.0,Your damage per second is higher than 53% of other Mages between levels 41 and 50.
chr_1543,Mage,41-50,198.4,93,75,51.0,Your damage per second is higher than 51% of other Mages between levels 41 and 50.
chr_0841,Mage,41-50,198.4,94,75,52.0,Your damage per second is higher than 52% of other Mages between levels 41 and 50.
chr_1042,Mage,41-50,197.8,39,75,49.0,Your damage per second is higher than 49% of other Mages between levels 41 and 50.
chr_0238,Mage,41-50,196.3,71,75,48.0,Your damage per second is higher than 48% of other Mages between levels 41 and 50.
chr_1749,Mage,41-50,196.0,87,75,47.0,Your damage per second is higher than 47% of other Mages between levels 41 and 50.
chr_0510,Mage,41-50,195.9,92,75,45.0,Your damage per second is higher than 45% of other Mages between levels 41 and 50.
chr_0912,Mage,41-50,195.8,95,75,44.0,Your damage per second is higher than 44% of other Mages between levels 41 and 50.
chr_0124,Mage,41-50,195.5,105,75,43.0,Your damage per second is higher than 43% of other Mages between levels 41 and 50.
chr_0089,Mage,41-50,195.4,94,75,41.0,Your damage per second is higher than 41% of other Mages between levels 41 and 50.
chr_0078,Mage,41-50,195.1,92,75,40.0,Your damage per second is higher than 40% of other Mages between levels 41 and 50.
chr_1276,Mage,41-50,194.9,48,75,39.0,Your damage per second is higher than 39% of other Mages between levels 41 and 50.
chr_0123,Mage,41-50,194.8,99,75,37.0,Your damage per second is higher than 37% of other Mages between levels 41 and 50.
chr_0343,Mage,41-50,194.6,96,75,36.0,Your damage per second is higher than 36% of other Mages between levels 41 and 50.
chr_1173,Mage,41-50,193.0,33,75,35.0,Your damage per second is higher than 35% of other Mages between levels 41 and 50.
chr_0021,Mage,41-50,192.4,89,75,33.0,Your damage per second is higher than 33% of other Mages between levels 41 and 50.
chr_0594,Mage,41-50,190.9,31,75,32.0,Your damage per second is higher than 32% of other Mages between levels 41 and 50.
chr_1607,Mage,41-50,190.7,35,75,31.0,Your damage per second is higher than 31% of other Mages between levels 41 and 50.
chr_0801,Mage,41-50,186.6,37,75,29.0,Your damage per second is higher than 29% of other Mages between levels 41 and 50.
chr_1153,Mage,41-50,186.4,96,75,28.0,Your damage per second is higher than 28% of other Mages between levels 41 and 50.
chr_0334,Mage,41-50,185.8,92,75,27.0,Your damage per second is higher than 27% of other Mages between levels 41 and 50.
chr_0948,Mage,41-50,185.3,48,75,25.0,Your damage per second is higher than 25% of other Mages between levels 41 and 50.
chr_0152,Mage,41-50,185.2,70,75,24.0,Your damage per second is higher than 24% of other Mages between levels 41 and 50.
chr_1629,Mage,41-50,183.9,54,75,23.0,Your damage per second is higher than 23% of other Mages between levels 41 and 50.
chr_1655,Mage,41-50,183.4,23,75,21.0,Your damage per second is higher than 21% of other Mages between levels 41 and 50.
chr_1636,Mage,41-50,182.8,78,75,20.0,Your damage per second is higher than 20% of other Mages between levels 41 and 50.
chr_1679,Mage,41-50,180.3,37,75,19.0,Your damage per second is higher than 19% of other Mages between levels 41 and 50.
chr_1595,Mage,41-50,176.9,57,75,17.0,Your damage per second is higher than 17% of other Mages between levels 41 and 50.
chr_0483,Mage,41-50,175.9,53,75,16.0,Your damage per second is higher than 16% of other Mages between levels 41 and 50.
chr_0402,Mage,41-50,174.9,42,75,15.0,Your damage per second is higher than 15% of other Mages between levels 41 and 50.
chr_0938,Mage,41-50,173.1,72,75,13.0,Your damage per second is higher than 13% of other Mages between levels 41 and 50.
chr_0030,Mage,41-50,172.3,71,75,12.0,Your damage per second is higher than 12% of other Mages between levels 41 and 50.
chr_0448,Mage,41-50,168.3,59,75,11.0,Your damage per second is higher than 11% of other Mages between levels 41 and 50.
chr_1669,Mage,41-50,168.3,54,75,9.0,Your damage per second is higher than 9% of other Mages between levels 41 and 50.
chr_1698,Mage,41-50,168.2,47,75,8.0,Your damage per second is higher than 8% of other Mages between levels 41 and 50.
chr_1774,Mage,41-50,163.5,66,75,7.0,Your damage per second is higher than 7% of other Mages between levels 41 and 50.
chr_0852,Mage,41-50,162.1,12,75,5.0,Your damage per second is higher than 5% of other Mages between levels 41 and 50.
chr_1187,Mage,41-50,161.9,44,75,4.0,Your damage per second is higher than 4% of other Mages between levels 41 and 50.
chr_0474,Mage,41-50,157.7,58,75,3.0,Your damage per second is higher than 3% of other Mages between levels 41 and 50.
chr_1612,Mage,41-50,149.5,11,75,1.0,Your damage per second is higher than 1% of other Mages between levels 41 and 50.
chr_0484,Mage,41-50,148.4,78,75,0.0,Your damage per second is higher than 0% of other Mages between levels 41 and 50.
chr_0530,Mage,51-60,263.0,20,93,100.0,Your damage per second is higher than 100% of other Mages between levels 51 and 60.
chr_1009,Mage,51-60,262.0,17,93,99.0,Your damage per second is higher than 99% of other Mages between levels 51 and 60.
chr_0007,Mage,51-60,261.3,27,93,98.0,Your damage per second is higher than 98% of other Mages between levels 51 and 60.
chr_0757,Mage,51-60,259.8,18,93,97.0,Your damage per second is higher than 97% of other Mages between levels 51 and 60.
chr_0454,Mage,51-60,259.2,36,93,96.0,Your damage per second is higher than 96% of other Mages between levels 51 and 60.
chr_1722,Mage,51-60,256.8,33,93,95.0,Your damage per second is higher than 95% of other Mages between levels 51 and 60.
chr_0317,Mage,51-60,255.8,48,93,94.0,Your damage per second is higher than 94% of other Mages between levels 51 and 60.
chr_0608,Mage,51-60,251.4,65,93,92.0,Your damage per second is higher than 92% of other Mages between levels 51 and 60.
chr_1111,Mage,51-60,248.8,49,93,91.0,Your damage per second is higher than 91% of other Mages between levels 51 and 60.
chr_1167,Mage,51-60,248.1,94,93,90.0,Your damage per second is higher than 90% of other Mages between levels 51 and 60.
chr_1542,Mage,51-60,247.4,94,93,89.0,Your damage per second is higher than 89% of other Mages between levels 51 and 60.
chr_0779,Mage,51-60,246.4,86,93,88.0,Your damage per second is higher than 88% of other Mages between levels 51 and 60.
chr_1436,Mage,51-60,246.3,99,93,87.0,Your damage per second is higher than 87% of other Mages between levels 51 and 60.
chr_0382,Mage,51-60,246.2,93,93,86.0,Your damage per second is higher than 86% of other Mages between levels 51 and 60.
chr_0487,Mage,51-60,246.0,43,93,85.0,Your damage per second is higher than 85% of other Mages between levels 51 and 60.
chr_1153,Mage,51-60,245.8,93,93,84.0,Your damage per second is higher than 84% of other Mages between levels 51 and 60.
chr_0537,Mage,51-60,245.7,96,93,83.0,Your damage per second is higher than 83% of other Mages between levels 51 and 60.
chr_0257,Mage,51-60,245.6,98,93,82.0,Your damage per second is higher than 82% of other Mages between levels 51 and 60.
chr_0372,Mage,51-60,245.4,51,93,81.0,Your damage per second is higher than 81% of other Mages between levels 51 and 60.
chr_0126,Mage,51-60,245.2,19,93,80.0,Your damage per second is higher than 80% of other Mages between levels 51 and 60.
chr_0078,Mage,51-60,245.1,94,93,78.0,Your damage per second is higher than 78% of other Mages between levels 51 and 60.
chr_1004,Mage,51-60,245.1,82,93,77.0,Your damage per second is higher than 77% of other Mages between levels 51 and 60.
chr_1026,Mage,51-60,245.0,95,93,76.0,Your damage per second is higher than 76% of other Mages between levels 51 and 60.
chr_0293,Mage,51-60,244.7,95,93,75.0,Your damage per second is higher than 75% of other Mages between levels 51 and 60.
chr_1459,Mage,51-60,244.7,94,93,74.0,Your damage per second is higher than 74% of other Mages between levels 51 and 60.
chr_1006,Mage,51-60,244.5,98,93,73.0,Your damage per second is higher than 73% of other Mages between levels 51 and 60.
chr_1143,Mage,51-60,244.5,102,93,72.0,Your damage per second is higher than 72% of other Mages between levels 51 and 60.
chr_0334,Mage,51-60,244.0,94,93,71.0,Your damage per second is higher than 71% of other Mages between levels 51 and 60.
chr_0359,Mage,51-60,243.9,92,93,70.0,Your damage per second is higher than 70% of other Mages between levels 51 and 60.
chr_1737,Mage,51-60,243.7,54,93,69.0,Your damage per second is higher than 69% of other Mages between levels 51 and 60.
chr_1713,Mage,51-60,243.2,97,93,68.0,Your damage per second is higher than 68% of other Mages between levels 51 and 60.
chr_0125,Mage,51-60,243.2,92,93,67.0,Your damage per second is higher than 67% of other Mages between levels 51 and 60.
chr_0771,Mage,51-60,243.0,98,93,66.0,Your damage per second is higher than 66% of other Mages between levels 51 and 60.
chr_1411,Mage,51-60,242.8,97,93,65.0,Your damage per second is higher than 65% of other Mages between levels 51 and 60.
chr_1540,Mage,51-60,242.8,95,93,63.0,Your damage per second is higher than 63% of other Mages between levels 51 and 60.
chr_0633,Mage,51-60,242.4,105,93,62.0,Your damage per second is higher than 62% of other Mages between levels 51 and 60.
chr_1543,Mage,51-60,241.8,99,93,61.0,Your damage per second is higher than 61% of other Mages between levels 51 and 60.
chr_1550,Mage,51-60,241.5,96,93,60.0,Your damage per second is higher than 60% of other Mages between levels 51 and 60.
chr_1032,Mage,51-60,241.5,66,93,59.0,Your damage per second is higher than 59% of other Mages between levels 51 and 60.
chr_1359,Mage,51-60,240.8,96,93,58.0,Your damage per second is higher than 58% of other Mages between levels 51 and 60.
chr_0798,Mage,51-60,240.4,94,93,57.0,Your damage per second is higher than 57% of other Mages between levels 51 and 60.
chr_1304,Mage,51-60,240.2,95,93,56.0,Your damage per second is higher than 56% of other Mages between levels 51 and 60.
chr_0411,Mage,51-60,239.9,50,93,55.0,Your damage per second is higher than 55% of other Mages between levels 51 and 60.
chr_0193,Mage,51-60,239.7,96,93,54.0,Your damage per second is higher than 54% of other Mages between levels 51 and 60.
chr_0341,Mage,51-60,239.6,105,93,53.0,Your damage per second is higher than 53% of other Mages between levels 51 and 60.
chr_1741,Mage,51-60,239.2,49,93,52.0,Your damage per second is higher than 52% of other Mages between levels 51 and 60.
chr_1381,Mage,51-60,238.9,87,93,51.0,Your damage per second is higher than 51% of other Mages between levels 51 and 60.
chr_0451,Mage,51-60,238.7,92,93,49.0,Your damage per second is higher than 49% of other Mages between levels 51 and 60.
chr_0641,Mage,51-60,238.4,98,93,48.0,Your damage per second is higher than 48% of other Mages between levels 51 and 60.
chr_0562,Mage,51-60,238.0,98,93,47.0,Your damage per second is higher than 47% of other Mages between levels 51 and 60.
chr_0016,Mage,51-60,237.5,95,93,46.0,Your damage per second is higher than 46% of other Mages between levels 51 and 60.
chr_0021,Mage,51-60,236.6,94,93,45.0,Your damage per second is higher than 45% of other Mages between levels 51 and 60.
chr_1533,Mage,51-60,236.1,95,93,44.0,Your damage per second is higher than 44% of other Mages between levels 51 and 60.
chr_0510,Mage,51-60,235.9,98,93,43.0,Your damage per second is higher than 43% of other Mages between levels 51 and 60.
chr_0124,Mage,51-60,235.5,96,93,42.0,Your damage per second is higher than 42% of other Mages between levels 51 and 60.
chr_0755,Mage,51-60,235.4,57,93,41.0,Your damage per second is higher than 41% of other Mages between levels 51 and 60.
chr_0841,Mage,51-60,235.3,103,93,40.0,Your damage per second is higher than 40% of other Mages between levels 51 and 60.
chr_1749,Mage,51-60,235.3,81,93,39.0,Your damage per second is higher than 39% of other Mages between levels 51 and 60.
chr_0152,Mage,51-60,234.9,48,93,38.0,Your damage per second is higher than 38% of other Mages between levels 51 and 60.
chr_0214,Mage,51-60,234.3,72,93,37.0,Your damage per second is higher than 37% of other Mages between levels 51 and 60.
chr_0190,Mage,51-60,234.2,78,93,35.0,Your damage per second is higher than 35% of other Mages between levels 51 and 60.
chr_0089,Mage,51-60,233.5,71,93,34.0,Your damage per second is higher than 34% of other Mages between levels 51 and 60.
chr_0847,Mage,51-60,232.2,94,93,33.0,Your damage per second is higher than 33% of other Mages between levels 51 and 60.
chr_0437,Mage,51-60,230.9,37,93,32.0,Your damage per second is higher than 32% of other Mages between levels 51 and 60.
chr_1276,Mage,51-60,230.8,53,93,31.0,Your damage per second is higher than 31% of other Mages between levels 51 and 60.
chr_1669,Mage,51-60,230.7,88,93,30.0,Your damage per second is higher than 30% of other Mages between levels 51 and 60.
chr_1644,Mage,51-60,229.9,75,93,29.0,Your damage per second is higher than 29% of other Mages between levels 51 and 60.
chr_0923,Mage,51-60,229.6,85,93,28.0,Your damage per second is higher than 28% of other Mages between levels 51 and 60.
chr_1595,Mage,51-60,227.9,56,93,27.0,Your damage per second is higher than 27% of other Mages between levels 51 and 60.
chr_0343,Mage,51-60,227.6,65,93,26.0,Your damage per second is higher than 26% of other Mages between levels 51 and 60.
chr_1636,Mage,51-60,227.2,97,93,25.0,Your damage per second is higher than 25% of other Mages between levels 51 and 60.
chr_0030,Mage,51-60,226.4,96,93,24.0,Your damage per second is higher than 24% of other Mages between levels 51 and 60.
chr_1319,Mage,51-60,226.3,10,93,23.0,Your damage per second is higher than 23% of other Mages between levels 51 and 60.
chr_0889,Mage,51-60,225.8,51,93,22.0,Your damage per second is higher than 22% of other Mages between levels 51 and 60.
chr_0912,Mage,51-60,225.5,52,93,20.0,Your damage per second is higher than 20% of other Mages between levels 51 and 60.
chr_0402,Mage,51-60,224.8,81,93,19.0,Your damage per second is higher than 19% of other Mages between levels 51 and 60.
chr_0455,Mage,51-60,224.3,80,93,18.0,Your damage per second is higher than 18% of other Mages between levels 51 and 60.
chr_1774,Mage,51-60,219.1,50,93,17.0,Your damage per second is higher than 17% of other Mages between levels 51 and 60.
chr_0123,Mage,51-60,218.8,24,93,16.0,Your damage per second is higher than 16% of other Mages between levels 51 and 60.
chr_0448,Mage,51-60,218.3,48,93,15.0,Your damage per second is higher than 15% of other Mages between levels 51 and 60.
chr_0938,Mage,51-60,217.0,112,93,14.0,Your damage per second is higher than 14% of other Mages between levels 51 and 60.
chr_1607,Mage,51-60,215.7,44,93,13.0,Your damage per second is higher than 13% of other Mages between levels 51 and 60.
chr_1375,Mage,51-60,215.7,30,93,12.0,Your damage per second is higher than 12% of other Mages between levels 51 and 60.
chr_0483,Mage,51-60,215.0,56,93,11.0,Your damage per second is higher than 11% of other Mages between levels 51 and 60.
chr_1267,Mage,51-60,215.0,44,93,10.0,Your damage per second is higher than 10% of other Mages between levels 51 and 60.
chr_0948,Mage,51-60,213.9,60,93,9.0,Your damage per second is higher than 9% of other Mages between levels 51 and 60.
chr_1042,Mage,51-60,212.6,83,93,8.0,Your damage per second is higher than 8% of other Mages between levels 51 and 60.
chr_1679,Mage,51-60,207.6,60,93,6.0,Your damage per second is higher than 6% of other Mages between levels 51 and 60.
chr_0474,Mage,51-60,201.4,57,93,5.0,Your damage per second is higher than 5% of other Mages between levels 51 and 60.
chr_1689,Mage,51-60,200.9,66,93,4.0,Your damage per second is higher than 4% of other Mages between levels 51 and 60.
chr_0255,Mage,51-60,196.9,119,93,3.0,Your damage per second is higher than 3% of other Mages between levels 51 and 60.
chr_1173,Mage,51-60,196.0,65,93,2.0,Your damage per second is higher than 2% of other Mages between levels 51 and 60.
chr_0484,Mage,51-60,192.0,100,93,1.0,Your damage per second is higher than 1% of other Mages between levels 51 and 60.
chr_1187,Mage,51-60,177.6,45,93,0.0,Your damage per second is higher than 0% of other Mages between levels 51 and 60.
chr_0016,Mage,61-70,306.5,1981,98,100.0,Your damage per second is higher than 100% of other Mages between levels 61 and 70.
chr_1140,Mage,61-70,306.2,121,98,99.0,Your damage per second is higher than 99% of other Mages between levels 61 and 70.
chr_0363,Mage,61-70,305.6,1797,98,98.0,Your damage per second is higher than 98% of other Mages between levels 61 and 70.
chr_0634,Mage,61-70,305.3,2014,98,97.0,Your damage per second is higher than 97% of other Mages between levels 61 and 70.
chr_1004,Mage,61-70,305.2,1970,98,96.0,Your damage per second is higher than 96% of other Mages between levels 61 and 70.
chr_1257,Mage,61-70,305.1,255,98,95.0,Your damage per second is higher than 95% of other Mages between levels 61 and 70.
chr_0119,Mage,61-70,305.0,1830,98,93.0,Your damage per second is higher than 93% of other Mages between levels 61 and 70.
chr_0991,Mage,61-70,305.0,2153,98,94.0,Your damage per second is higher than 94% of other Mages between levels 61 and 70.
chr_0591,Mage,61-70,304.9,213,98,92.0,Your damage per second is higher than 92% of other Mages between levels 61 and 70.
chr_1411,Mage,61-70,304.6,2026,98,91.0,Your damage per second is higher than 91% of other Mages between levels 61 and 70.
chr_0608,Mage,61-70,304.4,569,98,90.0,Your damage per second is higher than 90% of other Mages between levels 61 and 70.
chr_1540,Mage,61-70,304.1,1721,98,89.0,Your damage per second is higher than 89% of other Mages between levels 61 and 70.
chr_0334,Mage,61-70,303.9,1507,98,87.0,Your damage per second is higher than 87% of other Mages between levels 61 and 70.
chr_0078,Mage,61-70,303.9,779,98,88.0,Your damage per second is higher than 88% of other Mages between levels 61 and 70.
chr_1153,Mage,61-70,303.7,1215,98,86.0,Your damage per second is higher than 86% of other Mages between levels 61 and 70.
chr_0174,Mage,61-70,303.6,579,98,85.0,Your damage per second is higher than 85% of other Mages between levels 61 and 70.
chr_0041,Mage,61-70,303.3,33,98,84.0,Your damage per second is higher than 84% of other Mages between levels 61 and 70.
chr_0562,Mage,61-70,301.6,1982,98,82.0,Your damage per second is higher than 82% of other Mages between levels 61 and 70.
chr_1026,Mage,61-70,301.6,369,98,83.0,Your damage per second is higher than 83% of other Mages between levels 61 and 70.
chr_1664,Mage,61-70,301.6,2216,98,81.0,Your damage per second is higher than 81% of other Mages between levels 61 and 70.
chr_1550,Mage,61-70,301.5,1938,98,80.0,Your damage per second is higher than 80% of other Mages between levels 61 and 70.
chr_0300,Mage,61-70,301.4,1993,98,79.0,Your damage per second is higher than 79% of other Mages between levels 61 and 70.
chr_0317,Mage,61-70,301.1,563,98,78.0,Your damage per second is higher than 78% of other Mages between levels 61 and 70.
chr_0035,Mage,61-70,300.8,2363,98,77.0,Your damage per second is higher than 77% of other Mages between levels 61 and 70.
chr_1722,Mage,61-70,300.4,348,98,76.0,Your damage per second is higher than 76% of other Mages between levels 61 and 70.
chr_0641,Mage,61-70,300.3,1231,98,74.0,Your damage per second is higher than 74% of other Mages between levels 61 and 70.
chr_0193,Mage,61-70,298.2,233,98,73.0,Your damage per second is higher than 73% of other Mages between levels 61 and 70.
chr_1006,Mage,61-70,297.6,394,98,72.0,Your damage per second is higher than 72% of other Mages between levels 61 and 70.
chr_0021,Mage,61-70,297.5,846,98,71.0,Your damage per second is higher than 71% of other Mages between levels 61 and 70.
chr_0125,Mage,61-70,297.2,353,98,70.0,Your damage per second is higher than 70% of other Mages between levels 61 and 70.
chr_0171,Mage,61-70,296.6,471,98,69.0,Your damage per second is higher than 69% of other Mages between levels 61 and 70.
chr_1201,Mage,61-70,296.6,405,98,68.0,Your damage per second is higher than 68% of other Mages between levels 61 and 70.
chr_1436,Mage,61-70,296.1,230,98,67.0,Your damage per second is higher than 67% of other Mages between levels 61 and 70.
chr_1749,Mage,61-70,295.5,300,98,66.0,Your damage per second is higher than 66% of other Mages between levels 61 and 70.
chr_0798,Mage,61-70,294.7,157,98,65.0,Your damage per second is higher than 65% of other Mages between levels 61 and 70.
chr_0771,Mage,61-70,294.6,200,98,64.0,Your damage per second is higher than 64% of other Mages between levels 61 and 70.
chr_1167,Mage,61-70,293.1,1743,98,63.0,Your damage per second is higher than 63% of other Mages between levels 61 and 70.
chr_1642,Mage,61-70,292.8,2902,98,62.0,Your damage per second is higher than 62% of other Mages between levels 61 and 70.
chr_1143,Mage,61-70,291.8,156,98,61.0,Your damage per second is higher than 61% of other Mages between levels 61 and 70.
chr_1542,Mage,61-70,291.3,162,98,60.0,Your damage per second is higher than 60% of other Mages between levels 61 and 70.
chr_0889,Mage,61-70,291.3,284,98,59.0,Your damage per second is higher than 59% of other Mages between levels 61 and 70.
chr_1607,Mage,61-70,290.5,557,98,58.0,Your damage per second is higher than 58% of other Mages between levels 61 and 70.
chr_1304,Mage,61-70,289.6,161,98,57.0,Your damage per second is higher than 57% of other Mages between levels 61 and 70.
chr_0382,Mage,61-70,289.5,1798,98,56.0,Your damage per second is higher than 56% of other Mages between levels 61 and 70.
chr_1533,Mage,61-70,287.1,136,98,55.0,Your damage per second is higher than 55% of other Mages between levels 61 and 70.
chr_1359,Mage,61-70,286.9,146,98,54.0,Your damage per second is higher than 54% of other Mages between levels 61 and 70.
chr_1636,Mage,61-70,286.5,1893,98,53.0,Your damage per second is higher than 53% of other Mages between levels 61 and 70.
chr_0530,Mage,61-70,284.3,127,98,52.0,Your damage per second is higher than 52% of other Mages between levels 61 and 70.
chr_0007,Mage,61-70,283.7,105,98,51.0,Your damage per second is higher than 51% of other Mages between levels 61 and 70.
chr_0359,Mage,61-70,283.0,110,98,50.0,Your damage per second is higher than 50% of other Mages between levels 61 and 70.
chr_0030,Mage,61-70,282.9,2560,98,49.0,Your damage per second is higher than 49% of other Mages between levels 61 and 70.
chr_1316,Mage,61-70,282.3,18,98,48.0,Your damage per second is higher than 48% of other Mages between levels 61 and 70.
chr_1042,Mage,61-70,282.1,553,98,47.0,Your damage per second is higher than 47% of other Mages between levels 61 and 70.
chr_1267,Mage,61-70,281.8,532,98,46.0,Your damage per second is higher than 46% of other Mages between levels 61 and 70.
chr_0847,Mage,61-70,281.4,1931,98,45.0,Your damage per second is higher than 45% of other Mages between levels 61 and 70.
chr_1683,Mage,61-70,281.0,1928,98,43.0,Your damage per second is higher than 43% of other Mages between levels 61 and 70.
chr_0124,Mage,61-70,281.0,493,98,44.0,Your damage per second is higher than 44% of other Mages between levels 61 and 70.
chr_1150,Mage,61-70,278.5,52,98,42.0,Your damage per second is higher than 42% of other Mages between levels 61 and 70.
chr_0293,Mage,61-70,278.2,97,98,41.0,Your damage per second is higher than 41% of other Mages between levels 61 and 70.
chr_0255,Mage,61-70,278.0,388,98,40.0,Your damage per second is higher than 40% of other Mages between levels 61 and 70.
chr_0455,Mage,61-70,277.2,540,98,39.0,Your damage per second is higher than 39% of other Mages between levels 61 and 70.
chr_0779,Mage,61-70,276.4,80,98,37.0,Your damage per second is higher than 37% of other Mages between levels 61 and 70.
chr_0841,Mage,61-70,276.4,54,98,38.0,Your damage per second is higher than 38% of other Mages between levels 61 and 70.
chr_1032,Mage,61-70,276.2,475,98,36.0,Your damage per second is higher than 36% of other Mages between levels 61 and 70.
chr_1111,Mage,61-70,275.1,2055,98,35.0,Your damage per second is higher than 35% of other Mages between levels 61 and 70.
chr_1346,Mage,61-70,275.0,74,98,34.0,Your damage per second is higher than 34% of other Mages between levels 61 and 70.
chr_0152,Mage,61-70,274.8,509,98,33.0,Your damage per second is higher than 33% of other Mages between levels 61 and 70.
chr_1713,Mage,61-70,274.5,53,98,32.0,Your damage per second is higher than 32% of other Mages between levels 61 and 70.
chr_1381,Mage,61-70,274.0,562,98,31.0,Your damage per second is higher than 31% of other Mages between levels 61 and 70.
chr_0484,Mage,61-70,273.8,517,98,30.0,Your damage per second is higher than 30% of other Mages between levels 61 and 70.
chr_0537,Mage,61-70,273.6,53,98,29.0,Your damage per second is higher than 29% of other Mages between levels 61 and 70.
chr_0938,Mage,61-70,273.2,1725,98,28.0,Your damage per second is higher than 28% of other Mages between levels 61 and 70.
chr_1774,Mage,61-70,273.1,1425,98,27.0,Your damage per second is higher than 27% of other Mages between levels 61 and 70.
chr_0454,Mage,61-70,272.4,735,98,26.0,Your damage per second is higher than 26% of other Mages between levels 61 and 70.
chr_0483,Mage,61-70,272.0,2042,98,24.0,Your damage per second is higher than 24% of other Mages between levels 61 and 70.
chr_0448,Mage,61-70,271.1,476,98,23.0,Your damage per second is higher than 23% of other Mages between levels 61 and 70.
chr_1146,Mage,61-70,271.1,537,98,22.0,Your damage per second is higher than 22% of other Mages between levels 61 and 70.
chr_1644,Mage,61-70,271.0,1554,98,21.0,Your damage per second is higher than 21% of other Mages between levels 61 and 70.
chr_1669,Mage,61-70,270.3,2293,98,20.0,Your damage per second is higher than 20% of other Mages between levels 61 and 70.
chr_0257,Mage,61-70,268.7,12,98,19.0,Your damage per second is higher than 19% of other Mages between levels 61 and 70.
chr_0487,Mage,61-70,268.1,69,98,18.0,Your damage per second is higher than 18% of other Mages between levels 61 and 70.
chr_1009,Mage,61-70,267.1,20,98,17.0,Your damage per second is higher than 17% of other Mages between levels 61 and 70.
chr_0510,Mage,61-70,265.8,42,98,16.0,Your damage per second is higher than 16% of other Mages between levels 61 and 70.
chr_1543,Mage,61-70,265.2,59,98,15.0,Your damage per second is higher than 15% of other Mages between levels 61 and 70.
chr_0451,Mage,61-70,264.8,23,98,14.0,Your damage per second is higher than 14% of other Mages between levels 61 and 70.
chr_1679,Mage,61-70,264.3,429,98,13.0,Your damage per second is higher than 13% of other Mages between levels 61 and 70.
chr_0341,Mage,61-70,263.7,15,98,12.0,Your damage per second is higher than 12% of other Mages between levels 61 and 70.
chr_0948,Mage,61-70,263.5,389,98,11.0,Your damage per second is higher than 11% of other Mages between levels 61 and 70.
chr_1173,Mage,61-70,260.1,419,98,10.0,Your damage per second is higher than 10% of other Mages between levels 61 and 70.
chr_0633,Mage,61-70,259.3,37,98,9.0,Your damage per second is higher than 9% of other Mages between levels 61 and 70.
chr_0088,Mage,61-70,257.8,726,98,8.0,Your damage per second is higher than 8% of other Mages between levels 61 and 70.
chr_0474,Mage,61-70,257.7,501,98,7.0,Your damage per second is higher than 7% of other Mages between levels 61 and 70.
chr_1737,Mage,61-70,254.8,42,98,6.0,Your damage per second is higher than 6% of other Mages between levels 61 and 70.
chr_1595,Mage,61-70,253.3,51,98,5.0,Your damage per second is higher than 5% of other Mages between levels 61 and 70.
chr_1689,Mage,61-70,252.4,475,98,4.0,Your damage per second is higher than 4% of other Mages between levels 61 and 70.
chr_0411,Mage,61-70,251.8,19,98,3.0,Your damage per second is higher than 3% of other Mages between levels 61 and 70.
chr_1741,Mage,61-70,251.6,21,98,2.0,Your damage per second is higher than 2% of other Mages between levels 61 and 70.
chr_1187,Mage,61-70,250.0,1269,98,1.0,Your damage per second is higher than 1% of other Mages between levels 61 and 70.
chr_1276,Mage,61-70,244.2,12,98,0.0,Your damage per second is higher than 0% of other Mages between levels 61 and 70.
chr_1100,Paladin,1-10,57.8,19,30,100.0,Your damage per second is higher than 100% of other Paladins between levels 1 and 10.
chr_1477,Paladin,1-10,56.3,21,30,97.0,Your damage per second is higher than 97% of other Paladins between levels 1 and 10.
chr_1251,Paladin,1-10,52.9,27,30,93.0,Your damage per second is higher than 93% of other Paladins between levels 1 and 10.
chr_0366,Paladin,1-10,51.8,33,30,90.0,Your damage per second is higher than 90% of other Paladins between levels 1 and 10.
chr_1132,Paladin,1-10,51.2,35,30,87.0,Your damage per second is higher than 87% of other Paladins between levels 1 and 10.
chr_1446,Paladin,1-10,50.9,36,30,83.0,Your damage per second is higher than 83% of other Paladins between levels 1 and 10.
chr_0403,Paladin,1-10,46.1,16,30,80.0,Your damage per second is higher than 80% of other Paladins between levels 1 and 10.
chr_1548,Paladin,1-10,43.7,34,30,77.0,Your damage per second is higher than 77% of other Paladins between levels 1 and 10.
chr_1497,Paladin,1-10,42.9,50,30,73.0,Your damage per second is higher than 73% of other Paladins between levels 1 and 10.
chr_0039,Paladin,1-10,42.6,47,30,70.0,Your damage per second is higher than 70% of other Paladins between levels 1 and 10.
chr_1564,Paladin,1-10,42.5,50,30,67.0,Your damage per second is higher than 67% of other Paladins between levels 1 and 10.
chr_1525,Paladin,1-10,42.5,49,30,63.0,Your damage per second is higher than 63% of other Paladins between levels 1 and 10.
chr_1240,Paladin,1-10,42.4,48,30,60.0,Your damage per second is higher than 60% of other Paladins between levels 1 and 10.
chr_1425,Paladin,1-10,42.3,47,30,57.0,Your damage per second is higher than 57% of other Paladins between levels 1 and 10.
chr_0394,Paladin,1-10,42.2,49,30,50.0,Your damage per second is higher than 50% of other Paladins between levels 1 and 10.
chr_0678,Paladin,1-10,42.2,48,30,47.0,Your damage per second is higher than 47% of other Paladins between levels 1 and 10.
chr_1681,Paladin,1-10,42.2,50,30,53.0,Your damage per second is higher than 53% of other Paladins between levels 1 and 10.
chr_0867,Paladin,1-10,42.1,48,30,43.0,Your damage per second is higher than 43% of other Paladins between levels 1 and 10.
chr_1553,Paladin,1-10,42.0,48,30,40.0,Your damage per second is higher than 40% of other Paladins between levels 1 and 10.
chr_1463,Paladin,1-10,41.9,47,30,37.0,Your damage per second is higher than 37% of other Paladins between levels 1 and 10.
chr_0582,Paladin,1-10,41.7,45,30,33.0,Your damage per second is higher than 33% of other Paladins between levels 1 and 10.
chr_0230,Paladin,1-10,41.5,49,30,30.0,Your damage per second is higher than 30% of other Paladins between levels 1 and 10.
chr_0480,Paladin,1-10,41.5,50,30,27.0,Your damage per second is higher than 27% of other Paladins between levels 1 and 10.
chr_0192,Paladin,1-10,41.4,42,30,23.0,Your damage per second is higher than 23% of other Paladins between levels 1 and 10.
chr_0420,Paladin,1-10,41.2,49,30,20.0,Your damage per second is higher than 20% of other Paladins between levels 1 and 10.
chr_1183,Paladin,1-10,41.2,42,30,17.0,Your damage per second is higher than 17% of other Paladins between levels 1 and 10.
chr_0361,Paladin,1-10,38.9,48,30,13.0,Your damage per second is higher than 13% of other Paladins between levels 1 and 10.
chr_0378,Paladin,1-10,37.9,29,30,10.0,Your damage per second is higher than 10% of other Paladins between levels 1 and 10.
chr_1239,Paladin,1-10,29.0,34,30,7.0,Your damage per second is higher than 7% of other Paladins between levels 1 and 10.
chr_0266,Paladin,1-10,27.8,39,30,3.0,Your damage per second is higher than 3% of other Paladins between levels 1 and 10.
chr_1691,Paladin,1-10,24.8,12,30,0.0,Your damage per second is higher than 0% of other Paladins between levels 1 and 10.
chr_0796,Paladin,11-20,100.6,19,50,100.0,Your damage per second is higher than 100% of other Paladins between levels 11 and 20.
chr_1728,Paladin,11-20,99.7,20,50,98.0,Your damage per second is higher than 98% of other Paladins between levels 11 and 20.
chr_1287,Paladin,11-20,98.2,24,50,96.0,Your damage per second is higher than 96% of other Paladins between levels 11 and 20.
chr_1147,Paladin,11-20,97.9,19,50,94.0,Your damage per second is higher than 94% of other Paladins between levels 11 and 20.
chr_0775,Paladin,11-20,94.2,22,50,92.0,Your damage per second is higher than 92% of other Paladins between levels 11 and 20.
chr_0818,Paladin,11-20,93.3,27,50,90.0,Your damage per second is higher than 90% of other Paladins between levels 11 and 20.
chr_0900,Paladin,11-20,92.4,23,50,88.0,Your damage per second is higher than 88% of other Paladins between levels 11 and 20.
chr_0314,Paladin,11-20,91.2,40,50,86.0,Your damage per second is higher than 86% of other Paladins between levels 11 and 20.
chr_1360,Paladin,11-20,90.8,44,50,84.0,Your damage per second is higher than 84% of other Paladins between levels 11 and 20.
chr_1780,Paladin,11-20,86.6,53,50,82.0,Your damage per second is higher than 82% of other Paladins between levels 11 and 20.
chr_0469,Paladin,11-20,84.5,34,50,80.0,Your damage per second is higher than 80% of other Paladins between levels 11 and 20.
chr_1670,Paladin,11-20,82.8,58,50,78.0,Your damage per second is higher than 78% of other Paladins between levels 11 and 20.
chr_1461,Paladin,11-20,82.3,56,50,76.0,Your damage per second is higher than 76% of other Paladins between levels 11 and 20.
chr_0361,Paladin,11-20,82.3,59,50,74.0,Your damage per second is higher than 74% of other Paladins between levels 11 and 20.
chr_0083,Paladin,11-20,82.2,57,50,72.0,Your damage per second is higher than 72% of other Paladins between levels 11 and 20.
chr_1645,Paladin,11-20,82.2,19,50,70.0,Your damage per second is higher than 70% of other Paladins between levels 11 and 20.
chr_1477,Paladin,11-20,81.8,58,50,68.0,Your damage per second is higher than 68% of other Paladins between levels 11 and 20.
chr_0187,Paladin,11-20,81.5,16,50,66.0,Your damage per second is higher than 66% of other Paladins between levels 11 and 20.
chr_1299,Paladin,11-20,81.4,58,50,64.0,Your damage per second is higher than 64% of other Paladins between levels 11 and 20.
chr_0449,Paladin,11-20,80.5,58,50,62.0,Your damage per second is higher than 62% of other Paladins between levels 11 and 20.
chr_1027,Paladin,11-20,80.0,60,50,60.0,Your damage per second is higher than 60% of other Paladins between levels 11 and 20.
chr_0394,Paladin,11-20,79.9,59,50,58.0,Your damage per second is higher than 58% of other Paladins between levels 11 and 20.
chr_1100,Paladin,11-20,79.8,59,50,56.0,Your damage per second is higher than 56% of other Paladins between levels 11 and 20.
chr_1446,Paladin,11-20,79.5,60,50,52.0,Your damage per second is higher than 52% of other Paladins between levels 11 and 20.
chr_1132,Paladin,11-20,79.5,59,50,54.0,Your damage per second is higher than 54% of other Paladins between levels 11 and 20.
chr_0230,Paladin,11-20,79.3,59,50,50.0,Your damage per second is higher than 50% of other Paladins between levels 11 and 20.
chr_1463,Paladin,11-20,79.2,61,50,48.0,Your damage per second is higher than 48% of other Paladins between levels 11 and 20.
chr_1240,Paladin,11-20,79.0,59,50,46.0,Your damage per second is higher than 46% of other Paladins between levels 11 and 20.
chr_1497,Paladin,11-20,78.7,59,50,44.0,Your damage per second is higher than 44% of other Paladins between levels 11 and 20.
chr_1248,Paladin,11-20,78.6,21,50,42.0,Your damage per second is higher than 42% of other Paladins between levels 11 and 20.
chr_0480,Paladin,11-20,78.2,59,50,40.0,Your damage per second is higher than 40% of other Paladins between levels 11 and 20.
chr_1251,Paladin,11-20,77.5,39,50,38.0,Your damage per second is higher than 38% of other Paladins between levels 11 and 20.
chr_0378,Paladin,11-20,77.3,59,50,36.0,Your damage per second is higher than 36% of other Paladins between levels 11 and 20.
chr_0582,Paladin,11-20,76.7,59,50,34.0,Your damage per second is higher than 34% of other Paladins between levels 11 and 20.
chr_0039,Paladin,11-20,76.5,61,50,32.0,Your damage per second is higher than 32% of other Paladins between levels 11 and 20.
chr_0678,Paladin,11-20,76.4,57,50,30.0,Your damage per second is higher than 30% of other Paladins between levels 11 and 20.
chr_1553,Paladin,11-20,76.2,60,50,28.0,Your damage per second is higher than 28% of other Paladins between levels 11 and 20.
chr_1681,Paladin,11-20,75.9,59,50,26.0,Your damage per second is higher than 26% of other Paladins between levels 11 and 20.
chr_0867,Paladin,11-20,75.6,60,50,24.0,Your damage per second is higher than 24% of other Paladins between levels 11 and 20.
chr_1425,Paladin,11-20,75.3,61,50,22.0,Your damage per second is higher than 22% of other Paladins between levels 11 and 20.
chr_0403,Paladin,11-20,74.8,48,50,20.0,Your damage per second is higher than 20% of other Paladins between levels 11 and 20.
chr_0420,Paladin,11-20,73.4,58,50,18.0,Your damage per second is higher than 18% of other Paladins between levels 11 and 20.
chr_0297,Paladin,11-20,69.8,19,50,16.0,Your damage per second is higher than 16% of other Paladins between levels 11 and 20.
chr_1525,Paladin,11-20,68.2,25,50,14.0,Your damage per second is higher than 14% of other Paladins between levels 11 and 20.
chr_1564,Paladin,11-20,67.2,31,50,12.0,Your damage per second is higher than 12% of other Paladins between levels 11 and 20.
chr_1239,Paladin,11-20,66.7,33,50,10.0,Your damage per second is higher than 10% of other Paladins between levels 11 and 20.
chr_0366,Paladin,11-20,66.6,54,50,8.0,Your damage per second is higher than 8% of other Paladins between levels 11 and 20.
chr_0266,Paladin,11-20,64.9,58,50,6.0,Your damage per second is higher than 6% of other Paladins between levels 11 and 20.
chr_0527,Paladin,11-20,51.2,59,50,4.0,Your damage per second is higher than 4% of other Paladins between levels 11 and 20.
chr_0036,Paladin,11-20,49.2,61,50,2.0,Your damage per second is higher than 2% of other Paladins between levels 11 and 20.
chr_1691,Paladin,11-20,26.3,55,50,0.0,Your damage per second is higher than 0% of other Paladins between levels 11 and 20.
chr_1544,Paladin,21-30,144.1,10,77,100.0,Your damage per second is higher than 100% of other Paladins between levels 21 and 30.
chr_1604,Paladin,21-30,137.8,29,77,99.0,Your damage per second is higher than 99% of other Paladins between levels 21 and 30.
chr_0646,Paladin,21-30,137.7,23,77,97.0,Your damage per second is higher than 97% of other Paladins between levels 21 and 30.
chr_1311,Paladin,21-30,137.3,21,77,96.0,Your damage per second is higher than 96% of other Paladins between levels 21 and 30.
chr_1474,Paladin,21-30,137.0,34,77,95.0,Your damage per second is higher than 95% of other Paladins between levels 21 and 30.
chr_0086,Paladin,21-30,136.2,30,77,94.0,Your damage per second is higher than 94% of other Paladins between levels 21 and 30.
chr_1174,Paladin,21-30,136.1,34,77,92.0,Your damage per second is higher than 92% of other Paladins between levels 21 and 30.
chr_1244,Paladin,21-30,134.0,42,77,91.0,Your damage per second is higher than 91% of other Paladins between levels 21 and 30.
chr_1702,Paladin,21-30,133.8,41,77,90.0,Your damage per second is higher than 90% of other Paladins between levels 21 and 30.
chr_1012,Paladin,21-30,131.5,43,77,88.0,Your damage per second is higher than 88% of other Paladins between levels 21 and 30.
chr_0745,Paladin,21-30,130.6,33,77,87.0,Your damage per second is higher than 87% of other Paladins between levels 21 and 30.
chr_0573,Paladin,21-30,130.0,50,77,86.0,Your damage per second is higher than 86% of other Paladins between levels 21 and 30.
chr_0892,Paladin,21-30,129.3,58,77,84.0,Your damage per second is higher than 84% of other Paladins between levels 21 and 30.
chr_0592,Paladin,21-30,125.5,69,77,83.0,Your damage per second is higher than 83% of other Paladins between levels 21 and 30.
chr_0399,Paladin,21-30,125.3,70,77,82.0,Your damage per second is higher than 82% of other Paladins between levels 21 and 30.
chr_1083,Paladin,21-30,124.9,11,77,81.0,Your damage per second is higher than 81% of other Paladins between levels 21 and 30.
chr_0314,Paladin,21-30,124.9,68,77,79.0,Your damage per second is higher than 79% of other Paladins between levels 21 and 30.
chr_0833,Paladin,21-30,124.5,71,77,78.0,Your damage per second is higher than 78% of other Paladins between levels 21 and 30.
chr_0965,Paladin,21-30,124.5,71,77,77.0,Your damage per second is higher than 77% of other Paladins between levels 21 and 30.
chr_0818,Paladin,21-30,124.4,74,77,75.0,Your damage per second is higher than 75% of other Paladins between levels 21 and 30.
chr_0475,Paladin,21-30,124.3,72,77,74.0,Your damage per second is higher than 74% of other Paladins between levels 21 and 30.
chr_1147,Paladin,21-30,124.1,71,77,73.0,Your damage per second is higher than 73% of other Paladins between levels 21 and 30.
chr_1728,Paladin,21-30,123.8,72,77,71.0,Your damage per second is higher than 71% of other Paladins between levels 21 and 30.
chr_0400,Paladin,21-30,123.6,23,77,70.0,Your damage per second is higher than 70% of other Paladins between levels 21 and 30.
chr_1401,Paladin,21-30,123.0,70,77,69.0,Your damage per second is higher than 69% of other Paladins between levels 21 and 30.
chr_0065,Paladin,21-30,122.4,70,77,68.0,Your damage per second is higher than 68% of other Paladins between levels 21 and 30.
chr_0900,Paladin,21-30,122.4,67,77,66.0,Your damage per second is higher than 66% of other Paladins between levels 21 and 30.
chr_0480,Paladin,21-30,122.1,70,77,65.0,Your damage per second is higher than 65% of other Paladins between levels 21 and 30.
chr_1287,Paladin,21-30,122.0,70,77,64.0,Your damage per second is higher than 64% of other Paladins between levels 21 and 30.
chr_1461,Paladin,21-30,121.8,68,77,62.0,Your damage per second is higher than 62% of other Paladins between levels 21 and 30.
chr_0230,Paladin,21-30,121.6,70,77,61.0,Your damage per second is higher than 61% of other Paladins between levels 21 and 30.
chr_0738,Paladin,21-30,121.4,71,77,60.0,Your damage per second is higher than 60% of other Paladins between levels 21 and 30.
chr_0867,Paladin,21-30,121.0,69,77,58.0,Your damage per second is higher than 58% of other Paladins between levels 21 and 30.
chr_1463,Paladin,21-30,121.0,69,77,57.0,Your damage per second is higher than 57% of other Paladins between levels 21 and 30.
chr_0083,Paladin,21-30,120.5,70,77,56.0,Your damage per second is higher than 56% of other Paladins between levels 21 and 30.
chr_1446,Paladin,21-30,120.3,70,77,55.0,Your damage per second is higher than 55% of other Paladins between levels 21 and 30.
chr_1780,Paladin,21-30,120.2,69,77,53.0,Your damage per second is higher than 53% of other Paladins between levels 21 and 30.
chr_0582,Paladin,21-30,120.2,71,77,52.0,Your damage per second is higher than 52% of other Paladins between levels 21 and 30.
chr_1240,Paladin,21-30,120.0,69,77,51.0,Your damage per second is higher than 51% of other Paladins between levels 21 and 30.
chr_1100,Paladin,21-30,120.0,70,77,49.0,Your damage per second is higher than 49% of other Paladins between levels 21 and 30.
chr_0796,Paladin,21-30,119.9,67,77,48.0,Your damage per second is higher than 48% of other Paladins between levels 21 and 30.
chr_1425,Paladin,21-30,119.7,71,77,47.0,Your damage per second is higher than 47% of other Paladins between levels 21 and 30.
chr_0039,Paladin,21-30,119.5,71,77,45.0,Your damage per second is higher than 45% of other Paladins between levels 21 and 30.
chr_1519,Paladin,21-30,119.4,69,77,44.0,Your damage per second is higher than 44% of other Paladins between levels 21 and 30.
chr_1497,Paladin,21-30,119.2,70,77,43.0,Your damage per second is higher than 43% of other Paladins between levels 21 and 30.
chr_0449,Paladin,21-30,119.1,69,77,42.0,Your damage per second is higher than 42% of other Paladins between levels 21 and 30.
chr_0440,Paladin,21-30,118.8,26,77,40.0,Your damage per second is higher than 40% of other Paladins between levels 21 and 30.
chr_0420,Paladin,21-30,118.8,70,77,39.0,Your damage per second is higher than 39% of other Paladins between levels 21 and 30.
chr_0678,Paladin,21-30,118.6,69,77,38.0,Your damage per second is higher than 38% of other Paladins between levels 21 and 30.
chr_0361,Paladin,21-30,117.1,69,77,36.0,Your damage per second is higher than 36% of other Paladins between levels 21 and 30.
chr_0266,Paladin,21-30,116.9,73,77,35.0,Your damage per second is higher than 35% of other Paladins between levels 21 and 30.
chr_1681,Paladin,21-30,116.6,71,77,34.0,Your damage per second is higher than 34% of other Paladins between levels 21 and 30.
chr_1132,Paladin,21-30,116.5,68,77,32.0,Your damage per second is higher than 32% of other Paladins between levels 21 and 30.
chr_0379,Paladin,21-30,116.3,20,77,31.0,Your damage per second is higher than 31% of other Paladins between levels 21 and 30.
chr_1027,Paladin,21-30,116.3,73,77,30.0,Your damage per second is higher than 30% of other Paladins between levels 21 and 30.
chr_1299,Paladin,21-30,115.4,52,77,29.0,Your damage per second is higher than 29% of other Paladins between levels 21 and 30.
chr_1251,Paladin,21-30,114.1,14,77,27.0,Your damage per second is higher than 27% of other Paladins between levels 21 and 30.
chr_0378,Paladin,21-30,113.7,69,77,26.0,Your damage per second is higher than 26% of other Paladins between levels 21 and 30.
chr_1548,Paladin,21-30,112.9,40,77,25.0,Your damage per second is higher than 25% of other Paladins between levels 21 and 30.
chr_0394,Paladin,21-30,112.3,35,77,23.0,Your damage per second is higher than 23% of other Paladins between levels 21 and 30.
chr_0469,Paladin,21-30,110.7,54,77,22.0,Your damage per second is higher than 22% of other Paladins between levels 21 and 30.
chr_1477,Paladin,21-30,110.1,26,77,21.0,Your damage per second is higher than 21% of other Paladins between levels 21 and 30.
chr_1670,Paladin,21-30,110.0,43,77,19.0,Your damage per second is higher than 19% of other Paladins between levels 21 and 30.
chr_1239,Paladin,21-30,109.7,47,77,18.0,Your damage per second is higher than 18% of other Paladins between levels 21 and 30.
chr_0775,Paladin,21-30,109.7,47,77,17.0,Your damage per second is higher than 17% of other Paladins between levels 21 and 30.
chr_0888,Paladin,21-30,108.1,68,77,16.0,Your damage per second is higher than 16% of other Paladins between levels 21 and 30.
chr_0187,Paladin,21-30,106.9,18,77,14.0,Your damage per second is higher than 14% of other Paladins between levels 21 and 30.
chr_1248,Paladin,21-30,106.1,34,77,13.0,Your damage per second is higher than 13% of other Paladins between levels 21 and 30.
chr_0366,Paladin,21-30,105.7,15,77,12.0,Your damage per second is higher than 12% of other Paladins between levels 21 and 30.
chr_0527,Paladin,21-30,104.4,29,77,10.0,Your damage per second is higher than 10% of other Paladins between levels 21 and 30.
chr_1691,Paladin,21-30,102.8,15,77,9.0,Your damage per second is higher than 9% of other Paladins between levels 21 and 30.
chr_1553,Paladin,21-30,102.5,41,77,8.0,Your damage per second is higher than 8% of other Paladins between levels 21 and 30.
chr_1645,Paladin,21-30,102.0,44,77,6.0,Your damage per second is higher than 6% of other Paladins between levels 21 and 30.
chr_1468,Paladin,21-30,100.7,15,77,5.0,Your damage per second is higher than 5% of other Paladins between levels 21 and 30.
chr_0297,Paladin,21-30,97.4,24,77,4.0,Your damage per second is higher than 4% of other Paladins between levels 21 and 30.
chr_0036,Paladin,21-30,94.5,73,77,3.0,Your damage per second is higher than 3% of other Paladins between levels 21 and 30.
chr_0403,Paladin,21-30,94.1,69,77,1.0,Your damage per second is higher than 1% of other Paladins between levels 21 and 30.
chr_0281,Paladin,21-30,70.4,22,77,0.0,Your damage per second is higher than 0% of other Paladins between levels 21 and 30.
chr_0443,Paladin,31-40,186.2,11,101,100.0,Your damage per second is higher than 100% of other Paladins between levels 31 and 40.
chr_0902,Paladin,31-40,179.9,12,101,99.0,Your damage per second is higher than 99% of other Paladins between levels 31 and 40.
chr_1752,Paladin,31-40,178.6,29,101,98.0,Your damage per second is higher than 98% of other Paladins between levels 31 and 40.
chr_0654,Paladin,31-40,178.0,17,101,97.0,Your damage per second is higher than 97% of other Paladins between levels 31 and 40.
chr_0968,Paladin,31-40,177.4,35,101,96.0,Your damage per second is higher than 96% of other Paladins between levels 31 and 40.
chr_0022,Paladin,31-40,175.1,29,101,95.0,Your damage per second is higher than 95% of other Paladins between levels 31 and 40.
chr_1217,Paladin,31-40,174.9,25,101,94.0,Your damage per second is higher than 94% of other Paladins between levels 31 and 40.
chr_0485,Paladin,31-40,174.3,22,101,93.0,Your damage per second is higher than 93% of other Paladins between levels 31 and 40.
chr_1377,Paladin,31-40,171.6,18,101,92.0,Your damage per second is higher than 92% of other Paladins between levels 31 and 40.
chr_1753,Paladin,31-40,171.2,58,101,91.0,Your damage per second is higher than 91% of other Paladins between levels 31 and 40.
chr_0781,Paladin,31-40,171.1,47,101,90.0,Your damage per second is higher than 90% of other Paladins between levels 31 and 40.
chr_1169,Paladin,31-40,169.8,52,101,89.0,Your damage per second is higher than 89% of other Paladins between levels 31 and 40.
chr_0933,Paladin,31-40,169.8,49,101,88.0,Your damage per second is higher than 88% of other Paladins between levels 31 and 40.
chr_1127,Paladin,31-40,165.6,65,101,87.0,Your damage per second is higher than 87% of other Paladins between levels 31 and 40.
chr_1287,Paladin,31-40,165.4,75,101,86.0,Your damage per second is higher than 86% of other Paladins between levels 31 and 40.
chr_0395,Paladin,31-40,165.2,60,101,85.0,Your damage per second is higher than 85% of other Paladins between levels 31 and 40.
chr_0638,Paladin,31-40,163.3,73,101,84.0,Your damage per second is higher than 84% of other Paladins between levels 31 and 40.
chr_0194,Paladin,31-40,163.1,67,101,83.0,Your damage per second is higher than 83% of other Paladins between levels 31 and 40.
chr_0867,Paladin,31-40,162.8,75,101,82.0,Your damage per second is higher than 82% of other Paladins between levels 31 and 40.
chr_1425,Paladin,31-40,162.7,77,101,81.0,Your damage per second is higher than 81% of other Paladins between levels 31 and 40.
chr_0975,Paladin,31-40,162.7,46,101,80.0,Your damage per second is higher than 80% of other Paladins between levels 31 and 40.
chr_0597,Paladin,31-40,162.4,79,101,79.0,Your damage per second is higher than 79% of other Paladins between levels 31 and 40.
chr_1401,Paladin,31-40,162.2,71,101,78.0,Your damage per second is higher than 78% of other Paladins between levels 31 and 40.
chr_1759,Paladin,31-40,162.1,71,101,77.0,Your damage per second is higher than 77% of other Paladins between levels 31 and 40.
chr_0314,Paladin,31-40,161.6,79,101,76.0,Your damage per second is higher than 76% of other Paladins between levels 31 and 40.
chr_1780,Paladin,31-40,161.6,75,101,75.0,Your damage per second is higher than 75% of other Paladins between levels 31 and 40.
chr_1544,Paladin,31-40,161.5,80,101,74.0,Your damage per second is higher than 74% of other Paladins between levels 31 and 40.
chr_0592,Paladin,31-40,161.4,79,101,73.0,Your damage per second is higher than 73% of other Paladins between levels 31 and 40.
chr_0965,Paladin,31-40,161.3,73,101,72.0,Your damage per second is higher than 72% of other Paladins between levels 31 and 40.
chr_0420,Paladin,31-40,161.2,76,101,71.0,Your damage per second is higher than 71% of other Paladins between levels 31 and 40.
chr_0681,Paladin,31-40,161.1,69,101,70.0,Your damage per second is higher than 70% of other Paladins between levels 31 and 40.
chr_1694,Paladin,31-40,161.1,78,101,69.0,Your damage per second is higher than 69% of other Paladins between levels 31 and 40.
chr_0039,Paladin,31-40,160.9,74,101,68.0,Your damage per second is higher than 68% of other Paladins between levels 31 and 40.
chr_1497,Paladin,31-40,160.9,70,101,67.0,Your damage per second is higher than 67% of other Paladins between levels 31 and 40.
chr_0441,Paladin,31-40,160.9,48,101,66.0,Your damage per second is higher than 66% of other Paladins between levels 31 and 40.
chr_1702,Paladin,31-40,160.8,67,101,65.0,Your damage per second is higher than 65% of other Paladins between levels 31 and 40.
chr_1356,Paladin,31-40,160.6,70,101,64.0,Your damage per second is higher than 64% of other Paladins between levels 31 and 40.
chr_1728,Paladin,31-40,160.4,74,101,63.0,Your damage per second is higher than 63% of other Paladins between levels 31 and 40.
chr_1218,Paladin,31-40,160.4,75,101,62.0,Your damage per second is higher than 62% of other Paladins between levels 31 and 40.
chr_1174,Paladin,31-40,160.3,74,101,61.0,Your damage per second is higher than 61% of other Paladins between levels 31 and 40.
chr_0573,Paladin,31-40,159.9,75,101,60.0,Your damage per second is higher than 60% of other Paladins between levels 31 and 40.
chr_0230,Paladin,31-40,159.9,75,101,59.0,Your damage per second is higher than 59% of other Paladins between levels 31 and 40.
chr_1240,Paladin,31-40,159.9,69,101,58.0,Your damage per second is higher than 58% of other Paladins between levels 31 and 40.
chr_0892,Paladin,31-40,159.8,73,101,57.0,Your damage per second is higher than 57% of other Paladins between levels 31 and 40.
chr_0065,Paladin,31-40,159.7,78,101,56.0,Your damage per second is higher than 56% of other Paladins between levels 31 and 40.
chr_1364,Paladin,31-40,159.7,25,101,55.0,Your damage per second is higher than 55% of other Paladins between levels 31 and 40.
chr_1604,Paladin,31-40,159.6,75,101,54.0,Your damage per second is higher than 54% of other Paladins between levels 31 and 40.
chr_0480,Paladin,31-40,159.2,72,101,53.0,Your damage per second is higher than 53% of other Paladins between levels 31 and 40.
chr_0475,Paladin,31-40,159.1,78,101,52.0,Your damage per second is higher than 52% of other Paladins between levels 31 and 40.
chr_1681,Paladin,31-40,159.0,72,101,51.0,Your damage per second is higher than 51% of other Paladins between levels 31 and 40.
chr_0582,Paladin,31-40,158.9,72,101,50.0,Your damage per second is higher than 50% of other Paladins between levels 31 and 40.
chr_1027,Paladin,31-40,158.9,69,101,50.0,Your damage per second is higher than 50% of other Paladins between levels 31 and 40.
chr_0081,Paladin,31-40,157.4,43,101,49.0,Your damage per second is higher than 49% of other Paladins between levels 31 and 40.
chr_1611,Paladin,31-40,157.2,26,101,48.0,Your damage per second is higher than 48% of other Paladins between levels 31 and 40.
chr_0379,Paladin,31-40,156.6,48,101,47.0,Your damage per second is higher than 47% of other Paladins between levels 31 and 40.
chr_0833,Paladin,31-40,156.4,74,101,46.0,Your damage per second is higher than 46% of other Paladins between levels 31 and 40.
chr_0738,Paladin,31-40,156.2,81,101,45.0,Your damage per second is higher than 45% of other Paladins between levels 31 and 40.
chr_0361,Paladin,31-40,155.7,72,101,44.0,Your damage per second is higher than 44% of other Paladins between levels 31 and 40.
chr_1446,Paladin,31-40,155.3,76,101,43.0,Your damage per second is higher than 43% of other Paladins between levels 31 and 40.
chr_0449,Paladin,31-40,155.2,79,101,42.0,Your damage per second is higher than 42% of other Paladins between levels 31 and 40.
chr_0900,Paladin,31-40,154.6,40,101,41.0,Your damage per second is higher than 41% of other Paladins between levels 31 and 40.
chr_1477,Paladin,31-40,153.1,64,101,40.0,Your damage per second is higher than 40% of other Paladins between levels 31 and 40.
chr_0796,Paladin,31-40,152.5,79,101,39.0,Your damage per second is higher than 39% of other Paladins between levels 31 and 40.
chr_1362,Paladin,31-40,152.5,40,101,38.0,Your damage per second is higher than 38% of other Paladins between levels 31 and 40.
chr_0378,Paladin,31-40,152.2,58,101,37.0,Your damage per second is higher than 37% of other Paladins between levels 31 and 40.
chr_0083,Paladin,31-40,152.2,30,101,36.0,Your damage per second is higher than 36% of other Paladins between levels 31 and 40.
chr_0281,Paladin,31-40,151.5,122,101,35.0,Your damage per second is higher than 35% of other Paladins between levels 31 and 40.
chr_1461,Paladin,31-40,150.9,53,101,34.0,Your damage per second is higher than 34% of other Paladins between levels 31 and 40.
chr_1463,Paladin,31-40,149.9,74,101,33.0,Your damage per second is higher than 33% of other Paladins between levels 31 and 40.
chr_0678,Paladin,31-40,149.7,68,101,32.0,Your damage per second is higher than 32% of other Paladins between levels 31 and 40.
chr_0399,Paladin,31-40,149.5,60,101,31.0,Your damage per second is higher than 31% of other Paladins between levels 31 and 40.
chr_0888,Paladin,31-40,149.4,45,101,30.0,Your damage per second is higher than 30% of other Paladins between levels 31 and 40.
chr_1474,Paladin,31-40,148.7,27,101,29.0,Your damage per second is higher than 29% of other Paladins between levels 31 and 40.
chr_0086,Paladin,31-40,148.6,30,101,28.0,Your damage per second is higher than 28% of other Paladins between levels 31 and 40.
chr_0464,Paladin,31-40,148.5,22,101,27.0,Your damage per second is higher than 27% of other Paladins between levels 31 and 40.
chr_1519,Paladin,31-40,148.3,75,101,26.0,Your damage per second is higher than 26% of other Paladins between levels 31 and 40.
chr_1100,Paladin,31-40,148.3,22,101,25.0,Your damage per second is higher than 25% of other Paladins between levels 31 and 40.
chr_1012,Paladin,31-40,146.9,52,101,24.0,Your damage per second is higher than 24% of other Paladins between levels 31 and 40.
chr_0266,Paladin,31-40,144.6,62,101,23.0,Your damage per second is higher than 23% of other Paladins between levels 31 and 40.
chr_1132,Paladin,31-40,144.6,33,101,22.0,Your damage per second is higher than 22% of other Paladins between levels 31 and 40.
chr_0403,Paladin,31-40,144.2,20,101,21.0,Your damage per second is higher than 21% of other Paladins between levels 31 and 40.
chr_1244,Paladin,31-40,142.8,77,101,20.0,Your damage per second is higher than 20% of other Paladins between levels 31 and 40.
chr_1251,Paladin,31-40,142.4,23,101,19.0,Your damage per second is higher than 19% of other Paladins between levels 31 and 40.
chr_1248,Paladin,31-40,142.1,37,101,18.0,Your damage per second is higher than 18% of other Paladins between levels 31 and 40.
chr_1548,Paladin,31-40,139.9,57,101,17.0,Your damage per second is higher than 17% of other Paladins between levels 31 and 40.
chr_1239,Paladin,31-40,138.0,57,101,16.0,Your damage per second is higher than 16% of other Paladins between levels 31 and 40.
chr_0400,Paladin,31-40,137.3,24,101,15.0,Your damage per second is higher than 15% of other Paladins between levels 31 and 40.
chr_1469,Paladin,31-40,136.2,49,101,14.0,Your damage per second is higher than 14% of other Paladins between levels 31 and 40.
chr_0775,Paladin,31-40,135.5,76,101,13.0,Your damage per second is higher than 13% of other Paladins between levels 31 and 40.
chr_0036,Paladin,31-40,133.9,55,101,12.0,Your damage per second is higher than 12% of other Paladins between levels 31 and 40.
chr_0527,Paladin,31-40,133.0,43,101,11.0,Your damage per second is higher than 11% of other Paladins between levels 31 and 40.
chr_1083,Paladin,31-40,132.8,47,101,10.0,Your damage per second is higher than 10% of other Paladins between levels 31 and 40.
chr_0440,Paladin,31-40,132.6,22,101,9.0,Your damage per second is higher than 9% of other Paladins between levels 31 and 40.
chr_0187,Paladin,31-40,132.5,28,101,8.0,Your damage per second is higher than 8% of other Paladins between levels 31 and 40.
chr_1468,Paladin,31-40,128.6,55,101,7.0,Your damage per second is higher than 7% of other Paladins between levels 31 and 40.
chr_0469,Paladin,31-40,128.0,25,101,6.0,Your damage per second is higher than 6% of other Paladins between levels 31 and 40.
chr_0723,Paladin,31-40,127.2,48,101,5.0,Your damage per second is higher than 5% of other Paladins between levels 31 and 40.
chr_0297,Paladin,31-40,126.7,45,101,4.0,Your damage per second is higher than 4% of other Paladins between levels 31 and 40.
chr_1645,Paladin,31-40,124.4,22,101,3.0,Your damage per second is higher than 3% of other Paladins between levels 31 and 40.
chr_0366,Paladin,31-40,112.6,22,101,2.0,Your damage per second is higher than 2% of other Paladins between levels 31 and 40.
chr_1691,Paladin,31-40,111.6,31,101,1.0,Your damage per second is higher than 1% of other Paladins between levels 31 and 40.
chr_0858,Paladin,31-40,109.6,48,101,0.0,Your damage per second is higher than 0% of other Paladins between levels 31 and 40.
chr_0006,Paladin,41-50,223.8,11,123,100.0,Your damage per second is higher than 100% of other Paladins between levels 41 and 50.
chr_1202,Paladin,41-50,221.2,11,123,99.0,Your damage per second is higher than 99% of other Paladins between levels 41 and 50.
chr_0569,Paladin,41-50,220.4,20,123,98.0,Your damage per second is higher than 98% of other Paladins between levels 41 and 50.
chr_1337,Paladin,41-50,220.2,26,123,98.0,Your damage per second is higher than 98% of other Paladins between levels 41 and 50.
chr_1532,Paladin,41-50,219.5,39,123,97.0,Your damage per second is higher than 97% of other Paladins between levels 41 and 50.
chr_1489,Paladin,41-50,219.1,49,123,96.0,Your damage per second is higher than 96% of other Paladins between levels 41 and 50.
chr_0103,Paladin,41-50,216.2,31,123,95.0,Your damage per second is higher than 95% of other Paladins between levels 41 and 50.
chr_0331,Paladin,41-50,215.9,31,123,94.0,Your damage per second is higher than 94% of other Paladins between levels 41 and 50.
chr_1129,Paladin,41-50,211.0,64,123,93.0,Your damage per second is higher than 93% of other Paladins between levels 41 and 50.
chr_1723,Paladin,41-50,209.3,43,123,93.0,Your damage per second is higher than 93% of other Paladins between levels 41 and 50.
chr_0163,Paladin,41-50,209.0,55,123,92.0,Your damage per second is higher than 92% of other Paladins between levels 41 and 50.
chr_1486,Paladin,41-50,208.8,58,123,91.0,Your damage per second is higher than 91% of other Paladins between levels 41 and 50.
chr_0602,Paladin,41-50,208.7,55,123,90.0,Your damage per second is higher than 90% of other Paladins between levels 41 and 50.
chr_0536,Paladin,41-50,207.2,20,123,89.0,Your damage per second is higher than 89% of other Paladins between levels 41 and 50.
chr_0031,Paladin,41-50,206.8,60,123,89.0,Your damage per second is higher than 89% of other Paladins between levels 41 and 50.
chr_0615,Paladin,41-50,203.8,69,123,88.0,Your damage per second is higher than 88% of other Paladins between levels 41 and 50.
chr_0241,Paladin,41-50,203.1,74,123,87.0,Your damage per second is higher than 87% of other Paladins between levels 41 and 50.
chr_0892,Paladin,41-50,202.8,95,123,86.0,Your damage per second is higher than 86% of other Paladins between levels 41 and 50.
chr_0902,Paladin,41-50,202.6,95,123,85.0,Your damage per second is higher than 85% of other Paladins between levels 41 and 50.
chr_0314,Paladin,41-50,202.5,93,123,85.0,Your damage per second is higher than 85% of other Paladins between levels 41 and 50.
chr_0022,Paladin,41-50,202.5,96,123,84.0,Your damage per second is higher than 84% of other Paladins between levels 41 and 50.
chr_0449,Paladin,41-50,202.2,96,123,83.0,Your damage per second is higher than 83% of other Paladins between levels 41 and 50.
chr_0821,Paladin,41-50,202.0,89,123,82.0,Your damage per second is higher than 82% of other Paladins between levels 41 and 50.
chr_1374,Paladin,41-50,201.9,92,123,81.0,Your damage per second is higher than 81% of other Paladins between levels 41 and 50.
chr_0065,Paladin,41-50,201.9,97,123,80.0,Your damage per second is higher than 80% of other Paladins between levels 41 and 50.
chr_1626,Paladin,41-50,201.7,92,123,80.0,Your damage per second is higher than 80% of other Paladins between levels 41 and 50.
chr_0316,Paladin,41-50,201.2,32,123,79.0,Your damage per second is higher than 79% of other Paladins between levels 41 and 50.
chr_0759,Paladin,41-50,201.0,89,123,78.0,Your damage per second is higher than 78% of other Paladins between levels 41 and 50.
chr_1780,Paladin,41-50,200.8,94,123,77.0,Your damage per second is higher than 77% of other Paladins between levels 41 and 50.
chr_0456,Paladin,41-50,200.7,96,123,76.0,Your damage per second is higher than 76% of other Paladins between levels 41 and 50.
chr_1702,Paladin,41-50,200.7,94,123,76.0,Your damage per second is higher than 76% of other Paladins between levels 41 and 50.
chr_1218,Paladin,41-50,200.5,96,123,75.0,Your damage per second is higher than 75% of other Paladins between levels 41 and 50.
chr_0573,Paladin,41-50,200.5,94,123,74.0,Your damage per second is higher than 74% of other Paladins between levels 41 and 50.
chr_0781,Paladin,41-50,200.5,93,123,73.0,Your damage per second is higher than 73% of other Paladins between levels 41 and 50.
chr_0047,Paladin,41-50,200.5,10,123,72.0,Your damage per second is higher than 72% of other Paladins between levels 41 and 50.
chr_1174,Paladin,41-50,200.5,94,123,72.0,Your damage per second is higher than 72% of other Paladins between levels 41 and 50.
chr_0968,Paladin,41-50,200.4,107,123,71.0,Your damage per second is higher than 71% of other Paladins between levels 41 and 50.
chr_0213,Paladin,41-50,200.4,94,123,70.0,Your damage per second is higher than 70% of other Paladins between levels 41 and 50.
chr_1240,Paladin,41-50,200.1,94,123,69.0,Your damage per second is higher than 69% of other Paladins between levels 41 and 50.
chr_1127,Paladin,41-50,200.0,96,123,68.0,Your damage per second is higher than 68% of other Paladins between levels 41 and 50.
chr_1119,Paladin,41-50,199.9,96,123,67.0,Your damage per second is higher than 67% of other Paladins between levels 41 and 50.
chr_0194,Paladin,41-50,199.8,95,123,67.0,Your damage per second is higher than 67% of other Paladins between levels 41 and 50.
chr_0925,Paladin,41-50,199.6,95,123,66.0,Your damage per second is higher than 66% of other Paladins between levels 41 and 50.
chr_1027,Paladin,41-50,199.2,96,123,65.0,Your damage per second is higher than 65% of other Paladins between levels 41 and 50.
chr_0121,Paladin,41-50,199.1,66,123,64.0,Your damage per second is higher than 64% of other Paladins between levels 41 and 50.
chr_1477,Paladin,41-50,199.0,98,123,63.0,Your damage per second is higher than 63% of other Paladins between levels 41 and 50.
chr_0480,Paladin,41-50,198.4,94,123,63.0,Your damage per second is higher than 63% of other Paladins between levels 41 and 50.
chr_0230,Paladin,41-50,198.2,95,123,62.0,Your damage per second is higher than 62% of other Paladins between levels 41 and 50.
chr_1544,Paladin,41-50,198.0,95,123,61.0,Your damage per second is higher than 61% of other Paladins between levels 41 and 50.
chr_0397,Paladin,41-50,197.7,90,123,60.0,Your damage per second is higher than 60% of other Paladins between levels 41 and 50.
chr_0361,Paladin,41-50,197.6,93,123,59.0,Your damage per second is higher than 59% of other Paladins between levels 41 and 50.
chr_1287,Paladin,41-50,197.5,97,123,59.0,Your damage per second is higher than 59% of other Paladins between levels 41 and 50.
chr_1752,Paladin,41-50,197.4,90,123,58.0,Your damage per second is higher than 58% of other Paladins between levels 41 and 50.
chr_1728,Paladin,41-50,197.3,95,123,57.0,Your damage per second is higher than 57% of other Paladins between levels 41 and 50.
chr_0475,Paladin,41-50,197.1,93,123,56.0,Your damage per second is higher than 56% of other Paladins between levels 41 and 50.
chr_0443,Paladin,41-50,197.0,101,123,55.0,Your damage per second is higher than 55% of other Paladins between levels 41 and 50.
chr_0395,Paladin,41-50,196.9,95,123,54.0,Your damage per second is higher than 54% of other Paladins between levels 41 and 50.
chr_1446,Paladin,41-50,196.8,94,123,54.0,Your damage per second is higher than 54% of other Paladins between levels 41 and 50.
chr_1463,Paladin,41-50,196.6,94,123,53.0,Your damage per second is higher than 53% of other Paladins between levels 41 and 50.
chr_1469,Paladin,41-50,196.6,94,123,52.0,Your damage per second is higher than 52% of other Paladins between levels 41 and 50.
chr_1468,Paladin,41-50,196.6,58,123,51.0,Your damage per second is higher than 51% of other Paladins between levels 41 and 50.
chr_1753,Paladin,41-50,195.8,93,123,50.0,Your damage per second is higher than 50% of other Paladins between levels 41 and 50.
chr_0933,Paladin,41-50,195.3,99,123,50.0,Your damage per second is higher than 50% of other Paladins between levels 41 and 50.
chr_0681,Paladin,41-50,194.7,90,123,49.0,Your damage per second is higher than 49% of other Paladins between levels 41 and 50.
chr_0638,Paladin,41-50,194.5,51,123,48.0,Your damage per second is higher than 48% of other Paladins between levels 41 and 50.
chr_0965,Paladin,41-50,194.4,86,123,46.0,Your damage per second is higher than 46% of other Paladins between levels 41 and 50.
chr_1604,Paladin,41-50,194.4,96,123,47.0,Your damage per second is higher than 47% of other Paladins between levels 41 and 50.
chr_0975,Paladin,41-50,194.1,79,123,45.0,Your damage per second is higher than 45% of other Paladins between levels 41 and 50.
chr_0039,Paladin,41-50,194.1,94,123,46.0,Your damage per second is higher than 46% of other Paladins between levels 41 and 50.
chr_0597,Paladin,41-50,194.0,95,123,44.0,Your damage per second is higher than 44% of other Paladins between levels 41 and 50.
chr_1217,Paladin,41-50,193.7,41,123,43.0,Your damage per second is higher than 43% of other Paladins between levels 41 and 50.
chr_0379,Paladin,41-50,193.6,87,123,42.0,Your damage per second is higher than 42% of other Paladins between levels 41 and 50.
chr_1356,Paladin,41-50,193.5,90,123,41.0,Your damage per second is higher than 41% of other Paladins between levels 41 and 50.
chr_0833,Paladin,41-50,193.5,97,123,41.0,Your damage per second is higher than 41% of other Paladins between levels 41 and 50.
chr_0799,Paladin,41-50,192.5,36,123,40.0,Your damage per second is higher than 40% of other Paladins between levels 41 and 50.
chr_1759,Paladin,41-50,192.0,95,123,39.0,Your damage per second is higher than 39% of other Paladins between levels 41 and 50.
chr_1169,Paladin,41-50,191.9,49,123,37.0,Your damage per second is higher than 37% of other Paladins between levels 41 and 50.
chr_1519,Paladin,41-50,191.9,88,123,38.0,Your damage per second is higher than 38% of other Paladins between levels 41 and 50.
chr_0582,Paladin,41-50,191.9,94,123,37.0,Your damage per second is higher than 37% of other Paladins between levels 41 and 50.
chr_1401,Paladin,41-50,191.7,30,123,36.0,Your damage per second is higher than 36% of other Paladins between levels 41 and 50.
chr_0269,Paladin,41-50,191.5,38,123,35.0,Your damage per second is higher than 35% of other Paladins between levels 41 and 50.
chr_1364,Paladin,41-50,190.5,34,123,34.0,Your damage per second is higher than 34% of other Paladins between levels 41 and 50.
chr_0441,Paladin,41-50,189.7,32,123,33.0,Your damage per second is higher than 33% of other Paladins between levels 41 and 50.
chr_1681,Paladin,41-50,189.0,41,123,33.0,Your damage per second is higher than 33% of other Paladins between levels 41 and 50.
chr_0738,Paladin,41-50,189.0,93,123,32.0,Your damage per second is higher than 32% of other Paladins between levels 41 and 50.
chr_1497,Paladin,41-50,188.6,53,123,31.0,Your damage per second is higher than 31% of other Paladins between levels 41 and 50.
chr_0796,Paladin,41-50,187.7,94,123,30.0,Your damage per second is higher than 30% of other Paladins between levels 41 and 50.
chr_0592,Paladin,41-50,187.1,41,123,29.0,Your damage per second is higher than 29% of other Paladins between levels 41 and 50.
chr_1244,Paladin,41-50,187.0,70,123,28.0,Your damage per second is higher than 28% of other Paladins between levels 41 and 50.
chr_1083,Paladin,41-50,185.6,65,123,28.0,Your damage per second is higher than 28% of other Paladins between levels 41 and 50.
chr_1425,Paladin,41-50,185.0,46,123,27.0,Your damage per second is higher than 27% of other Paladins between levels 41 and 50.
chr_1694,Paladin,41-50,184.4,101,123,26.0,Your damage per second is higher than 26% of other Paladins between levels 41 and 50.
chr_0900,Paladin,41-50,184.3,42,123,25.0,Your damage per second is higher than 25% of other Paladins between levels 41 and 50.
chr_1611,Paladin,41-50,184.1,43,123,24.0,Your damage per second is higher than 24% of other Paladins between levels 41 and 50.
chr_0378,Paladin,41-50,184.1,65,123,24.0,Your damage per second is higher than 24% of other Paladins between levels 41 and 50.
chr_1239,Paladin,41-50,183.7,91,123,23.0,Your damage per second is higher than 23% of other Paladins between levels 41 and 50.
chr_0399,Paladin,41-50,183.5,25,123,22.0,Your damage per second is higher than 22% of other Paladins between levels 41 and 50.
chr_0420,Paladin,41-50,182.9,18,123,21.0,Your damage per second is higher than 21% of other Paladins between levels 41 and 50.
chr_0867,Paladin,41-50,182.3,26,123,20.0,Your damage per second is higher than 20% of other Paladins between levels 41 and 50.
chr_0895,Paladin,41-50,181.9,65,123,20.0,Your damage per second is higher than 20% of other Paladins between levels 41 and 50.
chr_0297,Paladin,41-50,181.2,90,123,19.0,Your damage per second is higher than 19% of other Paladins between levels 41 and 50.
chr_0036,Paladin,41-50,179.2,55,123,17.0,Your damage per second is higher than 17% of other Paladins between levels 41 and 50.
chr_1248,Paladin,41-50,179.2,71,123,18.0,Your damage per second is higher than 18% of other Paladins between levels 41 and 50.
chr_1012,Paladin,41-50,179.0,61,123,16.0,Your damage per second is higher than 16% of other Paladins between levels 41 and 50.
chr_1377,Paladin,41-50,177.9,94,123,15.0,Your damage per second is higher than 15% of other Paladins between levels 41 and 50.
chr_1251,Paladin,41-50,177.0,59,123,15.0,Your damage per second is higher than 15% of other Paladins between levels 41 and 50.
chr_0266,Paladin,41-50,175.6,57,123,14.0,Your damage per second is higher than 14% of other Paladins between levels 41 and 50.
chr_0464,Paladin,41-50,174.6,75,123,13.0,Your damage per second is higher than 13% of other Paladins between levels 41 and 50.
chr_0281,Paladin,41-50,174.1,74,123,12.0,Your damage per second is higher than 12% of other Paladins between levels 41 and 50.
chr_1548,Paladin,41-50,172.8,37,123,11.0,Your damage per second is higher than 11% of other Paladins between levels 41 and 50.
chr_0469,Paladin,41-50,171.5,44,123,11.0,Your damage per second is higher than 11% of other Paladins between levels 41 and 50.
chr_1013,Paladin,41-50,171.0,38,123,10.0,Your damage per second is higher than 10% of other Paladins between levels 41 and 50.
chr_0086,Paladin,41-50,169.4,16,123,9.0,Your damage per second is higher than 9% of other Paladins between levels 41 and 50.
chr_1678,Paladin,41-50,168.9,77,123,8.0,Your damage per second is higher than 8% of other Paladins between levels 41 and 50.
chr_0485,Paladin,41-50,162.9,27,123,7.0,Your damage per second is higher than 7% of other Paladins between levels 41 and 50.
chr_0187,Paladin,41-50,161.8,34,123,7.0,Your damage per second is higher than 7% of other Paladins between levels 41 and 50.
chr_0775,Paladin,41-50,160.4,74,123,6.0,Your damage per second is higher than 6% of other Paladins between levels 41 and 50.
chr_0366,Paladin,41-50,159.7,38,123,5.0,Your damage per second is higher than 5% of other Paladins between levels 41 and 50.
chr_0888,Paladin,41-50,158.4,61,123,4.0,Your damage per second is higher than 4% of other Paladins between levels 41 and 50.
chr_0527,Paladin,41-50,155.6,39,123,3.0,Your damage per second is higher than 3% of other Paladins between levels 41 and 50.
chr_0723,Paladin,41-50,152.3,48,123,2.0,Your damage per second is higher than 2% of other Paladins between levels 41 and 50.
chr_1691,Paladin,41-50,150.0,38,123,2.0,Your damage per second is higher than 2% of other Paladins between levels 41 and 50.
chr_1645,Paladin,41-50,145.5,137,123,1.0,Your damage per second is higher than 1% of other Paladins between levels 41 and 50.
chr_0440,Paladin,41-50,126.5,95,123,0.0,Your damage per second is higher than 0% of other Paladins between levels 41 and 50.
chr_1717,Paladin,51-60,265.0,11,140,100.0,Your damage per second is higher than 100% of other Paladins between levels 51 and 60.
chr_1031,Paladin,51-60,264.1,23,140,99.0,Your damage per second is higher than 99% of other Paladins between levels 51 and 60.
chr_1066,Paladin,51-60,261.2,20,140,99.0,Your damage per second is higher than 99% of other Paladins between levels 51 and 60.
chr_0632,Paladin,51-60,259.3,49,140,98.0,Your damage per second is higher than 98% of other Paladins between levels 51 and 60.
chr_1585,Paladin,51-60,258.1,28,140,97.0,Your damage per second is higher than 97% of other Paladins between levels 51 and 60.
chr_1502,Paladin,51-60,257.7,25,140,96.0,Your damage per second is higher than 96% of other Paladins between levels 51 and 60.
chr_0865,Paladin,51-60,256.3,15,140,96.0,Your damage per second is higher than 96% of other Paladins between levels 51 and 60.
chr_1025,Paladin,51-60,252.1,62,140,95.0,Your damage per second is higher than 95% of other Paladins between levels 51 and 60.
chr_0805,Paladin,51-60,251.4,53,140,94.0,Your damage per second is higher than 94% of other Paladins between levels 51 and 60.
chr_1365,Paladin,51-60,251.2,46,140,94.0,Your damage per second is higher than 94% of other Paladins between levels 51 and 60.
chr_0926,Paladin,51-60,251.2,65,140,93.0,Your damage per second is higher than 93% of other Paladins between levels 51 and 60.
chr_1178,Paladin,51-60,250.2,59,140,92.0,Your damage per second is higher than 92% of other Paladins between levels 51 and 60.
chr_0449,Paladin,51-60,249.3,94,140,91.0,Your damage per second is higher than 91% of other Paladins between levels 51 and 60.
chr_1603,Paladin,51-60,248.5,57,140,91.0,Your damage per second is higher than 91% of other Paladins between levels 51 and 60.
chr_1160,Paladin,51-60,247.4,70,140,90.0,Your damage per second is higher than 90% of other Paladins between levels 51 and 60.
chr_1486,Paladin,51-60,246.1,96,140,89.0,Your damage per second is higher than 89% of other Paladins between levels 51 and 60.
chr_0968,Paladin,51-60,246.1,98,140,89.0,Your damage per second is higher than 89% of other Paladins between levels 51 and 60.
chr_0043,Paladin,51-60,245.6,95,140,88.0,Your damage per second is higher than 88% of other Paladins between levels 51 and 60.
chr_0737,Paladin,51-60,244.6,51,140,87.0,Your damage per second is higher than 87% of other Paladins between levels 51 and 60.
chr_0169,Paladin,51-60,244.6,93,140,86.0,Your damage per second is higher than 86% of other Paladins between levels 51 and 60.
chr_0103,Paladin,51-60,244.5,92,140,86.0,Your damage per second is higher than 86% of other Paladins between levels 51 and 60.
chr_1374,Paladin,51-60,244.3,103,140,85.0,Your damage per second is higher than 85% of other Paladins between levels 51 and 60.
chr_1337,Paladin,51-60,244.2,92,140,84.0,Your damage per second is higher than 84% of other Paladins between levels 51 and 60.
chr_1240,Paladin,51-60,244.2,87,140,84.0,Your damage per second is higher than 84% of other Paladins between levels 51 and 60.
chr_0006,Paladin,51-60,243.9,91,140,83.0,Your damage per second is higher than 83% of other Paladins between levels 51 and 60.
chr_1477,Paladin,51-60,243.8,94,140,82.0,Your damage per second is higher than 82% of other Paladins between levels 51 and 60.
chr_1666,Paladin,51-60,243.7,102,140,81.0,Your damage per second is higher than 81% of other Paladins between levels 51 and 60.
chr_0456,Paladin,51-60,243.7,98,140,81.0,Your damage per second is higher than 81% of other Paladins between levels 51 and 60.
chr_1519,Paladin,51-60,243.5,98,140,80.0,Your damage per second is higher than 80% of other Paladins between levels 51 and 60.
chr_1532,Paladin,51-60,243.5,97,140,79.0,Your damage per second is higher than 79% of other Paladins between levels 51 and 60.
chr_0502,Paladin,51-60,243.4,96,140,79.0,Your damage per second is higher than 79% of other Paladins between levels 51 and 60.
chr_0902,Paladin,51-60,243.3,96,140,78.0,Your damage per second is higher than 78% of other Paladins between levels 51 and 60.
chr_0781,Paladin,51-60,243.0,95,140,77.0,Your damage per second is higher than 77% of other Paladins between levels 51 and 60.
chr_0154,Paladin,51-60,242.6,97,140,76.0,Your damage per second is higher than 76% of other Paladins between levels 51 and 60.
chr_0573,Paladin,51-60,242.5,102,140,76.0,Your damage per second is higher than 76% of other Paladins between levels 51 and 60.
chr_1369,Paladin,51-60,242.3,103,140,75.0,Your damage per second is higher than 75% of other Paladins between levels 51 and 60.
chr_0163,Paladin,51-60,242.2,92,140,74.0,Your damage per second is higher than 74% of other Paladins between levels 51 and 60.
chr_1723,Paladin,51-60,241.7,98,140,74.0,Your damage per second is higher than 74% of other Paladins between levels 51 and 60.
chr_0395,Paladin,51-60,241.6,101,140,73.0,Your damage per second is higher than 73% of other Paladins between levels 51 and 60.
chr_0464,Paladin,51-60,241.5,94,140,72.0,Your damage per second is higher than 72% of other Paladins between levels 51 and 60.
chr_1489,Paladin,51-60,241.1,92,140,71.0,Your damage per second is higher than 71% of other Paladins between levels 51 and 60.
chr_0331,Paladin,51-60,240.9,101,140,71.0,Your damage per second is higher than 71% of other Paladins between levels 51 and 60.
chr_0602,Paladin,51-60,240.7,90,140,70.0,Your damage per second is higher than 70% of other Paladins between levels 51 and 60.
chr_1517,Paladin,51-60,240.6,48,140,69.0,Your damage per second is higher than 69% of other Paladins between levels 51 and 60.
chr_0324,Paladin,51-60,240.3,93,140,69.0,Your damage per second is higher than 69% of other Paladins between levels 51 and 60.
chr_0925,Paladin,51-60,240.3,94,140,68.0,Your damage per second is higher than 68% of other Paladins between levels 51 and 60.
chr_1287,Paladin,51-60,240.3,101,140,67.0,Your damage per second is higher than 67% of other Paladins between levels 51 and 60.
chr_0065,Paladin,51-60,239.7,95,140,66.0,Your damage per second is higher than 66% of other Paladins between levels 51 and 60.
chr_0297,Paladin,51-60,239.7,95,140,66.0,Your damage per second is higher than 66% of other Paladins between levels 51 and 60.
chr_0241,Paladin,51-60,239.6,95,140,65.0,Your damage per second is higher than 65% of other Paladins between levels 51 and 60.
chr_0314,Paladin,51-60,239.4,94,140,64.0,Your damage per second is higher than 64% of other Paladins between levels 51 and 60.
chr_1239,Paladin,51-60,239.1,101,140,64.0,Your damage per second is higher than 64% of other Paladins between levels 51 and 60.
chr_1728,Paladin,51-60,238.9,94,140,63.0,Your damage per second is higher than 63% of other Paladins between levels 51 and 60.
chr_0361,Paladin,51-60,238.7,99,140,62.0,Your damage per second is higher than 62% of other Paladins between levels 51 and 60.
chr_0230,Paladin,51-60,238.5,92,140,61.0,Your damage per second is higher than 61% of other Paladins between levels 51 and 60.
chr_1127,Paladin,51-60,238.5,97,140,61.0,Your damage per second is higher than 61% of other Paladins between levels 51 and 60.
chr_0765,Paladin,51-60,238.4,21,140,60.0,Your damage per second is higher than 60% of other Paladins between levels 51 and 60.
chr_0738,Paladin,51-60,238.3,98,140,59.0,Your damage per second is higher than 59% of other Paladins between levels 51 and 60.
chr_1129,Paladin,51-60,238.2,92,140,59.0,Your damage per second is higher than 59% of other Paladins between levels 51 and 60.
chr_1780,Paladin,51-60,238.1,94,140,58.0,Your damage per second is higher than 58% of other Paladins between levels 51 and 60.
chr_0597,Paladin,51-60,238.1,102,140,57.0,Your damage per second is higher than 57% of other Paladins between levels 51 and 60.
chr_0213,Paladin,51-60,238.0,93,140,56.0,Your damage per second is higher than 56% of other Paladins between levels 51 and 60.
chr_0022,Paladin,51-60,237.9,97,140,56.0,Your damage per second is higher than 56% of other Paladins between levels 51 and 60.
chr_1759,Paladin,51-60,237.8,95,140,55.0,Your damage per second is higher than 55% of other Paladins between levels 51 and 60.
chr_0821,Paladin,51-60,237.5,91,140,54.0,Your damage per second is higher than 54% of other Paladins between levels 51 and 60.
chr_0892,Paladin,51-60,237.3,94,140,54.0,Your damage per second is higher than 54% of other Paladins between levels 51 and 60.
chr_0547,Paladin,51-60,237.3,60,140,53.0,Your damage per second is higher than 53% of other Paladins between levels 51 and 60.
chr_0039,Paladin,51-60,237.2,99,140,52.0,Your damage per second is higher than 52% of other Paladins between levels 51 and 60.
chr_0337,Paladin,51-60,237.1,24,140,51.0,Your damage per second is higher than 51% of other Paladins between levels 51 and 60.
chr_1356,Paladin,51-60,237.0,94,140,51.0,Your damage per second is higher than 51% of other Paladins between levels 51 and 60.
chr_1626,Paladin,51-60,236.9,92,140,50.0,Your damage per second is higher than 50% of other Paladins between levels 51 and 60.
chr_1577,Paladin,51-60,236.9,88,140,49.0,Your damage per second is higher than 49% of other Paladins between levels 51 and 60.
chr_1752,Paladin,51-60,236.7,134,140,49.0,Your damage per second is higher than 49% of other Paladins between levels 51 and 60.
chr_0480,Paladin,51-60,236.7,84,140,48.0,Your damage per second is higher than 48% of other Paladins between levels 51 and 60.
chr_0582,Paladin,51-60,236.6,96,140,47.0,Your damage per second is higher than 47% of other Paladins between levels 51 and 60.
chr_0833,Paladin,51-60,236.4,98,140,46.0,Your damage per second is higher than 46% of other Paladins between levels 51 and 60.
chr_1463,Paladin,51-60,236.3,96,140,46.0,Your damage per second is higher than 46% of other Paladins between levels 51 and 60.
chr_1083,Paladin,51-60,235.5,91,140,45.0,Your damage per second is higher than 45% of other Paladins between levels 51 and 60.
chr_0379,Paladin,51-60,235.5,56,140,44.0,Your damage per second is higher than 44% of other Paladins between levels 51 and 60.
chr_0475,Paladin,51-60,235.5,93,140,44.0,Your damage per second is higher than 44% of other Paladins between levels 51 and 60.
chr_1469,Paladin,51-60,235.4,52,140,43.0,Your damage per second is higher than 43% of other Paladins between levels 51 and 60.
chr_0933,Paladin,51-60,235.4,76,140,42.0,Your damage per second is higher than 42% of other Paladins between levels 51 and 60.
chr_0569,Paladin,51-60,235.3,55,140,41.0,Your damage per second is higher than 41% of other Paladins between levels 51 and 60.
chr_1753,Paladin,51-60,235.0,94,140,41.0,Your damage per second is higher than 41% of other Paladins between levels 51 and 60.
chr_0194,Paladin,51-60,234.9,89,140,40.0,Your damage per second is higher than 40% of other Paladins between levels 51 and 60.
chr_0443,Paladin,51-60,234.7,66,140,39.0,Your damage per second is higher than 39% of other Paladins between levels 51 and 60.
chr_1218,Paladin,51-60,234.6,44,140,39.0,Your damage per second is higher than 39% of other Paladins between levels 51 and 60.
chr_0615,Paladin,51-60,234.4,76,140,38.0,Your damage per second is higher than 38% of other Paladins between levels 51 and 60.
chr_1775,Paladin,51-60,233.3,53,140,37.0,Your damage per second is higher than 37% of other Paladins between levels 51 and 60.
chr_0965,Paladin,51-60,233.2,66,140,36.0,Your damage per second is higher than 36% of other Paladins between levels 51 and 60.
chr_1202,Paladin,51-60,232.7,45,140,36.0,Your damage per second is higher than 36% of other Paladins between levels 51 and 60.
chr_1028,Paladin,51-60,232.0,105,140,35.0,Your damage per second is higher than 35% of other Paladins between levels 51 and 60.
chr_0316,Paladin,51-60,230.9,51,140,34.0,Your damage per second is higher than 34% of other Paladins between levels 51 and 60.
chr_0266,Paladin,51-60,230.8,93,140,34.0,Your damage per second is higher than 34% of other Paladins between levels 51 and 60.
chr_1446,Paladin,51-60,229.2,60,140,33.0,Your damage per second is higher than 33% of other Paladins between levels 51 and 60.
chr_1604,Paladin,51-60,228.9,69,140,32.0,Your damage per second is higher than 32% of other Paladins between levels 51 and 60.
chr_0975,Paladin,51-60,228.4,65,140,31.0,Your damage per second is higher than 31% of other Paladins between levels 51 and 60.
chr_0536,Paladin,51-60,228.1,71,140,31.0,Your damage per second is higher than 31% of other Paladins between levels 51 and 60.
chr_1119,Paladin,51-60,227.8,104,140,30.0,Your damage per second is higher than 30% of other Paladins between levels 51 and 60.
chr_0896,Paladin,51-60,227.5,66,140,29.0,Your damage per second is higher than 29% of other Paladins between levels 51 and 60.
chr_1027,Paladin,51-60,227.2,48,140,29.0,Your damage per second is higher than 29% of other Paladins between levels 51 and 60.
chr_0031,Paladin,51-60,226.8,26,140,28.0,Your damage per second is higher than 28% of other Paladins between levels 51 and 60.
chr_1013,Paladin,51-60,226.6,50,140,27.0,Your damage per second is higher than 27% of other Paladins between levels 51 and 60.
chr_1174,Paladin,51-60,226.6,28,140,26.0,Your damage per second is higher than 26% of other Paladins between levels 51 and 60.
chr_0397,Paladin,51-60,226.6,115,140,26.0,Your damage per second is higher than 26% of other Paladins between levels 51 and 60.
chr_1468,Paladin,51-60,226.1,48,140,25.0,Your damage per second is higher than 25% of other Paladins between levels 51 and 60.
chr_1377,Paladin,51-60,225.2,61,140,24.0,Your damage per second is higher than 24% of other Paladins between levels 51 and 60.
chr_0121,Paladin,51-60,224.7,57,140,24.0,Your damage per second is higher than 24% of other Paladins between levels 51 and 60.
chr_0895,Paladin,51-60,224.1,58,140,23.0,Your damage per second is higher than 23% of other Paladins between levels 51 and 60.
chr_1544,Paladin,51-60,223.2,40,140,22.0,Your damage per second is higher than 22% of other Paladins between levels 51 and 60.
chr_0796,Paladin,51-60,222.7,69,140,21.0,Your damage per second is higher than 21% of other Paladins between levels 51 and 60.
chr_0485,Paladin,51-60,222.4,59,140,21.0,Your damage per second is higher than 21% of other Paladins between levels 51 and 60.
chr_0441,Paladin,51-60,222.3,62,140,20.0,Your damage per second is higher than 20% of other Paladins between levels 51 and 60.
chr_1012,Paladin,51-60,221.2,88,140,19.0,Your damage per second is higher than 19% of other Paladins between levels 51 and 60.
chr_1702,Paladin,51-60,221.1,31,140,19.0,Your damage per second is higher than 19% of other Paladins between levels 51 and 60.
chr_1244,Paladin,51-60,220.8,84,140,18.0,Your damage per second is higher than 18% of other Paladins between levels 51 and 60.
chr_1678,Paladin,51-60,219.8,49,140,17.0,Your damage per second is higher than 17% of other Paladins between levels 51 and 60.
chr_0888,Paladin,51-60,219.3,54,140,16.0,Your damage per second is higher than 16% of other Paladins between levels 51 and 60.
chr_1694,Paladin,51-60,215.7,84,140,16.0,Your damage per second is higher than 16% of other Paladins between levels 51 and 60.
chr_0036,Paladin,51-60,213.5,57,140,15.0,Your damage per second is higher than 15% of other Paladins between levels 51 and 60.
chr_0900,Paladin,51-60,213.4,60,140,14.0,Your damage per second is higher than 14% of other Paladins between levels 51 and 60.
chr_1611,Paladin,51-60,212.8,54,140,14.0,Your damage per second is higher than 14% of other Paladins between levels 51 and 60.
chr_0378,Paladin,51-60,210.5,46,140,13.0,Your damage per second is higher than 13% of other Paladins between levels 51 and 60.
chr_1364,Paladin,51-60,208.0,69,140,12.0,Your damage per second is higher than 12% of other Paladins between levels 51 and 60.
chr_0469,Paladin,51-60,206.4,64,140,11.0,Your damage per second is higher than 11% of other Paladins between levels 51 and 60.
chr_0440,Paladin,51-60,205.9,82,140,11.0,Your damage per second is higher than 11% of other Paladins between levels 51 and 60.
chr_1248,Paladin,51-60,205.0,73,140,10.0,Your damage per second is higher than 10% of other Paladins between levels 51 and 60.
chr_1548,Paladin,51-60,204.4,50,140,9.0,Your damage per second is higher than 9% of other Paladins between levels 51 and 60.
chr_0281,Paladin,51-60,202.3,108,140,9.0,Your damage per second is higher than 9% of other Paladins between levels 51 and 60.
chr_0830,Paladin,51-60,200.2,94,140,8.0,Your damage per second is higher than 8% of other Paladins between levels 51 and 60.
chr_1699,Paladin,51-60,199.1,89,140,7.0,Your damage per second is higher than 7% of other Paladins between levels 51 and 60.
chr_1645,Paladin,51-60,193.0,115,140,6.0,Your damage per second is higher than 6% of other Paladins between levels 51 and 60.
chr_0187,Paladin,51-60,190.6,56,140,6.0,Your damage per second is higher than 6% of other Paladins between levels 51 and 60.
chr_0527,Paladin,51-60,189.6,50,140,5.0,Your damage per second is higher than 5% of other Paladins between levels 51 and 60.
chr_0406,Paladin,51-60,189.1,21,140,4.0,Your damage per second is higher than 4% of other Paladins between levels 51 and 60.
chr_0408,Paladin,51-60,188.7,80,140,4.0,Your damage per second is higher than 4% of other Paladins between levels 51 and 60.
chr_0723,Paladin,51-60,183.8,33,140,3.0,Your damage per second is higher than 3% of other Paladins between levels 51 and 60.
chr_0366,Paladin,51-60,178.8,24,140,2.0,Your damage per second is higher than 2% of other Paladins between levels 51 and 60.
chr_1691,Paladin,51-60,176.5,17,140,1.0,Your damage per second is higher than 1% of other Paladins between levels 51 and 60.
chr_0775,Paladin,51-60,175.5,95,140,1.0,Your damage per second is higher than 1% of other Paladins between levels 51 and 60.
chr_0769,Paladin,51-60,161.2,12,140,0.0,Your damage per second is higher than 0% of other Paladins between levels 51 and 60.
chr_1333,Paladin,61-70,304.6,968,156,100.0,Your damage per second is higher than 100% of other Paladins between levels 61 and 70.
chr_1189,Paladin,61-70,303.9,133,156,99.0,Your damage per second is higher than 99% of other Paladins between levels 61 and 70.
chr_0902,Paladin,61-70,303.4,1784,156,99.0,Your damage per second is higher than 99% of other Paladins between levels 61 and 70.
chr_1066,Paladin,61-70,303.3,2145,156,98.0,Your damage per second is higher than 98% of other Paladins between levels 61 and 70.
chr_1368,Paladin,61-70,303.2,410,156,97.0,Your damage per second is higher than 97% of other Paladins between levels 61 and 70.
chr_0781,Paladin,61-70,302.9,2093,156,97.0,Your damage per second is higher than 97% of other Paladins between levels 61 and 70.
chr_0169,Paladin,61-70,302.8,1936,156,96.0,Your damage per second is higher than 96% of other Paladins between levels 61 and 70.
chr_1614,Paladin,61-70,302.6,2260,156,96.0,Your damage per second is higher than 96% of other Paladins between levels 61 and 70.
chr_0324,Paladin,61-70,302.5,1934,156,95.0,Your damage per second is higher than 95% of other Paladins between levels 61 and 70.
chr_1051,Paladin,61-70,302.5,2368,156,94.0,Your damage per second is higher than 94% of other Paladins between levels 61 and 70.
chr_1369,Paladin,61-70,302.4,1847,156,94.0,Your damage per second is higher than 94% of other Paladins between levels 61 and 70.
chr_0506,Paladin,61-70,302.4,200,156,93.0,Your damage per second is higher than 93% of other Paladins between levels 61 and 70.
chr_0241,Paladin,61-70,302.4,1862,156,92.0,Your damage per second is higher than 92% of other Paladins between levels 61 and 70.
chr_0386,Paladin,61-70,302.4,299,156,92.0,Your damage per second is higher than 92% of other Paladins between levels 61 and 70.
chr_1477,Paladin,61-70,302.2,1270,156,91.0,Your damage per second is higher than 91% of other Paladins between levels 61 and 70.
chr_0314,Paladin,61-70,302.2,1686,156,90.0,Your damage per second is higher than 90% of other Paladins between levels 61 and 70.
chr_1025,Paladin,61-70,302.1,2138,156,90.0,Your damage per second is higher than 90% of other Paladins between levels 61 and 70.
chr_0475,Paladin,61-70,302.0,1745,156,89.0,Your damage per second is higher than 89% of other Paladins between levels 61 and 70.
chr_1129,Paladin,61-70,302.0,1313,156,88.0,Your damage per second is higher than 88% of other Paladins between levels 61 and 70.
chr_0738,Paladin,61-70,301.9,1831,156,88.0,Your damage per second is higher than 88% of other Paladins between levels 61 and 70.
chr_1486,Paladin,61-70,301.9,2156,156,87.0,Your damage per second is higher than 87% of other Paladins between levels 61 and 70.
chr_0297,Paladin,61-70,301.8,1449,156,87.0,Your damage per second is higher than 87% of other Paladins between levels 61 and 70.
chr_1240,Paladin,61-70,301.8,1144,156,86.0,Your damage per second is higher than 86% of other Paladins between levels 61 and 70.
chr_0154,Paladin,61-70,301.8,1971,156,85.0,Your damage per second is higher than 85% of other Paladins between levels 61 and 70.
chr_0742,Paladin,61-70,301.7,239,156,85.0,Your damage per second is higher than 85% of other Paladins between levels 61 and 70.
chr_0573,Paladin,61-70,301.7,2255,156,84.0,Your damage per second is higher than 84% of other Paladins between levels 61 and 70.
chr_0361,Paladin,61-70,301.6,1549,156,83.0,Your damage per second is higher than 83% of other Paladins between levels 61 and 70.
chr_0103,Paladin,61-70,301.6,1928,156,83.0,Your damage per second is higher than 83% of other Paladins between levels 61 and 70.
chr_1287,Paladin,61-70,301.5,878,156,82.0,Your damage per second is higher than 82% of other Paladins between levels 61 and 70.
chr_1728,Paladin,61-70,301.3,1482,156,81.0,Your damage per second is higher than 81% of other Paladins between levels 61 and 70.
chr_0925,Paladin,61-70,301.2,1865,156,81.0,Your damage per second is higher than 81% of other Paladins between levels 61 and 70.
chr_0632,Paladin,61-70,301.1,2364,156,80.0,Your damage per second is higher than 80% of other Paladins between levels 61 and 70.
chr_0833,Paladin,61-70,301.0,1648,156,79.0,Your damage per second is higher than 79% of other Paladins between levels 61 and 70.
chr_0449,Paladin,61-70,301.0,950,156,79.0,Your damage per second is higher than 79% of other Paladins between levels 61 and 70.
chr_1780,Paladin,61-70,300.9,1291,156,78.0,Your damage per second is higher than 78% of other Paladins between levels 61 and 70.
chr_1752,Paladin,61-70,300.9,1888,156,78.0,Your damage per second is higher than 78% of other Paladins between levels 61 and 70.
chr_0266,Paladin,61-70,300.5,1561,156,77.0,Your damage per second is higher than 77% of other Paladins between levels 61 and 70.
chr_1626,Paladin,61-70,300.3,1419,156,76.0,Your damage per second is higher than 76% of other Paladins between levels 61 and 70.
chr_0892,Paladin,61-70,300.1,1712,156,76.0,Your damage per second is higher than 76% of other Paladins between levels 61 and 70.
chr_1232,Paladin,61-70,299.4,299,156,75.0,Your damage per second is higher than 75% of other Paladins between levels 61 and 70.
chr_1178,Paladin,61-70,299.2,657,156,74.0,Your damage per second is higher than 74% of other Paladins between levels 61 and 70.
chr_1625,Paladin,61-70,299.1,552,156,74.0,Your damage per second is higher than 74% of other Paladins between levels 61 and 70.
chr_0037,Paladin,61-70,298.5,567,156,73.0,Your damage per second is higher than 73% of other Paladins between levels 61 and 70.
chr_0968,Paladin,61-70,298.4,521,156,72.0,Your damage per second is higher than 72% of other Paladins between levels 61 and 70.
chr_0441,Paladin,61-70,298.2,405,156,72.0,Your damage per second is higher than 72% of other Paladins between levels 61 and 70.
chr_1245,Paladin,61-70,297.9,334,156,71.0,Your damage per second is higher than 71% of other Paladins between levels 61 and 70.
chr_0529,Paladin,61-70,297.6,332,156,71.0,Your damage per second is higher than 71% of other Paladins between levels 61 and 70.
chr_0842,Paladin,61-70,297.6,256,156,70.0,Your damage per second is higher than 70% of other Paladins between levels 61 and 70.
chr_1519,Paladin,61-70,297.5,1482,156,69.0,Your damage per second is higher than 69% of other Paladins between levels 61 and 70.
chr_0337,Paladin,61-70,297.5,2394,156,69.0,Your damage per second is higher than 69% of other Paladins between levels 61 and 70.
chr_0022,Paladin,61-70,297.0,278,156,68.0,Your damage per second is higher than 68% of other Paladins between levels 61 and 70.
chr_0492,Paladin,61-70,295.6,343,156,67.0,Your damage per second is higher than 67% of other Paladins between levels 61 and 70.
chr_1772,Paladin,61-70,295.1,188,156,67.0,Your damage per second is higher than 67% of other Paladins between levels 61 and 70.
chr_1666,Paladin,61-70,294.9,268,156,66.0,Your damage per second is higher than 66% of other Paladins between levels 61 and 70.
chr_0900,Paladin,61-70,294.7,489,156,65.0,Your damage per second is higher than 65% of other Paladins between levels 61 and 70.
chr_0087,Paladin,61-70,294.7,65,156,65.0,Your damage per second is higher than 65% of other Paladins between levels 61 and 70.
chr_0597,Paladin,61-70,294.6,233,156,64.0,Your damage per second is higher than 64% of other Paladins between levels 61 and 70.
chr_1239,Paladin,61-70,294.6,331,156,63.0,Your damage per second is higher than 63% of other Paladins between levels 61 and 70.
chr_0374,Paladin,61-70,294.6,196,156,63.0,Your damage per second is higher than 63% of other Paladins between levels 61 and 70.
chr_0821,Paladin,61-70,294.5,441,156,62.0,Your damage per second is higher than 62% of other Paladins between levels 61 and 70.
chr_0835,Paladin,61-70,294.1,253,156,62.0,Your damage per second is higher than 62% of other Paladins between levels 61 and 70.
chr_0464,Paladin,61-70,294.1,245,156,61.0,Your damage per second is higher than 61% of other Paladins between levels 61 and 70.
chr_0865,Paladin,61-70,293.6,191,156,60.0,Your damage per second is higher than 60% of other Paladins between levels 61 and 70.
chr_0582,Paladin,61-70,293.6,165,156,60.0,Your damage per second is higher than 60% of other Paladins between levels 61 and 70.
chr_1548,Paladin,61-70,293.6,406,156,59.0,Your damage per second is higher than 59% of other Paladins between levels 61 and 70.
chr_0975,Paladin,61-70,293.6,295,156,58.0,Your damage per second is higher than 58% of other Paladins between levels 61 and 70.
chr_0737,Paladin,61-70,293.2,2048,156,58.0,Your damage per second is higher than 58% of other Paladins between levels 61 and 70.
chr_0213,Paladin,61-70,292.9,212,156,57.0,Your damage per second is higher than 57% of other Paladins between levels 61 and 70.
chr_0800,Paladin,61-70,292.1,252,156,56.0,Your damage per second is higher than 56% of other Paladins between levels 61 and 70.
chr_0443,Paladin,61-70,291.9,864,156,56.0,Your damage per second is higher than 56% of other Paladins between levels 61 and 70.
chr_1463,Paladin,61-70,291.8,220,156,55.0,Your damage per second is higher than 55% of other Paladins between levels 61 and 70.
chr_1753,Paladin,61-70,291.6,211,156,54.0,Your damage per second is higher than 54% of other Paladins between levels 61 and 70.
chr_1603,Paladin,61-70,291.5,264,156,54.0,Your damage per second is higher than 54% of other Paladins between levels 61 and 70.
chr_0135,Paladin,61-70,291.1,2321,156,53.0,Your damage per second is higher than 53% of other Paladins between levels 61 and 70.
chr_1337,Paladin,61-70,290.1,182,156,53.0,Your damage per second is higher than 53% of other Paladins between levels 61 and 70.
chr_0569,Paladin,61-70,289.5,149,156,52.0,Your damage per second is higher than 52% of other Paladins between levels 61 and 70.
chr_1766,Paladin,61-70,288.9,139,156,51.0,Your damage per second is higher than 51% of other Paladins between levels 61 and 70.
chr_0965,Paladin,61-70,288.8,216,156,51.0,Your damage per second is higher than 51% of other Paladins between levels 61 and 70.
chr_0265,Paladin,61-70,288.7,109,156,50.0,Your damage per second is higher than 50% of other Paladins between levels 61 and 70.
chr_0406,Paladin,61-70,288.4,1995,156,49.0,Your damage per second is higher than 49% of other Paladins between levels 61 and 70.
chr_1119,Paladin,61-70,287.1,1989,156,49.0,Your damage per second is higher than 49% of other Paladins between levels 61 and 70.
chr_1469,Paladin,61-70,286.3,2355,156,48.0,Your damage per second is higher than 48% of other Paladins between levels 61 and 70.
chr_1508,Paladin,61-70,286.3,114,156,47.0,Your damage per second is higher than 47% of other Paladins between levels 61 and 70.
chr_1450,Paladin,61-70,286.0,55,156,47.0,Your damage per second is higher than 47% of other Paladins between levels 61 and 70.
chr_1759,Paladin,61-70,285.9,137,156,46.0,Your damage per second is higher than 46% of other Paladins between levels 61 and 70.
chr_1723,Paladin,61-70,284.9,122,156,46.0,Your damage per second is higher than 46% of other Paladins between levels 61 and 70.
chr_0731,Paladin,61-70,282.9,121,156,45.0,Your damage per second is higher than 45% of other Paladins between levels 61 and 70.
chr_1248,Paladin,61-70,282.8,1556,156,44.0,Your damage per second is higher than 44% of other Paladins between levels 61 and 70.
chr_1031,Paladin,61-70,281.7,2237,156,44.0,Your damage per second is higher than 44% of other Paladins between levels 61 and 70.
chr_0708,Paladin,61-70,281.0,2874,156,43.0,Your damage per second is higher than 43% of other Paladins between levels 61 and 70.
chr_0456,Paladin,61-70,280.7,102,156,42.0,Your damage per second is higher than 42% of other Paladins between levels 61 and 70.
chr_0775,Paladin,61-70,280.5,1683,156,42.0,Your damage per second is higher than 42% of other Paladins between levels 61 and 70.
chr_1654,Paladin,61-70,279.3,2583,156,41.0,Your damage per second is higher than 41% of other Paladins between levels 61 and 70.
chr_1606,Paladin,61-70,279.1,106,156,40.0,Your damage per second is higher than 40% of other Paladins between levels 61 and 70.
chr_0036,Paladin,61-70,278.9,190,156,40.0,Your damage per second is higher than 40% of other Paladins between levels 61 and 70.
chr_1202,Paladin,61-70,278.1,87,156,39.0,Your damage per second is higher than 39% of other Paladins between levels 61 and 70.
chr_0397,Paladin,61-70,277.5,1455,156,38.0,Your damage per second is higher than 38% of other Paladins between levels 61 and 70.
chr_0926,Paladin,61-70,277.2,96,156,38.0,Your damage per second is higher than 38% of other Paladins between levels 61 and 70.
chr_0230,Paladin,61-70,277.0,95,156,37.0,Your damage per second is higher than 37% of other Paladins between levels 61 and 70.
chr_0765,Paladin,61-70,276.6,685,156,37.0,Your damage per second is higher than 37% of other Paladins between levels 61 and 70.
chr_1594,Paladin,61-70,276.4,568,156,36.0,Your damage per second is higher than 36% of other Paladins between levels 61 and 70.
chr_0331,Paladin,61-70,276.2,95,156,35.0,Your damage per second is higher than 35% of other Paladins between levels 61 and 70.
chr_1502,Paladin,61-70,276.1,71,156,35.0,Your damage per second is higher than 35% of other Paladins between levels 61 and 70.
chr_1532,Paladin,61-70,275.7,103,156,34.0,Your damage per second is higher than 34% of other Paladins between levels 61 and 70.
chr_1585,Paladin,61-70,275.5,51,156,33.0,Your damage per second is higher than 33% of other Paladins between levels 61 and 70.
chr_1083,Paladin,61-70,275.4,2254,156,33.0,Your damage per second is higher than 33% of other Paladins between levels 61 and 70.
chr_1733,Paladin,61-70,274.6,1840,156,32.0,Your damage per second is higher than 32% of other Paladins between levels 61 and 70.
chr_1468,Paladin,61-70,274.4,2146,156,31.0,Your damage per second is higher than 31% of other Paladins between levels 61 and 70.
chr_0830,Paladin,61-70,274.3,741,156,31.0,Your damage per second is higher than 31% of other Paladins between levels 61 and 70.
chr_1717,Paladin,61-70,274.3,82,156,30.0,Your damage per second is higher than 30% of other Paladins between levels 61 and 70.
chr_0615,Paladin,61-70,274.2,134,156,29.0,Your damage per second is higher than 29% of other Paladins between levels 61 and 70.
chr_0378,Paladin,61-70,273.5,2166,156,29.0,Your damage per second is higher than 29% of other Paladins between levels 61 and 70.
chr_1377,Paladin,61-70,273.3,1522,156,28.0,Your damage per second is higher than 28% of other Paladins between levels 61 and 70.
chr_1645,Paladin,61-70,273.2,267,156,28.0,Your damage per second is higher than 28% of other Paladins between levels 61 and 70.
chr_0006,Paladin,61-70,273.2,68,156,27.0,Your damage per second is higher than 27% of other Paladins between levels 61 and 70.
chr_0536,Paladin,61-70,272.9,526,156,26.0,Your damage per second is higher than 26% of other Paladins between levels 61 and 70.
chr_1160,Paladin,61-70,272.8,57,156,26.0,Your damage per second is higher than 26% of other Paladins between levels 61 and 70.
chr_0281,Paladin,61-70,272.8,1734,156,25.0,Your damage per second is higher than 25% of other Paladins between levels 61 and 70.
chr_0502,Paladin,61-70,272.5,66,156,24.0,Your damage per second is higher than 24% of other Paladins between levels 61 and 70.
chr_0631,Paladin,61-70,272.3,2551,156,24.0,Your damage per second is higher than 24% of other Paladins between levels 61 and 70.
chr_0121,Paladin,61-70,272.1,561,156,23.0,Your damage per second is higher than 23% of other Paladins between levels 61 and 70.
chr_0379,Paladin,61-70,271.9,2197,156,22.0,Your damage per second is higher than 22% of other Paladins between levels 61 and 70.
chr_1356,Paladin,61-70,271.6,743,156,22.0,Your damage per second is higher than 22% of other Paladins between levels 61 and 70.
chr_1365,Paladin,61-70,271.0,48,156,21.0,Your damage per second is higher than 21% of other Paladins between levels 61 and 70.
chr_0043,Paladin,61-70,270.1,87,156,21.0,Your damage per second is higher than 21% of other Paladins between levels 61 and 70.
chr_1694,Paladin,61-70,269.9,1586,156,20.0,Your damage per second is higher than 20% of other Paladins between levels 61 and 70.
chr_1127,Paladin,61-70,269.3,27,156,19.0,Your damage per second is higher than 19% of other Paladins between levels 61 and 70.
chr_1244,Paladin,61-70,269.2,532,156,19.0,Your damage per second is higher than 19% of other Paladins between levels 61 and 70.
chr_1678,Paladin,61-70,269.1,1984,156,18.0,Your damage per second is higher than 18% of other Paladins between levels 61 and 70.
chr_1028,Paladin,61-70,269.1,2149,156,17.0,Your damage per second is higher than 17% of other Paladins between levels 61 and 70.
chr_1013,Paladin,61-70,268.4,556,156,17.0,Your damage per second is higher than 17% of other Paladins between levels 61 and 70.
chr_0187,Paladin,61-70,268.4,1359,156,16.0,Your damage per second is higher than 16% of other Paladins between levels 61 and 70.
chr_1517,Paladin,61-70,268.3,34,156,15.0,Your damage per second is higher than 15% of other Paladins between levels 61 and 70.
chr_1489,Paladin,61-70,268.0,62,156,15.0,Your damage per second is higher than 15% of other Paladins between levels 61 and 70.
chr_1012,Paladin,61-70,267.6,635,156,14.0,Your damage per second is higher than 14% of other Paladins between levels 61 and 70.
chr_1445,Paladin,61-70,264.3,50,156,13.0,Your damage per second is higher than 13% of other Paladins between levels 61 and 70.
chr_0065,Paladin,61-70,263.6,26,156,13.0,Your damage per second is higher than 13% of other Paladins between levels 61 and 70.
chr_0312,Paladin,61-70,263.0,712,156,12.0,Your damage per second is higher than 12% of other Paladins between levels 61 and 70.
chr_0547,Paladin,61-70,263.0,488,156,12.0,Your damage per second is higher than 12% of other Paladins between levels 61 and 70.
chr_0896,Paladin,61-70,262.5,596,156,11.0,Your damage per second is higher than 11% of other Paladins between levels 61 and 70.
chr_1775,Paladin,61-70,262.5,120,156,10.0,Your damage per second is higher than 10% of other Paladins between levels 61 and 70.
chr_0805,Paladin,61-70,262.2,22,156,10.0,Your damage per second is higher than 10% of other Paladins between levels 61 and 70.
chr_0408,Paladin,61-70,261.8,884,156,9.0,Your damage per second is higher than 9% of other Paladins between levels 61 and 70.
chr_1364,Paladin,61-70,261.8,500,156,8.0,Your damage per second is higher than 8% of other Paladins between levels 61 and 70.
chr_0888,Paladin,61-70,261.8,299,156,8.0,Your damage per second is higher than 8% of other Paladins between levels 61 and 70.
chr_0485,Paladin,61-70,260.9,542,156,7.0,Your damage per second is higher than 7% of other Paladins between levels 61 and 70.
chr_1374,Paladin,61-70,260.3,11,156,6.0,Your damage per second is higher than 6% of other Paladins between levels 61 and 70.
chr_0440,Paladin,61-70,260.1,544,156,6.0,Your damage per second is higher than 6% of other Paladins between levels 61 and 70.
chr_0395,Paladin,61-70,259.1,12,156,5.0,Your damage per second is higher than 5% of other Paladins between levels 61 and 70.
chr_0163,Paladin,61-70,258.3,17,156,4.0,Your damage per second is higher than 4% of other Paladins between levels 61 and 70.
chr_0489,Paladin,61-70,258.1,148,156,4.0,Your damage per second is higher than 4% of other Paladins between levels 61 and 70.
chr_0469,Paladin,61-70,257.5,171,156,3.0,Your damage per second is higher than 3% of other Paladins between levels 61 and 70.
chr_0769,Paladin,61-70,253.9,518,156,3.0,Your damage per second is higher than 3% of other Paladins between levels 61 and 70.
chr_0527,Paladin,61-70,253.5,302,156,2.0,Your damage per second is higher than 2% of other Paladins between levels 61 and 70.
chr_0895,Paladin,61-70,252.9,337,156,1.0,Your damage per second is higher than 1% of other Paladins between levels 61 and 70.
chr_0316,Paladin,61-70,245.6,20,156,1.0,Your damage per second is higher than 1% of other Paladins between levels 61 and 70.
chr_0182,Paladin,61-70,230.3,83,156,0.0,Your damage per second is higher than 0% of other Paladins between levels 61 and 70.
chr_0786,Priest,1-10,55.5,17,28,100.0,Your damage per second is higher than 100% of other Priests between levels 1 and 10.
chr_1715,Priest,1-10,53.9,31,28,96.0,Your damage per second is higher than 96% of other Priests between levels 1 and 10.
chr_1373,Priest,1-10,53.7,29,28,93.0,Your damage per second is higher than 93% of other Priests between levels 1 and 10.
chr_0580,Priest,1-10,51.0,33,28,89.0,Your damage per second is higher than 89% of other Priests between levels 1 and 10.
chr_1234,Priest,1-10,44.9,43,28,86.0,Your damage per second is higher than 86% of other Priests between levels 1 and 10.
chr_0477,Priest,1-10,43.7,49,28,82.0,Your damage per second is higher than 82% of other Priests between levels 1 and 10.
chr_0452,Priest,1-10,43.5,49,28,79.0,Your damage per second is higher than 79% of other Priests between levels 1 and 10.
chr_1528,Priest,1-10,43.4,49,28,71.0,Your damage per second is higher than 71% of other Priests between levels 1 and 10.
chr_1620,Priest,1-10,43.4,49,28,75.0,Your damage per second is higher than 75% of other Priests between levels 1 and 10.
chr_0619,Priest,1-10,43.3,50,28,68.0,Your damage per second is higher than 68% of other Priests between levels 1 and 10.
chr_1308,Priest,1-10,43.2,12,28,64.0,Your damage per second is higher than 64% of other Priests between levels 1 and 10.
chr_0945,Priest,1-10,43.1,48,28,61.0,Your damage per second is higher than 61% of other Priests between levels 1 and 10.
chr_0556,Priest,1-10,42.7,50,28,57.0,Your damage per second is higher than 57% of other Priests between levels 1 and 10.
chr_1452,Priest,1-10,42.6,48,28,54.0,Your damage per second is higher than 54% of other Priests between levels 1 and 10.
chr_1597,Priest,1-10,42.5,50,28,50.0,Your damage per second is higher than 50% of other Priests between levels 1 and 10.
chr_1253,Priest,1-10,42.5,46,28,46.0,Your damage per second is higher than 46% of other Priests between levels 1 and 10.
chr_1357,Priest,1-10,42.4,48,28,43.0,Your damage per second is higher than 43% of other Priests between levels 1 and 10.
chr_1617,Priest,1-10,42.3,49,28,39.0,Your damage per second is higher than 39% of other Priests between levels 1 and 10.
chr_0290,Priest,1-10,42.3,50,28,36.0,Your damage per second is higher than 36% of other Priests between levels 1 and 10.
chr_0724,Priest,1-10,42.2,48,28,32.0,Your damage per second is higher than 32% of other Priests between levels 1 and 10.
chr_1566,Priest,1-10,42.1,50,28,29.0,Your damage per second is higher than 29% of other Priests between levels 1 and 10.
chr_0446,Priest,1-10,42.1,49,28,25.0,Your damage per second is higher than 25% of other Priests between levels 1 and 10.
chr_0210,Priest,1-10,42.0,48,28,21.0,Your damage per second is higher than 21% of other Priests between levels 1 and 10.
chr_0325,Priest,1-10,41.9,45,28,18.0,Your damage per second is higher than 18% of other Priests between levels 1 and 10.
chr_1443,Priest,1-10,41.8,49,28,14.0,Your damage per second is higher than 14% of other Priests between levels 1 and 10.
chr_1052,Priest,1-10,41.5,47,28,11.0,Your damage per second is higher than 11% of other Priests between levels 1 and 10.
chr_1547,Priest,1-10,25.5,26,28,7.0,Your damage per second is higher than 7% of other Priests between levels 1 and 10.
chr_0662,Priest,1-10,25.2,26,28,4.0,Your damage per second is higher than 4% of other Priests between levels 1 and 10.
chr_0468,Priest,1-10,19.9,48,28,0.0,Your damage per second is higher than 0% of other Priests between levels 1 and 10.
chr_1684,Priest,11-20,90.4,40,39,100.0,Your damage per second is higher than 100% of other Priests between levels 11 and 20.
chr_1725,Priest,11-20,89.5,42,39,97.0,Your damage per second is higher than 97% of other Priests between levels 11 and 20.
chr_1750,Priest,11-20,87.9,43,39,95.0,Your damage per second is higher than 95% of other Priests between levels 11 and 20.
chr_0513,Priest,11-20,84.9,54,39,92.0,Your damage per second is higher than 92% of other Priests between levels 11 and 20.
chr_0114,Priest,11-20,84.5,55,39,90.0,Your damage per second is higher than 90% of other Priests between levels 11 and 20.
chr_0144,Priest,11-20,83.1,61,39,87.0,Your damage per second is higher than 87% of other Priests between levels 11 and 20.
chr_1602,Priest,11-20,81.8,23,39,85.0,Your damage per second is higher than 85% of other Priests between levels 11 and 20.
chr_1528,Priest,11-20,81.0,59,39,82.0,Your damage per second is higher than 82% of other Priests between levels 11 and 20.
chr_1715,Priest,11-20,79.6,59,39,79.0,Your damage per second is higher than 79% of other Priests between levels 11 and 20.
chr_0267,Priest,11-20,78.7,45,39,77.0,Your damage per second is higher than 77% of other Priests between levels 11 and 20.
chr_0786,Priest,11-20,78.4,58,39,74.0,Your damage per second is higher than 74% of other Priests between levels 11 and 20.
chr_1597,Priest,11-20,78.3,59,39,72.0,Your damage per second is higher than 72% of other Priests between levels 11 and 20.
chr_1373,Priest,11-20,76.9,59,39,69.0,Your damage per second is higher than 69% of other Priests between levels 11 and 20.
chr_0210,Priest,11-20,76.8,60,39,67.0,Your damage per second is higher than 67% of other Priests between levels 11 and 20.
chr_0325,Priest,11-20,76.7,58,39,64.0,Your damage per second is higher than 64% of other Priests between levels 11 and 20.
chr_0446,Priest,11-20,76.2,59,39,62.0,Your damage per second is higher than 62% of other Priests between levels 11 and 20.
chr_1357,Priest,11-20,76.0,60,39,59.0,Your damage per second is higher than 59% of other Priests between levels 11 and 20.
chr_1620,Priest,11-20,76.0,58,39,56.0,Your damage per second is higher than 56% of other Priests between levels 11 and 20.
chr_1617,Priest,11-20,75.9,59,39,54.0,Your damage per second is higher than 54% of other Priests between levels 11 and 20.
chr_1566,Priest,11-20,75.8,58,39,51.0,Your damage per second is higher than 51% of other Priests between levels 11 and 20.
chr_1253,Priest,11-20,75.7,58,39,49.0,Your damage per second is higher than 49% of other Priests between levels 11 and 20.
chr_1052,Priest,11-20,75.5,59,39,46.0,Your damage per second is higher than 46% of other Priests between levels 11 and 20.
chr_1452,Priest,11-20,74.8,61,39,44.0,Your damage per second is higher than 44% of other Priests between levels 11 and 20.
chr_0452,Priest,11-20,74.4,58,39,41.0,Your damage per second is higher than 41% of other Priests between levels 11 and 20.
chr_1443,Priest,11-20,73.9,58,39,38.0,Your damage per second is higher than 38% of other Priests between levels 11 and 20.
chr_0619,Priest,11-20,73.8,58,39,36.0,Your damage per second is higher than 36% of other Priests between levels 11 and 20.
chr_1234,Priest,11-20,73.8,60,39,33.0,Your damage per second is higher than 33% of other Priests between levels 11 and 20.
chr_0945,Priest,11-20,73.4,60,39,31.0,Your damage per second is higher than 31% of other Priests between levels 11 and 20.
chr_0556,Priest,11-20,73.1,35,39,28.0,Your damage per second is higher than 28% of other Priests between levels 11 and 20.
chr_0724,Priest,11-20,72.9,60,39,26.0,Your damage per second is higher than 26% of other Priests between levels 11 and 20.
chr_0662,Priest,11-20,71.0,20,39,23.0,Your damage per second is higher than 23% of other Priests between levels 11 and 20.
chr_1547,Priest,11-20,70.6,16,39,21.0,Your damage per second is higher than 21% of other Priests between levels 11 and 20.
chr_1308,Priest,11-20,69.0,28,39,18.0,Your damage per second is higher than 18% of other Priests between levels 11 and 20.
chr_0477,Priest,11-20,67.9,28,39,15.0,Your damage per second is higher than 15% of other Priests between levels 11 and 20.
chr_0580,Priest,11-20,67.3,28,39,13.0,Your damage per second is higher than 13% of other Priests between levels 11 and 20.
chr_0290,Priest,11-20,67.0,29,39,10.0,Your damage per second is higher than 10% of other Priests between levels 11 and 20.
chr_0468,Priest,11-20,64.8,21,39,8.0,Your damage per second is higher than 8% of other Priests between levels 11 and 20.
chr_1769,Priest,11-20,52.4,17,39,5.0,Your damage per second is higher than 5% of other Priests between levels 11 and 20.
chr_0218,Priest,11-20,52.0,21,39,3.0,Your damage per second is higher than 3% of other Priests between levels 11 and 20.
chr_0919,Priest,11-20,38.9,28,39,0.0,Your damage per second is higher than 0% of other Priests between levels 11 and 20.
chr_1210,Priest,21-30,142.0,16,56,100.0,Your damage per second is higher than 100% of other Priests between levels 21 and 30.
chr_0637,Priest,21-30,137.8,20,56,98.0,Your damage per second is higher than 98% of other Priests between levels 21 and 30.
chr_0707,Priest,21-30,130.0,50,56,96.0,Your damage per second is higher than 96% of other Priests between levels 21 and 30.
chr_0628,Priest,21-30,128.0,33,56,95.0,Your damage per second is higher than 95% of other Priests between levels 21 and 30.
chr_0339,Priest,21-30,126.9,39,56,93.0,Your damage per second is higher than 93% of other Priests between levels 21 and 30.
chr_1751,Priest,21-30,124.9,27,56,91.0,Your damage per second is higher than 91% of other Priests between levels 21 and 30.
chr_0836,Priest,21-30,124.8,52,56,89.0,Your damage per second is higher than 89% of other Priests between levels 21 and 30.
chr_1017,Priest,21-30,123.8,21,56,88.0,Your damage per second is higher than 88% of other Priests between levels 21 and 30.
chr_0210,Priest,21-30,123.8,72,56,86.0,Your damage per second is higher than 86% of other Priests between levels 21 and 30.
chr_0773,Priest,21-30,123.7,42,56,84.0,Your damage per second is higher than 84% of other Priests between levels 21 and 30.
chr_0271,Priest,21-30,123.1,69,56,82.0,Your damage per second is higher than 82% of other Priests between levels 21 and 30.
chr_1528,Priest,21-30,122.6,70,56,80.0,Your damage per second is higher than 80% of other Priests between levels 21 and 30.
chr_1326,Priest,21-30,122.6,68,56,79.0,Your damage per second is higher than 79% of other Priests between levels 21 and 30.
chr_1745,Priest,21-30,122.5,69,56,77.0,Your damage per second is higher than 77% of other Priests between levels 21 and 30.
chr_1665,Priest,21-30,122.3,60,56,75.0,Your damage per second is higher than 75% of other Priests between levels 21 and 30.
chr_0911,Priest,21-30,121.6,70,56,73.0,Your damage per second is higher than 73% of other Priests between levels 21 and 30.
chr_0839,Priest,21-30,121.4,69,56,71.0,Your damage per second is higher than 71% of other Priests between levels 21 and 30.
chr_1078,Priest,21-30,121.3,68,56,70.0,Your damage per second is higher than 70% of other Priests between levels 21 and 30.
chr_1075,Priest,21-30,120.8,70,56,68.0,Your damage per second is higher than 68% of other Priests between levels 21 and 30.
chr_1373,Priest,21-30,120.6,72,56,66.0,Your damage per second is higher than 66% of other Priests between levels 21 and 30.
chr_1781,Priest,21-30,119.7,71,56,64.0,Your damage per second is higher than 64% of other Priests between levels 21 and 30.
chr_1597,Priest,21-30,118.9,71,56,63.0,Your damage per second is higher than 63% of other Priests between levels 21 and 30.
chr_1750,Priest,21-30,118.5,67,56,61.0,Your damage per second is higher than 61% of other Priests between levels 21 and 30.
chr_0619,Priest,21-30,118.2,78,56,59.0,Your damage per second is higher than 59% of other Priests between levels 21 and 30.
chr_1715,Priest,21-30,118.1,70,56,57.0,Your damage per second is higher than 57% of other Priests between levels 21 and 30.
chr_1684,Priest,21-30,117.8,69,56,55.0,Your damage per second is higher than 55% of other Priests between levels 21 and 30.
chr_1443,Priest,21-30,117.6,69,56,54.0,Your damage per second is higher than 54% of other Priests between levels 21 and 30.
chr_0114,Priest,21-30,117.5,70,56,52.0,Your damage per second is higher than 52% of other Priests between levels 21 and 30.
chr_0446,Priest,21-30,116.7,72,56,50.0,Your damage per second is higher than 50% of other Priests between levels 21 and 30.
chr_0325,Priest,21-30,116.6,68,56,48.0,Your damage per second is higher than 48% of other Priests between levels 21 and 30.
chr_1584,Priest,21-30,116.6,51,56,46.0,Your damage per second is higher than 46% of other Priests between levels 21 and 30.
chr_0144,Priest,21-30,115.8,70,56,45.0,Your damage per second is higher than 45% of other Priests between levels 21 and 30.
chr_1602,Priest,21-30,115.2,47,56,43.0,Your damage per second is higher than 43% of other Priests between levels 21 and 30.
chr_1253,Priest,21-30,115.1,67,56,41.0,Your damage per second is higher than 41% of other Priests between levels 21 and 30.
chr_1357,Priest,21-30,115.0,68,56,39.0,Your damage per second is higher than 39% of other Priests between levels 21 and 30.
chr_1566,Priest,21-30,114.8,68,56,38.0,Your damage per second is higher than 38% of other Priests between levels 21 and 30.
chr_0513,Priest,21-30,114.6,53,56,36.0,Your damage per second is higher than 36% of other Priests between levels 21 and 30.
chr_1620,Priest,21-30,114.3,68,56,34.0,Your damage per second is higher than 34% of other Priests between levels 21 and 30.
chr_0945,Priest,21-30,113.9,71,56,32.0,Your damage per second is higher than 32% of other Priests between levels 21 and 30.
chr_0452,Priest,21-30,113.6,70,56,30.0,Your damage per second is higher than 30% of other Priests between levels 21 and 30.
chr_1052,Priest,21-30,113.0,62,56,29.0,Your damage per second is higher than 29% of other Priests between levels 21 and 30.
chr_1234,Priest,21-30,112.9,56,56,27.0,Your damage per second is higher than 27% of other Priests between levels 21 and 30.
chr_0267,Priest,21-30,112.8,68,56,25.0,Your damage per second is higher than 25% of other Priests between levels 21 and 30.
chr_1087,Priest,21-30,112.1,17,56,23.0,Your damage per second is higher than 23% of other Priests between levels 21 and 30.
chr_0724,Priest,21-30,111.1,68,56,21.0,Your damage per second is higher than 21% of other Priests between levels 21 and 30.
chr_0927,Priest,21-30,110.5,55,56,20.0,Your damage per second is higher than 20% of other Priests between levels 21 and 30.
chr_1452,Priest,21-30,109.5,69,56,18.0,Your damage per second is higher than 18% of other Priests between levels 21 and 30.
chr_0786,Priest,21-30,109.4,70,56,16.0,Your damage per second is higher than 16% of other Priests between levels 21 and 30.
chr_1400,Priest,21-30,107.9,57,56,14.0,Your damage per second is higher than 14% of other Priests between levels 21 and 30.
chr_1308,Priest,21-30,104.6,45,56,13.0,Your damage per second is higher than 13% of other Priests between levels 21 and 30.
chr_0218,Priest,21-30,100.3,35,56,11.0,Your damage per second is higher than 11% of other Priests between levels 21 and 30.
chr_1617,Priest,21-30,99.4,23,56,9.0,Your damage per second is higher than 9% of other Priests between levels 21 and 30.
chr_0662,Priest,21-30,97.8,43,56,7.0,Your damage per second is higher than 7% of other Priests between levels 21 and 30.
chr_0468,Priest,21-30,97.7,27,56,5.0,Your damage per second is higher than 5% of other Priests between levels 21 and 30.
chr_1547,Priest,21-30,97.3,22,56,4.0,Your damage per second is higher than 4% of other Priests between levels 21 and 30.
chr_0919,Priest,21-30,93.7,21,56,2.0,Your damage per second is higher than 2% of other Priests between levels 21 and 30.
chr_1769,Priest,21-30,91.8,49,56,0.0,Your damage per second is higher than 0% of other Priests between levels 21 and 30.
chr_1456,Priest,31-40,179.3,20,74,100.0,Your damage per second is higher than 100% of other Priests between levels 31 and 40.
chr_0172,Priest,31-40,177.5,21,74,99.0,Your damage per second is higher than 99% of other Priests between levels 31 and 40.
chr_1651,Priest,31-40,177.1,23,74,97.0,Your damage per second is higher than 97% of other Priests between levels 31 and 40.
chr_0079,Priest,31-40,175.8,16,74,96.0,Your damage per second is higher than 96% of other Priests between levels 31 and 40.
chr_0428,Priest,31-40,175.6,18,74,95.0,Your damage per second is higher than 95% of other Priests between levels 31 and 40.
chr_1498,Priest,31-40,174.0,12,74,93.0,Your damage per second is higher than 93% of other Priests between levels 31 and 40.
chr_1037,Priest,31-40,172.7,10,74,92.0,Your damage per second is higher than 92% of other Priests between levels 31 and 40.
chr_1295,Priest,31-40,171.2,15,74,91.0,Your damage per second is higher than 91% of other Priests between levels 31 and 40.
chr_0115,Priest,31-40,170.9,11,74,89.0,Your damage per second is higher than 89% of other Priests between levels 31 and 40.
chr_0893,Priest,31-40,170.7,47,74,88.0,Your damage per second is higher than 88% of other Priests between levels 31 and 40.
chr_1155,Priest,31-40,170.1,43,74,86.0,Your damage per second is higher than 86% of other Priests between levels 31 and 40.
chr_1176,Priest,31-40,169.2,58,74,85.0,Your damage per second is higher than 85% of other Priests between levels 31 and 40.
chr_0787,Priest,31-40,163.7,71,74,84.0,Your damage per second is higher than 84% of other Priests between levels 31 and 40.
chr_1216,Priest,31-40,162.1,61,74,82.0,Your damage per second is higher than 82% of other Priests between levels 31 and 40.
chr_0038,Priest,31-40,162.1,67,74,81.0,Your damage per second is higher than 81% of other Priests between levels 31 and 40.
chr_1745,Priest,31-40,161.6,74,74,80.0,Your damage per second is higher than 80% of other Priests between levels 31 and 40.
chr_1326,Priest,31-40,161.6,69,74,78.0,Your damage per second is higher than 78% of other Priests between levels 31 and 40.
chr_0644,Priest,31-40,161.5,67,74,77.0,Your damage per second is higher than 77% of other Priests between levels 31 and 40.
chr_1253,Priest,31-40,161.4,70,74,76.0,Your damage per second is higher than 76% of other Priests between levels 31 and 40.
chr_1584,Priest,31-40,161.3,71,74,74.0,Your damage per second is higher than 74% of other Priests between levels 31 and 40.
chr_1338,Priest,31-40,161.0,76,74,73.0,Your damage per second is higher than 73% of other Priests between levels 31 and 40.
chr_1274,Priest,31-40,160.9,32,74,72.0,Your damage per second is higher than 72% of other Priests between levels 31 and 40.
chr_0446,Priest,31-40,160.7,76,74,70.0,Your damage per second is higher than 70% of other Priests between levels 31 and 40.
chr_0619,Priest,31-40,160.7,66,74,69.0,Your damage per second is higher than 69% of other Priests between levels 31 and 40.
chr_0637,Priest,31-40,160.7,78,74,68.0,Your damage per second is higher than 68% of other Priests between levels 31 and 40.
chr_1627,Priest,31-40,159.9,76,74,66.0,Your damage per second is higher than 66% of other Priests between levels 31 and 40.
chr_1597,Priest,31-40,159.8,71,74,65.0,Your damage per second is higher than 65% of other Priests between levels 31 and 40.
chr_1458,Priest,31-40,159.7,31,74,64.0,Your damage per second is higher than 64% of other Priests between levels 31 and 40.
chr_0707,Priest,31-40,159.1,78,74,62.0,Your damage per second is higher than 62% of other Priests between levels 31 and 40.
chr_1373,Priest,31-40,159.0,77,74,61.0,Your damage per second is higher than 61% of other Priests between levels 31 and 40.
chr_1620,Priest,31-40,158.9,73,74,59.0,Your damage per second is higher than 59% of other Priests between levels 31 and 40.
chr_1357,Priest,31-40,158.5,89,74,58.0,Your damage per second is higher than 58% of other Priests between levels 31 and 40.
chr_1528,Priest,31-40,158.4,74,74,57.0,Your damage per second is higher than 57% of other Priests between levels 31 and 40.
chr_0339,Priest,31-40,158.2,75,74,55.0,Your damage per second is higher than 55% of other Priests between levels 31 and 40.
chr_0210,Priest,31-40,158.1,72,74,54.0,Your damage per second is higher than 54% of other Priests between levels 31 and 40.
chr_1075,Priest,31-40,158.0,75,74,53.0,Your damage per second is higher than 53% of other Priests between levels 31 and 40.
chr_1481,Priest,31-40,157.9,76,74,51.0,Your damage per second is higher than 51% of other Priests between levels 31 and 40.
chr_1684,Priest,31-40,157.7,74,74,50.0,Your damage per second is higher than 50% of other Priests between levels 31 and 40.
chr_0271,Priest,31-40,157.1,72,74,49.0,Your damage per second is higher than 49% of other Priests between levels 31 and 40.
chr_0786,Priest,31-40,156.2,74,74,47.0,Your damage per second is higher than 47% of other Priests between levels 31 and 40.
chr_0724,Priest,31-40,155.4,81,74,46.0,Your damage per second is higher than 46% of other Priests between levels 31 and 40.
chr_0945,Priest,31-40,155.3,74,74,45.0,Your damage per second is higher than 45% of other Priests between levels 31 and 40.
chr_0839,Priest,31-40,154.5,74,74,43.0,Your damage per second is higher than 43% of other Priests between levels 31 and 40.
chr_1249,Priest,31-40,153.9,58,74,42.0,Your damage per second is higher than 42% of other Priests between levels 31 and 40.
chr_1602,Priest,31-40,153.7,31,74,41.0,Your damage per second is higher than 41% of other Priests between levels 31 and 40.
chr_1751,Priest,31-40,153.7,67,74,39.0,Your damage per second is higher than 39% of other Priests between levels 31 and 40.
chr_1452,Priest,31-40,153.6,78,74,38.0,Your damage per second is higher than 38% of other Priests between levels 31 and 40.
chr_1566,Priest,31-40,153.2,71,74,36.0,Your damage per second is higher than 36% of other Priests between levels 31 and 40.
chr_0452,Priest,31-40,152.7,74,74,35.0,Your damage per second is higher than 35% of other Priests between levels 31 and 40.
chr_1078,Priest,31-40,151.4,57,74,34.0,Your damage per second is higher than 34% of other Priests between levels 31 and 40.
chr_1781,Priest,31-40,151.1,70,74,32.0,Your damage per second is higher than 32% of other Priests between levels 31 and 40.
chr_0267,Priest,31-40,150.7,73,74,31.0,Your damage per second is higher than 31% of other Priests between levels 31 and 40.
chr_1665,Priest,31-40,149.4,73,74,30.0,Your damage per second is higher than 30% of other Priests between levels 31 and 40.
chr_0325,Priest,31-40,149.0,40,74,28.0,Your damage per second is higher than 28% of other Priests between levels 31 and 40.
chr_1210,Priest,31-40,148.5,33,74,27.0,Your damage per second is higher than 27% of other Priests between levels 31 and 40.
chr_0773,Priest,31-40,148.4,54,74,26.0,Your damage per second is higher than 26% of other Priests between levels 31 and 40.
chr_0158,Priest,31-40,147.5,24,74,24.0,Your damage per second is higher than 24% of other Priests between levels 31 and 40.
chr_1738,Priest,31-40,142.9,64,74,23.0,Your damage per second is higher than 23% of other Priests between levels 31 and 40.
chr_0114,Priest,31-40,142.3,32,74,22.0,Your damage per second is higher than 22% of other Priests between levels 31 and 40.
chr_1308,Priest,31-40,142.3,61,74,20.0,Your damage per second is higher than 20% of other Priests between levels 31 and 40.
chr_1704,Priest,31-40,141.7,11,74,19.0,Your damage per second is higher than 19% of other Priests between levels 31 and 40.
chr_1443,Priest,31-40,140.5,17,74,18.0,Your damage per second is higher than 18% of other Priests between levels 31 and 40.
chr_1715,Priest,31-40,139.7,13,74,16.0,Your damage per second is higher than 16% of other Priests between levels 31 and 40.
chr_1087,Priest,31-40,139.2,24,74,15.0,Your damage per second is higher than 15% of other Priests between levels 31 and 40.
chr_1776,Priest,31-40,134.8,58,74,14.0,Your damage per second is higher than 14% of other Priests between levels 31 and 40.
chr_1547,Priest,31-40,133.0,74,74,12.0,Your damage per second is higher than 12% of other Priests between levels 31 and 40.
chr_0919,Priest,31-40,132.8,22,74,11.0,Your damage per second is higher than 11% of other Priests between levels 31 and 40.
chr_1017,Priest,31-40,126.9,65,74,9.0,Your damage per second is higher than 9% of other Priests between levels 31 and 40.
chr_0836,Priest,31-40,125.9,47,74,8.0,Your damage per second is higher than 8% of other Priests between levels 31 and 40.
chr_0404,Priest,31-40,122.8,50,74,7.0,Your damage per second is higher than 7% of other Priests between levels 31 and 40.
chr_0927,Priest,31-40,120.3,92,74,5.0,Your damage per second is higher than 5% of other Priests between levels 31 and 40.
chr_0662,Priest,31-40,119.5,56,74,4.0,Your damage per second is higher than 4% of other Priests between levels 31 and 40.
chr_0468,Priest,31-40,115.2,59,74,3.0,Your damage per second is higher than 3% of other Priests between levels 31 and 40.
chr_0218,Priest,31-40,109.9,23,74,1.0,Your damage per second is higher than 1% of other Priests between levels 31 and 40.
chr_1400,Priest,31-40,105.0,73,74,0.0,Your damage per second is higher than 0% of other Priests between levels 31 and 40.
chr_0423,Priest,41-50,224.4,14,84,100.0,Your damage per second is higher than 100% of other Priests between levels 41 and 50.
chr_1254,Priest,41-50,216.9,19,84,99.0,Your damage per second is higher than 99% of other Priests between levels 41 and 50.
chr_1255,Priest,41-50,211.8,44,84,98.0,Your damage per second is higher than 98% of other Priests between levels 41 and 50.
chr_1575,Priest,41-50,211.5,49,84,96.0,Your damage per second is higher than 96% of other Priests between levels 41 and 50.
chr_1767,Priest,41-50,211.3,36,84,95.0,Your damage per second is higher than 95% of other Priests between levels 41 and 50.
chr_0113,Priest,41-50,203.1,93,84,94.0,Your damage per second is higher than 94% of other Priests between levels 41 and 50.
chr_1295,Priest,41-50,202.7,90,84,93.0,Your damage per second is higher than 93% of other Priests between levels 41 and 50.
chr_0803,Priest,41-50,202.6,44,84,92.0,Your damage per second is higher than 92% of other Priests between levels 41 and 50.
chr_0958,Priest,41-50,202.1,71,84,90.0,Your damage per second is higher than 90% of other Priests between levels 41 and 50.
chr_0172,Priest,41-50,201.6,91,84,89.0,Your damage per second is higher than 89% of other Priests between levels 41 and 50.
chr_1627,Priest,41-50,201.2,94,84,88.0,Your damage per second is higher than 88% of other Priests between levels 41 and 50.
chr_1620,Priest,41-50,200.7,95,84,87.0,Your damage per second is higher than 87% of other Priests between levels 41 and 50.
chr_0849,Priest,41-50,200.6,87,84,86.0,Your damage per second is higher than 86% of other Priests between levels 41 and 50.
chr_1456,Priest,41-50,200.1,93,84,85.0,Your damage per second is higher than 85% of other Priests between levels 41 and 50.
chr_1155,Priest,41-50,200.1,94,84,83.0,Your damage per second is higher than 83% of other Priests between levels 41 and 50.
chr_0739,Priest,41-50,200.1,98,84,82.0,Your damage per second is higher than 82% of other Priests between levels 41 and 50.
chr_0079,Priest,41-50,200.0,94,84,81.0,Your damage per second is higher than 81% of other Priests between levels 41 and 50.
chr_1357,Priest,41-50,199.9,87,84,80.0,Your damage per second is higher than 80% of other Priests between levels 41 and 50.
chr_0249,Priest,41-50,199.3,93,84,79.0,Your damage per second is higher than 79% of other Priests between levels 41 and 50.
chr_0038,Priest,41-50,199.2,98,84,77.0,Your damage per second is higher than 77% of other Priests between levels 41 and 50.
chr_0707,Priest,41-50,199.2,94,84,76.0,Your damage per second is higher than 76% of other Priests between levels 41 and 50.
chr_1660,Priest,41-50,199.1,91,84,75.0,Your damage per second is higher than 75% of other Priests between levels 41 and 50.
chr_0724,Priest,41-50,199.0,92,84,74.0,Your damage per second is higher than 74% of other Priests between levels 41 and 50.
chr_0210,Priest,41-50,198.9,96,84,73.0,Your damage per second is higher than 73% of other Priests between levels 41 and 50.
chr_0271,Priest,41-50,198.9,95,84,71.0,Your damage per second is higher than 71% of other Priests between levels 41 and 50.
chr_1216,Priest,41-50,198.7,92,84,70.0,Your damage per second is higher than 70% of other Priests between levels 41 and 50.
chr_1338,Priest,41-50,198.6,94,84,69.0,Your damage per second is higher than 69% of other Priests between levels 41 and 50.
chr_1113,Priest,41-50,198.4,52,84,68.0,Your damage per second is higher than 68% of other Priests between levels 41 and 50.
chr_1745,Priest,41-50,198.3,94,84,67.0,Your damage per second is higher than 67% of other Priests between levels 41 and 50.
chr_1651,Priest,41-50,198.1,92,84,65.0,Your damage per second is higher than 65% of other Priests between levels 41 and 50.
chr_1528,Priest,41-50,197.6,97,84,64.0,Your damage per second is higher than 64% of other Priests between levels 41 and 50.
chr_0893,Priest,41-50,197.4,67,84,63.0,Your damage per second is higher than 63% of other Priests between levels 41 and 50.
chr_1326,Priest,41-50,197.3,93,84,62.0,Your damage per second is higher than 62% of other Priests between levels 41 and 50.
chr_0115,Priest,41-50,197.2,93,84,61.0,Your damage per second is higher than 61% of other Priests between levels 41 and 50.
chr_1572,Priest,41-50,197.0,49,84,60.0,Your damage per second is higher than 60% of other Priests between levels 41 and 50.
chr_1176,Priest,41-50,196.9,96,84,58.0,Your damage per second is higher than 58% of other Priests between levels 41 and 50.
chr_0452,Priest,41-50,196.7,94,84,57.0,Your damage per second is higher than 57% of other Priests between levels 41 and 50.
chr_1373,Priest,41-50,196.5,94,84,56.0,Your damage per second is higher than 56% of other Priests between levels 41 and 50.
chr_0836,Priest,41-50,196.5,94,84,55.0,Your damage per second is higher than 55% of other Priests between levels 41 and 50.
chr_1566,Priest,41-50,196.0,96,84,54.0,Your damage per second is higher than 54% of other Priests between levels 41 and 50.
chr_0619,Priest,41-50,195.9,98,84,52.0,Your damage per second is higher than 52% of other Priests between levels 41 and 50.
chr_0446,Priest,41-50,195.0,97,84,51.0,Your damage per second is higher than 51% of other Priests between levels 41 and 50.
chr_1274,Priest,41-50,194.8,93,84,50.0,Your damage per second is higher than 50% of other Priests between levels 41 and 50.
chr_0644,Priest,41-50,194.6,96,84,49.0,Your damage per second is higher than 49% of other Priests between levels 41 and 50.
chr_1584,Priest,41-50,194.5,73,84,48.0,Your damage per second is higher than 48% of other Priests between levels 41 and 50.
chr_0166,Priest,41-50,194.3,43,84,46.0,Your damage per second is higher than 46% of other Priests between levels 41 and 50.
chr_1781,Priest,41-50,194.2,94,84,45.0,Your damage per second is higher than 45% of other Priests between levels 41 and 50.
chr_0945,Priest,41-50,193.8,92,84,44.0,Your damage per second is higher than 44% of other Priests between levels 41 and 50.
chr_1498,Priest,41-50,193.3,73,84,43.0,Your damage per second is higher than 43% of other Priests between levels 41 and 50.
chr_1481,Priest,41-50,193.2,89,84,42.0,Your damage per second is higher than 42% of other Priests between levels 41 and 50.
chr_0787,Priest,41-50,193.0,93,84,40.0,Your damage per second is higher than 40% of other Priests between levels 41 and 50.
chr_1075,Priest,41-50,192.8,95,84,39.0,Your damage per second is higher than 39% of other Priests between levels 41 and 50.
chr_1037,Priest,41-50,192.6,36,84,38.0,Your damage per second is higher than 38% of other Priests between levels 41 and 50.
chr_1597,Priest,41-50,191.3,84,84,37.0,Your damage per second is higher than 37% of other Priests between levels 41 and 50.
chr_1253,Priest,41-50,191.1,70,84,36.0,Your damage per second is higher than 36% of other Priests between levels 41 and 50.
chr_1684,Priest,41-50,190.7,97,84,35.0,Your damage per second is higher than 35% of other Priests between levels 41 and 50.
chr_0267,Priest,41-50,190.6,67,84,33.0,Your damage per second is higher than 33% of other Priests between levels 41 and 50.
chr_1458,Priest,41-50,190.5,38,84,32.0,Your damage per second is higher than 32% of other Priests between levels 41 and 50.
chr_0339,Priest,41-50,190.2,95,84,31.0,Your damage per second is higher than 31% of other Priests between levels 41 and 50.
chr_0839,Priest,41-50,190.2,90,84,30.0,Your damage per second is higher than 30% of other Priests between levels 41 and 50.
chr_0637,Priest,41-50,190.0,93,84,29.0,Your damage per second is higher than 29% of other Priests between levels 41 and 50.
chr_1665,Priest,41-50,189.6,88,84,27.0,Your damage per second is higher than 27% of other Priests between levels 41 and 50.
chr_1308,Priest,41-50,189.3,90,84,26.0,Your damage per second is higher than 26% of other Priests between levels 41 and 50.
chr_1249,Priest,41-50,189.0,36,84,25.0,Your damage per second is higher than 25% of other Priests between levels 41 and 50.
chr_0606,Priest,41-50,188.7,42,84,24.0,Your damage per second is higher than 24% of other Priests between levels 41 and 50.
chr_0773,Priest,41-50,184.9,59,84,23.0,Your damage per second is higher than 23% of other Priests between levels 41 and 50.
chr_1602,Priest,41-50,183.5,34,84,21.0,Your damage per second is higher than 21% of other Priests between levels 41 and 50.
chr_0662,Priest,41-50,183.3,59,84,20.0,Your damage per second is higher than 20% of other Priests between levels 41 and 50.
chr_0404,Priest,41-50,181.9,45,84,19.0,Your damage per second is higher than 19% of other Priests between levels 41 and 50.
chr_0428,Priest,41-50,181.7,15,84,18.0,Your damage per second is higher than 18% of other Priests between levels 41 and 50.
chr_0786,Priest,41-50,179.2,127,84,17.0,Your damage per second is higher than 17% of other Priests between levels 41 and 50.
chr_1078,Priest,41-50,177.5,39,84,15.0,Your damage per second is higher than 15% of other Priests between levels 41 and 50.
chr_1452,Priest,41-50,177.3,19,84,14.0,Your damage per second is higher than 14% of other Priests between levels 41 and 50.
chr_1547,Priest,41-50,175.7,72,84,13.0,Your damage per second is higher than 13% of other Priests between levels 41 and 50.
chr_0919,Priest,41-50,175.5,44,84,12.0,Your damage per second is higher than 12% of other Priests between levels 41 and 50.
chr_1017,Priest,41-50,172.9,46,84,11.0,Your damage per second is higher than 11% of other Priests between levels 41 and 50.
chr_1751,Priest,41-50,165.5,112,84,10.0,Your damage per second is higher than 10% of other Priests between levels 41 and 50.
chr_1738,Priest,41-50,160.2,43,84,8.0,Your damage per second is higher than 8% of other Priests between levels 41 and 50.
chr_1087,Priest,41-50,160.1,37,84,7.0,Your damage per second is higher than 7% of other Priests between levels 41 and 50.
chr_0927,Priest,41-50,159.4,101,84,6.0,Your damage per second is higher than 6% of other Priests between levels 41 and 50.
chr_1776,Priest,41-50,159.3,78,84,5.0,Your damage per second is higher than 5% of other Priests between levels 41 and 50.
chr_0468,Priest,41-50,153.3,65,84,4.0,Your damage per second is higher than 4% of other Priests between levels 41 and 50.
chr_0218,Priest,41-50,151.8,38,84,2.0,Your damage per second is higher than 2% of other Priests between levels 41 and 50.
chr_1400,Priest,41-50,134.9,72,84,1.0,Your damage per second is higher than 1% of other Priests between levels 41 and 50.
chr_0278,Priest,41-50,126.5,93,84,0.0,Your damage per second is higher than 0% of other Priests between levels 41 and 50.
chr_1559,Priest,51-60,257.3,17,96,100.0,Your damage per second is higher than 100% of other Priests between levels 51 and 60.
chr_1030,Priest,51-60,256.1,14,96,99.0,Your damage per second is higher than 99% of other Priests between levels 51 and 60.
chr_0754,Priest,51-60,253.0,43,96,98.0,Your damage per second is higher than 98% of other Priests between levels 51 and 60.
chr_1068,Priest,51-60,251.4,32,96,97.0,Your damage per second is higher than 97% of other Priests between levels 51 and 60.
chr_0501,Priest,51-60,249.2,56,96,96.0,Your damage per second is higher than 96% of other Priests between levels 51 and 60.
chr_0946,Priest,51-60,247.9,70,96,95.0,Your damage per second is higher than 95% of other Priests between levels 51 and 60.
chr_0362,Priest,51-60,247.3,83,96,94.0,Your damage per second is higher than 94% of other Priests between levels 51 and 60.
chr_0507,Priest,51-60,246.4,40,96,93.0,Your damage per second is higher than 93% of other Priests between levels 51 and 60.
chr_1060,Priest,51-60,245.1,82,96,92.0,Your damage per second is higher than 92% of other Priests between levels 51 and 60.
chr_0853,Priest,51-60,244.8,88,96,91.0,Your damage per second is higher than 91% of other Priests between levels 51 and 60.
chr_0809,Priest,51-60,244.6,57,96,90.0,Your damage per second is higher than 90% of other Priests between levels 51 and 60.
chr_1212,Priest,51-60,243.9,92,96,89.0,Your damage per second is higher than 89% of other Priests between levels 51 and 60.
chr_1767,Priest,51-60,243.3,93,96,88.0,Your damage per second is higher than 88% of other Priests between levels 51 and 60.
chr_0952,Priest,51-60,243.1,93,96,86.0,Your damage per second is higher than 86% of other Priests between levels 51 and 60.
chr_0038,Priest,51-60,243.1,104,96,85.0,Your damage per second is higher than 85% of other Priests between levels 51 and 60.
chr_1781,Priest,51-60,242.7,97,96,84.0,Your damage per second is higher than 84% of other Priests between levels 51 and 60.
chr_0271,Priest,51-60,242.4,98,96,83.0,Your damage per second is higher than 83% of other Priests between levels 51 and 60.
chr_1255,Priest,51-60,242.3,86,96,82.0,Your damage per second is higher than 82% of other Priests between levels 51 and 60.
chr_1373,Priest,51-60,241.2,95,96,81.0,Your damage per second is higher than 81% of other Priests between levels 51 and 60.
chr_1745,Priest,51-60,240.9,93,96,80.0,Your damage per second is higher than 80% of other Priests between levels 51 and 60.
chr_0951,Priest,51-60,240.7,103,96,79.0,Your damage per second is higher than 79% of other Priests between levels 51 and 60.
chr_1575,Priest,51-60,240.5,96,96,78.0,Your damage per second is higher than 78% of other Priests between levels 51 and 60.
chr_1075,Priest,51-60,240.2,97,96,77.0,Your damage per second is higher than 77% of other Priests between levels 51 and 60.
chr_1627,Priest,51-60,239.9,95,96,76.0,Your damage per second is higher than 76% of other Priests between levels 51 and 60.
chr_0221,Priest,51-60,239.8,95,96,75.0,Your damage per second is higher than 75% of other Priests between levels 51 and 60.
chr_0113,Priest,51-60,239.8,96,96,74.0,Your damage per second is higher than 74% of other Priests between levels 51 and 60.
chr_0249,Priest,51-60,239.6,89,96,73.0,Your damage per second is higher than 73% of other Priests between levels 51 and 60.
chr_0046,Priest,51-60,239.5,95,96,72.0,Your damage per second is higher than 72% of other Priests between levels 51 and 60.
chr_0786,Priest,51-60,239.3,82,96,71.0,Your damage per second is higher than 71% of other Priests between levels 51 and 60.
chr_0619,Priest,51-60,238.7,97,96,70.0,Your damage per second is higher than 70% of other Priests between levels 51 and 60.
chr_1456,Priest,51-60,238.7,95,96,69.0,Your damage per second is higher than 69% of other Priests between levels 51 and 60.
chr_0864,Priest,51-60,238.7,97,96,68.0,Your damage per second is higher than 68% of other Priests between levels 51 and 60.
chr_1746,Priest,51-60,238.6,95,96,67.0,Your damage per second is higher than 67% of other Priests between levels 51 and 60.
chr_1216,Priest,51-60,238.5,94,96,66.0,Your damage per second is higher than 66% of other Priests between levels 51 and 60.
chr_1254,Priest,51-60,238.2,91,96,65.0,Your damage per second is higher than 65% of other Priests between levels 51 and 60.
chr_1113,Priest,51-60,237.9,87,96,64.0,Your damage per second is higher than 64% of other Priests between levels 51 and 60.
chr_0811,Priest,51-60,237.7,97,96,63.0,Your damage per second is higher than 63% of other Priests between levels 51 and 60.
chr_0079,Priest,51-60,237.6,99,96,61.0,Your damage per second is higher than 61% of other Priests between levels 51 and 60.
chr_1490,Priest,51-60,237.5,96,96,60.0,Your damage per second is higher than 60% of other Priests between levels 51 and 60.
chr_0849,Priest,51-60,237.1,89,96,59.0,Your damage per second is higher than 59% of other Priests between levels 51 and 60.
chr_1194,Priest,51-60,237.0,85,96,58.0,Your damage per second is higher than 58% of other Priests between levels 51 and 60.
chr_1155,Priest,51-60,237.0,99,96,57.0,Your damage per second is higher than 57% of other Priests between levels 51 and 60.
chr_0707,Priest,51-60,236.7,91,96,56.0,Your damage per second is higher than 56% of other Priests between levels 51 and 60.
chr_0210,Priest,51-60,236.6,91,96,55.0,Your damage per second is higher than 55% of other Priests between levels 51 and 60.
chr_0423,Priest,51-60,236.4,135,96,54.0,Your damage per second is higher than 54% of other Priests between levels 51 and 60.
chr_0267,Priest,51-60,235.7,79,96,53.0,Your damage per second is higher than 53% of other Priests between levels 51 and 60.
chr_1357,Priest,51-60,234.9,101,96,52.0,Your damage per second is higher than 52% of other Priests between levels 51 and 60.
chr_1326,Priest,51-60,234.8,93,96,51.0,Your damage per second is higher than 51% of other Priests between levels 51 and 60.
chr_0958,Priest,51-60,234.7,98,96,50.0,Your damage per second is higher than 50% of other Priests between levels 51 and 60.
chr_0945,Priest,51-60,234.5,96,96,49.0,Your damage per second is higher than 49% of other Priests between levels 51 and 60.
chr_0452,Priest,51-60,234.1,94,96,48.0,Your damage per second is higher than 48% of other Priests between levels 51 and 60.
chr_0724,Priest,51-60,233.8,91,96,47.0,Your damage per second is higher than 47% of other Priests between levels 51 and 60.
chr_0446,Priest,51-60,233.1,94,96,46.0,Your damage per second is higher than 46% of other Priests between levels 51 and 60.
chr_1176,Priest,51-60,232.8,93,96,45.0,Your damage per second is higher than 45% of other Priests between levels 51 and 60.
chr_1295,Priest,51-60,232.5,54,96,44.0,Your damage per second is higher than 44% of other Priests between levels 51 and 60.
chr_1528,Priest,51-60,232.4,94,96,43.0,Your damage per second is higher than 43% of other Priests between levels 51 and 60.
chr_1584,Priest,51-60,232.1,66,96,42.0,Your damage per second is higher than 42% of other Priests between levels 51 and 60.
chr_0839,Priest,51-60,231.8,97,96,41.0,Your damage per second is higher than 41% of other Priests between levels 51 and 60.
chr_1481,Priest,51-60,231.6,87,96,40.0,Your damage per second is higher than 40% of other Priests between levels 51 and 60.
chr_0836,Priest,51-60,230.8,106,96,39.0,Your damage per second is higher than 39% of other Priests between levels 51 and 60.
chr_1338,Priest,51-60,230.8,44,96,38.0,Your damage per second is higher than 38% of other Priests between levels 51 and 60.
chr_1684,Priest,51-60,230.3,87,96,36.0,Your damage per second is higher than 36% of other Priests between levels 51 and 60.
chr_1308,Priest,51-60,230.3,102,96,35.0,Your damage per second is higher than 35% of other Priests between levels 51 and 60.
chr_1498,Priest,51-60,230.0,95,96,34.0,Your damage per second is higher than 34% of other Priests between levels 51 and 60.
chr_1665,Priest,51-60,229.3,93,96,33.0,Your damage per second is higher than 33% of other Priests between levels 51 and 60.
chr_1274,Priest,51-60,229.3,64,96,32.0,Your damage per second is higher than 32% of other Priests between levels 51 and 60.
chr_0893,Priest,51-60,229.0,60,96,31.0,Your damage per second is higher than 31% of other Priests between levels 51 and 60.
chr_1037,Priest,51-60,228.7,96,96,30.0,Your damage per second is higher than 30% of other Priests between levels 51 and 60.
chr_0155,Priest,51-60,226.2,28,96,29.0,Your damage per second is higher than 29% of other Priests between levels 51 and 60.
chr_0278,Priest,51-60,225.7,75,96,28.0,Your damage per second is higher than 28% of other Priests between levels 51 and 60.
chr_0637,Priest,51-60,225.5,99,96,27.0,Your damage per second is higher than 27% of other Priests between levels 51 and 60.
chr_0932,Priest,51-60,224.8,24,96,26.0,Your damage per second is higher than 26% of other Priests between levels 51 and 60.
chr_1547,Priest,51-60,224.4,64,96,25.0,Your damage per second is higher than 25% of other Priests between levels 51 and 60.
chr_0787,Priest,51-60,223.9,50,96,24.0,Your damage per second is higher than 24% of other Priests between levels 51 and 60.
chr_0739,Priest,51-60,222.2,24,96,23.0,Your damage per second is higher than 23% of other Priests between levels 51 and 60.
chr_1651,Priest,51-60,221.2,54,96,22.0,Your damage per second is higher than 22% of other Priests between levels 51 and 60.
chr_0644,Priest,51-60,221.2,41,96,21.0,Your damage per second is higher than 21% of other Priests between levels 51 and 60.
chr_1566,Priest,51-60,220.3,37,96,20.0,Your damage per second is higher than 20% of other Priests between levels 51 and 60.
chr_0287,Priest,51-60,219.9,53,96,19.0,Your damage per second is higher than 19% of other Priests between levels 51 and 60.
chr_1249,Priest,51-60,219.5,52,96,18.0,Your damage per second is higher than 18% of other Priests between levels 51 and 60.
chr_1660,Priest,51-60,219.4,103,96,17.0,Your damage per second is higher than 17% of other Priests between levels 51 and 60.
chr_1751,Priest,51-60,217.5,85,96,16.0,Your damage per second is higher than 16% of other Priests between levels 51 and 60.
chr_1017,Priest,51-60,215.7,42,96,15.0,Your damage per second is higher than 15% of other Priests between levels 51 and 60.
chr_0773,Priest,51-60,215.2,46,96,14.0,Your damage per second is higher than 14% of other Priests between levels 51 and 60.
chr_0662,Priest,51-60,213.9,59,96,13.0,Your damage per second is higher than 13% of other Priests between levels 51 and 60.
chr_0919,Priest,51-60,209.6,50,96,11.0,Your damage per second is higher than 11% of other Priests between levels 51 and 60.
chr_1078,Priest,51-60,206.5,50,96,10.0,Your damage per second is higher than 10% of other Priests between levels 51 and 60.
chr_0218,Priest,51-60,201.4,58,96,9.0,Your damage per second is higher than 9% of other Priests between levels 51 and 60.
chr_0468,Priest,51-60,198.4,58,96,8.0,Your damage per second is higher than 8% of other Priests between levels 51 and 60.
chr_1738,Priest,51-60,198.2,101,96,7.0,Your damage per second is higher than 7% of other Priests between levels 51 and 60.
chr_1602,Priest,51-60,196.6,11,96,6.0,Your damage per second is higher than 6% of other Priests between levels 51 and 60.
chr_1400,Priest,51-60,193.8,49,96,5.0,Your damage per second is higher than 5% of other Priests between levels 51 and 60.
chr_0404,Priest,51-60,189.6,62,96,4.0,Your damage per second is higher than 4% of other Priests between levels 51 and 60.
chr_1776,Priest,51-60,188.0,95,96,3.0,Your damage per second is higher than 3% of other Priests between levels 51 and 60.
chr_1087,Priest,51-60,180.8,33,96,2.0,Your damage per second is higher than 2% of other Priests between levels 51 and 60.
chr_0927,Priest,51-60,171.0,122,96,1.0,Your damage per second is higher than 1% of other Priests between levels 51 and 60.
chr_1458,Priest,51-60,165.9,82,96,0.0,Your damage per second is higher than 0% of other Priests between levels 51 and 60.
chr_0426,Priest,61-70,301.7,205,101,100.0,Your damage per second is higher than 100% of other Priests between levels 61 and 70.
chr_0962,Priest,61-70,300.8,151,101,99.0,Your damage per second is higher than 99% of other Priests between levels 61 and 70.
chr_1534,Priest,61-70,300.8,1814,101,98.0,Your damage per second is higher than 98% of other Priests between levels 61 and 70.
chr_0271,Priest,61-70,300.4,1986,101,97.0,Your damage per second is higher than 97% of other Priests between levels 61 and 70.
chr_0430,Priest,61-70,300.2,691,101,96.0,Your damage per second is higher than 96% of other Priests between levels 61 and 70.
chr_0826,Priest,61-70,300.1,2542,101,95.0,Your damage per second is higher than 95% of other Priests between levels 61 and 70.
chr_0701,Priest,61-70,300.0,598,101,94.0,Your damage per second is higher than 94% of other Priests between levels 61 and 70.
chr_1212,Priest,61-70,299.8,1983,101,93.0,Your damage per second is higher than 93% of other Priests between levels 61 and 70.
chr_1373,Priest,61-70,299.7,1862,101,92.0,Your damage per second is higher than 92% of other Priests between levels 61 and 70.
chr_1254,Priest,61-70,299.3,1652,101,91.0,Your damage per second is higher than 91% of other Priests between levels 61 and 70.
chr_1322,Priest,61-70,299.3,223,101,90.0,Your damage per second is higher than 90% of other Priests between levels 61 and 70.
chr_0839,Priest,61-70,298.8,1850,101,89.0,Your damage per second is higher than 89% of other Priests between levels 61 and 70.
chr_0951,Priest,61-70,298.5,1834,101,88.0,Your damage per second is higher than 88% of other Priests between levels 61 and 70.
chr_0507,Priest,61-70,298.4,2106,101,87.0,Your damage per second is higher than 87% of other Priests between levels 61 and 70.
chr_1310,Priest,61-70,298.3,205,101,86.0,Your damage per second is higher than 86% of other Priests between levels 61 and 70.
chr_0786,Priest,61-70,297.9,1431,101,85.0,Your damage per second is higher than 85% of other Priests between levels 61 and 70.
chr_1186,Priest,61-70,297.5,179,101,84.0,Your damage per second is higher than 84% of other Priests between levels 61 and 70.
chr_1357,Priest,61-70,297.3,870,101,83.0,Your damage per second is higher than 83% of other Priests between levels 61 and 70.
chr_0079,Priest,61-70,296.8,583,101,82.0,Your damage per second is higher than 82% of other Priests between levels 61 and 70.
chr_0210,Priest,61-70,296.8,863,101,81.0,Your damage per second is higher than 81% of other Priests between levels 61 and 70.
chr_0946,Priest,61-70,296.6,655,101,80.0,Your damage per second is higher than 80% of other Priests between levels 61 and 70.
chr_0637,Priest,61-70,296.6,2165,101,79.0,Your damage per second is higher than 79% of other Priests between levels 61 and 70.
chr_1490,Priest,61-70,296.1,441,101,78.0,Your damage per second is higher than 78% of other Priests between levels 61 and 70.
chr_1627,Priest,61-70,296.0,660,101,77.0,Your damage per second is higher than 77% of other Priests between levels 61 and 70.
chr_1155,Priest,61-70,294.7,305,101,76.0,Your damage per second is higher than 76% of other Priests between levels 61 and 70.
chr_0864,Priest,61-70,294.0,612,101,75.0,Your damage per second is higher than 75% of other Priests between levels 61 and 70.
chr_1767,Priest,61-70,293.5,2296,101,74.0,Your damage per second is higher than 74% of other Priests between levels 61 and 70.
chr_1308,Priest,61-70,293.4,1050,101,73.0,Your damage per second is higher than 73% of other Priests between levels 61 and 70.
chr_0825,Priest,61-70,293.4,2184,101,72.0,Your damage per second is higher than 72% of other Priests between levels 61 and 70.
chr_1068,Priest,61-70,293.4,1912,101,71.0,Your damage per second is higher than 71% of other Priests between levels 61 and 70.
chr_1665,Priest,61-70,293.0,1911,101,70.0,Your damage per second is higher than 70% of other Priests between levels 61 and 70.
chr_0958,Priest,61-70,293.0,2053,101,69.0,Your damage per second is higher than 69% of other Priests between levels 61 and 70.
chr_1481,Priest,61-70,292.7,340,101,68.0,Your damage per second is higher than 68% of other Priests between levels 61 and 70.
chr_1326,Priest,61-70,292.6,417,101,67.0,Your damage per second is higher than 67% of other Priests between levels 61 and 70.
chr_0141,Priest,61-70,292.6,160,101,66.0,Your damage per second is higher than 66% of other Priests between levels 61 and 70.
chr_0619,Priest,61-70,292.5,313,101,65.0,Your damage per second is higher than 65% of other Priests between levels 61 and 70.
chr_1255,Priest,61-70,292.0,243,101,64.0,Your damage per second is higher than 64% of other Priests between levels 61 and 70.
chr_0849,Priest,61-70,291.9,1393,101,63.0,Your damage per second is higher than 63% of other Priests between levels 61 and 70.
chr_1684,Priest,61-70,291.7,253,101,62.0,Your damage per second is higher than 62% of other Priests between levels 61 and 70.
chr_1176,Priest,61-70,291.2,280,101,61.0,Your damage per second is higher than 61% of other Priests between levels 61 and 70.
chr_0362,Priest,61-70,290.9,194,101,60.0,Your damage per second is higher than 60% of other Priests between levels 61 and 70.
chr_1075,Priest,61-70,290.6,210,101,59.0,Your damage per second is higher than 59% of other Priests between levels 61 and 70.
chr_1746,Priest,61-70,290.6,194,101,58.0,Your damage per second is higher than 58% of other Priests between levels 61 and 70.
chr_0221,Priest,61-70,290.1,534,101,57.0,Your damage per second is higher than 57% of other Priests between levels 61 and 70.
chr_1030,Priest,61-70,289.9,274,101,56.0,Your damage per second is higher than 56% of other Priests between levels 61 and 70.
chr_1332,Priest,61-70,289.8,580,101,55.0,Your damage per second is higher than 55% of other Priests between levels 61 and 70.
chr_1060,Priest,61-70,289.6,240,101,54.0,Your damage per second is higher than 54% of other Priests between levels 61 and 70.
chr_0267,Priest,61-70,288.6,189,101,53.0,Your damage per second is higher than 53% of other Priests between levels 61 and 70.
chr_0423,Priest,61-70,288.5,1997,101,52.0,Your damage per second is higher than 52% of other Priests between levels 61 and 70.
chr_0038,Priest,61-70,288.2,171,101,51.0,Your damage per second is higher than 51% of other Priests between levels 61 and 70.
chr_0583,Priest,61-70,288.2,653,101,50.0,Your damage per second is higher than 50% of other Priests between levels 61 and 70.
chr_0836,Priest,61-70,287.7,2162,101,50.0,Your damage per second is higher than 50% of other Priests between levels 61 and 70.
chr_0893,Priest,61-70,287.6,542,101,49.0,Your damage per second is higher than 49% of other Priests between levels 61 and 70.
chr_0707,Priest,61-70,287.5,207,101,48.0,Your damage per second is higher than 48% of other Priests between levels 61 and 70.
chr_1295,Priest,61-70,286.6,400,101,47.0,Your damage per second is higher than 47% of other Priests between levels 61 and 70.
chr_0501,Priest,61-70,286.3,129,101,46.0,Your damage per second is higher than 46% of other Priests between levels 61 and 70.
chr_1559,Priest,61-70,284.4,131,101,45.0,Your damage per second is higher than 45% of other Priests between levels 61 and 70.
chr_1528,Priest,61-70,283.9,195,101,44.0,Your damage per second is higher than 44% of other Priests between levels 61 and 70.
chr_0724,Priest,61-70,280.8,138,101,43.0,Your damage per second is higher than 43% of other Priests between levels 61 and 70.
chr_0811,Priest,61-70,280.4,180,101,42.0,Your damage per second is higher than 42% of other Priests between levels 61 and 70.
chr_0452,Priest,61-70,280.3,101,101,41.0,Your damage per second is higher than 41% of other Priests between levels 61 and 70.
chr_1113,Priest,61-70,279.8,2460,101,40.0,Your damage per second is higher than 40% of other Priests between levels 61 and 70.
chr_0468,Priest,61-70,279.6,1321,101,39.0,Your damage per second is higher than 39% of other Priests between levels 61 and 70.
chr_0773,Priest,61-70,278.3,348,101,38.0,Your damage per second is higher than 38% of other Priests between levels 61 and 70.
chr_0113,Priest,61-70,278.1,126,101,37.0,Your damage per second is higher than 37% of other Priests between levels 61 and 70.
chr_1660,Priest,61-70,275.5,2489,101,36.0,Your damage per second is higher than 36% of other Priests between levels 61 and 70.
chr_0609,Priest,61-70,272.5,2280,101,35.0,Your damage per second is higher than 35% of other Priests between levels 61 and 70.
chr_1751,Priest,61-70,272.2,2038,101,34.0,Your damage per second is higher than 34% of other Priests between levels 61 and 70.
chr_1677,Priest,61-70,271.6,757,101,33.0,Your damage per second is higher than 33% of other Priests between levels 61 and 70.
chr_1738,Priest,61-70,271.6,1629,101,32.0,Your damage per second is higher than 32% of other Priests between levels 61 and 70.
chr_0287,Priest,61-70,270.6,2478,101,31.0,Your damage per second is higher than 31% of other Priests between levels 61 and 70.
chr_1498,Priest,61-70,269.7,2435,101,30.0,Your damage per second is higher than 30% of other Priests between levels 61 and 70.
chr_1575,Priest,61-70,269.0,77,101,29.0,Your damage per second is higher than 29% of other Priests between levels 61 and 70.
chr_0809,Priest,61-70,268.4,78,101,28.0,Your damage per second is higher than 28% of other Priests between levels 61 and 70.
chr_0927,Priest,61-70,267.9,2203,101,27.0,Your damage per second is higher than 27% of other Priests between levels 61 and 70.
chr_0159,Priest,61-70,267.9,756,101,26.0,Your damage per second is higher than 26% of other Priests between levels 61 and 70.
chr_1456,Priest,61-70,266.3,37,101,25.0,Your damage per second is higher than 25% of other Priests between levels 61 and 70.
chr_1745,Priest,61-70,264.4,44,101,24.0,Your damage per second is higher than 24% of other Priests between levels 61 and 70.
chr_0740,Priest,61-70,264.1,23,101,23.0,Your damage per second is higher than 23% of other Priests between levels 61 and 70.
chr_1216,Priest,61-70,263.5,26,101,22.0,Your damage per second is higher than 22% of other Priests between levels 61 and 70.
chr_1781,Priest,61-70,263.4,47,101,21.0,Your damage per second is higher than 21% of other Priests between levels 61 and 70.
chr_0945,Priest,61-70,263.3,54,101,20.0,Your damage per second is higher than 20% of other Priests between levels 61 and 70.
chr_0704,Priest,61-70,262.8,648,101,19.0,Your damage per second is higher than 19% of other Priests between levels 61 and 70.
chr_1017,Priest,61-70,262.1,2151,101,18.0,Your damage per second is higher than 18% of other Priests between levels 61 and 70.
chr_1274,Priest,61-70,261.4,385,101,17.0,Your damage per second is higher than 17% of other Priests between levels 61 and 70.
chr_0977,Priest,61-70,261.4,16,101,16.0,Your damage per second is higher than 16% of other Priests between levels 61 and 70.
chr_0853,Priest,61-70,261.3,18,101,15.0,Your damage per second is higher than 15% of other Priests between levels 61 and 70.
chr_0446,Priest,61-70,261.1,30,101,14.0,Your damage per second is higher than 14% of other Priests between levels 61 and 70.
chr_1760,Priest,61-70,261.1,37,101,13.0,Your damage per second is higher than 13% of other Priests between levels 61 and 70.
chr_0952,Priest,61-70,261.0,22,101,12.0,Your damage per second is higher than 12% of other Priests between levels 61 and 70.
chr_0218,Priest,61-70,260.6,542,101,11.0,Your damage per second is higher than 11% of other Priests between levels 61 and 70.
chr_0046,Priest,61-70,258.6,41,101,10.0,Your damage per second is higher than 10% of other Priests between levels 61 and 70.
chr_0249,Priest,61-70,254.9,18,101,9.0,Your damage per second is higher than 9% of other Priests between levels 61 and 70.
chr_0278,Priest,61-70,253.5,128,101,8.0,Your damage per second is higher than 8% of other Priests between levels 61 and 70.
chr_0662,Priest,61-70,251.7,693,101,7.0,Your damage per second is higher than 7% of other Priests between levels 61 and 70.
chr_0404,Priest,61-70,247.9,604,101,6.0,Your damage per second is higher than 6% of other Priests between levels 61 and 70.
chr_1249,Priest,61-70,247.2,73,101,5.0,Your damage per second is higher than 5% of other Priests between levels 61 and 70.
chr_0919,Priest,61-70,240.0,400,101,4.0,Your damage per second is higher than 4% of other Priests between levels 61 and 70.
chr_1458,Priest,61-70,239.6,744,101,3.0,Your damage per second is higher than 3% of other Priests between levels 61 and 70.
chr_1400,Priest,61-70,239.6,449,101,2.0,Your damage per second is higher than 2% of other Priests between levels 61 and 70.
chr_1078,Priest,61-70,238.0,87,101,1.0,Your damage per second is higher than 1% of other Priests between levels 61 and 70.
chr_1776,Priest,61-70,234.3,10,101,0.0,Your damage per second is higher than 0% of other Priests between levels 61 and 70.
chr_1668,Rogue,1-10,63.9,24,18,100.0,Your damage per second is higher than 100% of other Rogues between levels 1 and 10.
chr_1688,Rogue,1-10,62.4,23,18,94.0,Your damage per second is higher than 94% of other Rogues between levels 1 and 10.
chr_1478,Rogue,1-10,61.6,28,18,89.0,Your damage per second is higher than 89% of other Rogues between levels 1 and 10.
chr_1509,Rogue,1-10,54.8,40,18,83.0,Your damage per second is higher than 83% of other Rogues between levels 1 and 10.
chr_1241,Rogue,1-10,53.4,39,18,78.0,Your damage per second is higher than 78% of other Rogues between levels 1 and 10.
chr_1021,Rogue,1-10,53.2,41,18,72.0,Your damage per second is higher than 72% of other Rogues between levels 1 and 10.
chr_0523,Rogue,1-10,48.5,49,18,67.0,Your damage per second is higher than 67% of other Rogues between levels 1 and 10.
chr_1120,Rogue,1-10,48.2,47,18,61.0,Your damage per second is higher than 61% of other Rogues between levels 1 and 10.
chr_0076,Rogue,1-10,47.8,49,18,56.0,Your damage per second is higher than 56% of other Rogues between levels 1 and 10.
chr_1081,Rogue,1-10,47.7,14,18,50.0,Your damage per second is higher than 50% of other Rogues between levels 1 and 10.
chr_0764,Rogue,1-10,47.5,50,18,33.0,Your damage per second is higher than 33% of other Rogues between levels 1 and 10.
chr_1671,Rogue,1-10,47.5,48,18,39.0,Your damage per second is higher than 39% of other Rogues between levels 1 and 10.
chr_0725,Rogue,1-10,47.5,49,18,44.0,Your damage per second is higher than 44% of other Rogues between levels 1 and 10.
chr_1641,Rogue,1-10,47.2,48,18,28.0,Your damage per second is higher than 28% of other Rogues between levels 1 and 10.
chr_0967,Rogue,1-10,47.1,48,18,22.0,Your damage per second is higher than 22% of other Rogues between levels 1 and 10.
chr_1353,Rogue,1-10,46.8,46,18,17.0,Your damage per second is higher than 17% of other Rogues between levels 1 and 10.
chr_0373,Rogue,1-10,46.4,49,18,11.0,Your damage per second is higher than 11% of other Rogues between levels 1 and 10.
chr_0936,Rogue,1-10,46.2,48,18,6.0,Your damage per second is higher than 6% of other Rogues between levels 1 and 10.
chr_0712,Rogue,1-10,45.9,48,18,0.0,Your damage per second is higher than 0% of other Rogues between levels 1 and 10.
chr_0340,Rogue,11-20,99.7,25,25,100.0,Your damage per second is higher than 100% of other Rogues between levels 11 and 20.
chr_0140,Rogue,11-20,97.7,38,25,96.0,Your damage per second is higher than 96% of other Rogues between levels 11 and 20.
chr_0048,Rogue,11-20,95.3,41,25,92.0,Your damage per second is higher than 92% of other Rogues between levels 11 and 20.
chr_1021,Rogue,11-20,87.2,56,25,88.0,Your damage per second is higher than 88% of other Rogues between levels 11 and 20.
chr_1478,Rogue,11-20,86.9,59,25,84.0,Your damage per second is higher than 84% of other Rogues between levels 11 and 20.
chr_1370,Rogue,11-20,86.4,57,25,80.0,Your damage per second is higher than 80% of other Rogues between levels 11 and 20.
chr_1447,Rogue,11-20,86.0,55,25,76.0,Your damage per second is higher than 76% of other Rogues between levels 11 and 20.
chr_0338,Rogue,11-20,85.8,11,25,72.0,Your damage per second is higher than 72% of other Rogues between levels 11 and 20.
chr_1509,Rogue,11-20,85.6,58,25,68.0,Your damage per second is higher than 68% of other Rogues between levels 11 and 20.
chr_1688,Rogue,11-20,85.2,11,25,64.0,Your damage per second is higher than 64% of other Rogues between levels 11 and 20.
chr_1120,Rogue,11-20,84.5,58,25,60.0,Your damage per second is higher than 60% of other Rogues between levels 11 and 20.
chr_1641,Rogue,11-20,83.9,58,25,56.0,Your damage per second is higher than 56% of other Rogues between levels 11 and 20.
chr_1671,Rogue,11-20,83.7,58,25,52.0,Your damage per second is higher than 52% of other Rogues between levels 11 and 20.
chr_0523,Rogue,11-20,83.3,58,25,48.0,Your damage per second is higher than 48% of other Rogues between levels 11 and 20.
chr_0725,Rogue,11-20,82.7,59,25,44.0,Your damage per second is higher than 44% of other Rogues between levels 11 and 20.
chr_0764,Rogue,11-20,82.6,60,25,40.0,Your damage per second is higher than 40% of other Rogues between levels 11 and 20.
chr_0373,Rogue,11-20,82.4,58,25,36.0,Your damage per second is higher than 36% of other Rogues between levels 11 and 20.
chr_1241,Rogue,11-20,81.7,59,25,32.0,Your damage per second is higher than 32% of other Rogues between levels 11 and 20.
chr_0076,Rogue,11-20,81.1,59,25,28.0,Your damage per second is higher than 28% of other Rogues between levels 11 and 20.
chr_1353,Rogue,11-20,80.7,60,25,24.0,Your damage per second is higher than 24% of other Rogues between levels 11 and 20.
chr_0936,Rogue,11-20,79.5,57,25,20.0,Your damage per second is higher than 20% of other Rogues between levels 11 and 20.
chr_0967,Rogue,11-20,79.3,60,25,16.0,Your damage per second is higher than 16% of other Rogues between levels 11 and 20.
chr_0712,Rogue,11-20,78.4,57,25,12.0,Your damage per second is higher than 12% of other Rogues between levels 11 and 20.
chr_1668,Rogue,11-20,77.8,23,25,8.0,Your damage per second is higher than 8% of other Rogues between levels 11 and 20.
chr_1081,Rogue,11-20,77.1,29,25,4.0,Your damage per second is higher than 4% of other Rogues between levels 11 and 20.
chr_0939,Rogue,11-20,41.3,58,25,0.0,Your damage per second is higher than 0% of other Rogues between levels 11 and 20.
chr_0355,Rogue,21-30,147.3,14,38,100.0,Your damage per second is higher than 100% of other Rogues between levels 21 and 30.
chr_1390,Rogue,21-30,142.5,25,38,97.0,Your damage per second is higher than 97% of other Rogues between levels 21 and 30.
chr_0733,Rogue,21-30,142.2,12,38,95.0,Your damage per second is higher than 95% of other Rogues between levels 21 and 30.
chr_0883,Rogue,21-30,139.2,45,38,92.0,Your damage per second is higher than 92% of other Rogues between levels 21 and 30.
chr_1200,Rogue,21-30,138.4,45,38,89.0,Your damage per second is higher than 89% of other Rogues between levels 21 and 30.
chr_1040,Rogue,21-30,131.2,69,38,87.0,Your damage per second is higher than 87% of other Rogues between levels 21 and 30.
chr_0069,Rogue,21-30,130.7,70,38,84.0,Your damage per second is higher than 84% of other Rogues between levels 21 and 30.
chr_0140,Rogue,21-30,130.5,72,38,82.0,Your damage per second is higher than 82% of other Rogues between levels 21 and 30.
chr_1118,Rogue,21-30,130.2,69,38,79.0,Your damage per second is higher than 79% of other Rogues between levels 21 and 30.
chr_1473,Rogue,21-30,130.2,71,38,76.0,Your damage per second is higher than 76% of other Rogues between levels 21 and 30.
chr_0660,Rogue,21-30,129.8,18,38,74.0,Your damage per second is higher than 74% of other Rogues between levels 21 and 30.
chr_1141,Rogue,21-30,129.0,70,38,71.0,Your damage per second is higher than 71% of other Rogues between levels 21 and 30.
chr_1641,Rogue,21-30,128.5,71,38,68.0,Your damage per second is higher than 68% of other Rogues between levels 21 and 30.
chr_0261,Rogue,21-30,128.2,18,38,66.0,Your damage per second is higher than 66% of other Rogues between levels 21 and 30.
chr_0340,Rogue,21-30,127.9,70,38,63.0,Your damage per second is higher than 63% of other Rogues between levels 21 and 30.
chr_1509,Rogue,21-30,125.5,71,38,61.0,Your damage per second is higher than 61% of other Rogues between levels 21 and 30.
chr_1021,Rogue,21-30,125.0,70,38,58.0,Your damage per second is higher than 58% of other Rogues between levels 21 and 30.
chr_0523,Rogue,21-30,124.6,67,38,55.0,Your damage per second is higher than 55% of other Rogues between levels 21 and 30.
chr_0725,Rogue,21-30,123.9,73,38,53.0,Your damage per second is higher than 53% of other Rogues between levels 21 and 30.
chr_1353,Rogue,21-30,122.2,69,38,50.0,Your damage per second is higher than 50% of other Rogues between levels 21 and 30.
chr_0939,Rogue,21-30,122.1,71,38,47.0,Your damage per second is higher than 47% of other Rogues between levels 21 and 30.
chr_1370,Rogue,21-30,121.7,68,38,45.0,Your damage per second is higher than 45% of other Rogues between levels 21 and 30.
chr_1478,Rogue,21-30,120.8,69,38,42.0,Your damage per second is higher than 42% of other Rogues between levels 21 and 30.
chr_0712,Rogue,21-30,120.6,72,38,39.0,Your damage per second is higher than 39% of other Rogues between levels 21 and 30.
chr_0542,Rogue,21-30,120.2,33,38,37.0,Your damage per second is higher than 37% of other Rogues between levels 21 and 30.
chr_1688,Rogue,21-30,120.0,46,38,34.0,Your damage per second is higher than 34% of other Rogues between levels 21 and 30.
chr_1120,Rogue,21-30,119.2,70,38,32.0,Your damage per second is higher than 32% of other Rogues between levels 21 and 30.
chr_1081,Rogue,21-30,119.0,41,38,29.0,Your damage per second is higher than 29% of other Rogues between levels 21 and 30.
chr_1671,Rogue,21-30,118.5,37,38,26.0,Your damage per second is higher than 26% of other Rogues between levels 21 and 30.
chr_0936,Rogue,21-30,117.9,70,38,24.0,Your damage per second is higher than 24% of other Rogues between levels 21 and 30.
chr_0048,Rogue,21-30,115.7,29,38,21.0,Your damage per second is higher than 21% of other Rogues between levels 21 and 30.
chr_1241,Rogue,21-30,115.3,68,38,18.0,Your damage per second is higher than 18% of other Rogues between levels 21 and 30.
chr_0689,Rogue,21-30,114.6,17,38,16.0,Your damage per second is higher than 16% of other Rogues between levels 21 and 30.
chr_0338,Rogue,21-30,114.2,11,38,13.0,Your damage per second is higher than 13% of other Rogues between levels 21 and 30.
chr_0764,Rogue,21-30,114.1,40,38,11.0,Your damage per second is higher than 11% of other Rogues between levels 21 and 30.
chr_0967,Rogue,21-30,111.2,69,38,8.0,Your damage per second is higher than 8% of other Rogues between levels 21 and 30.
chr_0076,Rogue,21-30,108.2,36,38,5.0,Your damage per second is higher than 5% of other Rogues between levels 21 and 30.
chr_1447,Rogue,21-30,106.0,16,38,3.0,Your damage per second is higher than 3% of other Rogues between levels 21 and 30.
chr_0373,Rogue,21-30,105.5,34,38,0.0,Your damage per second is higher than 0% of other Rogues between levels 21 and 30.
chr_0812,Rogue,31-40,183.9,18,45,100.0,Your damage per second is higher than 100% of other Rogues between levels 31 and 40.
chr_0457,Rogue,31-40,183.7,28,45,98.0,Your damage per second is higher than 98% of other Rogues between levels 31 and 40.
chr_1470,Rogue,31-40,182.3,40,45,96.0,Your damage per second is higher than 96% of other Rogues between levels 31 and 40.
chr_0148,Rogue,31-40,180.5,48,45,93.0,Your damage per second is higher than 93% of other Rogues between levels 31 and 40.
chr_0122,Rogue,31-40,179.1,56,45,91.0,Your damage per second is higher than 91% of other Rogues between levels 31 and 40.
chr_0559,Rogue,31-40,176.8,73,45,89.0,Your damage per second is higher than 89% of other Rogues between levels 31 and 40.
chr_0326,Rogue,31-40,175.3,75,45,87.0,Your damage per second is higher than 87% of other Rogues between levels 31 and 40.
chr_1455,Rogue,31-40,174.7,79,45,84.0,Your damage per second is higher than 84% of other Rogues between levels 31 and 40.
chr_0219,Rogue,31-40,174.7,70,45,82.0,Your damage per second is higher than 82% of other Rogues between levels 31 and 40.
chr_0471,Rogue,31-40,174.6,75,45,80.0,Your damage per second is higher than 80% of other Rogues between levels 31 and 40.
chr_1705,Rogue,31-40,174.1,23,45,78.0,Your damage per second is higher than 78% of other Rogues between levels 31 and 40.
chr_1353,Rogue,31-40,173.9,72,45,76.0,Your damage per second is higher than 76% of other Rogues between levels 31 and 40.
chr_0883,Rogue,31-40,173.2,69,45,73.0,Your damage per second is higher than 73% of other Rogues between levels 31 and 40.
chr_0974,Rogue,31-40,173.0,77,45,71.0,Your damage per second is higher than 71% of other Rogues between levels 31 and 40.
chr_1473,Rogue,31-40,170.3,72,45,69.0,Your damage per second is higher than 69% of other Rogues between levels 31 and 40.
chr_1200,Rogue,31-40,169.6,73,45,67.0,Your damage per second is higher than 67% of other Rogues between levels 31 and 40.
chr_0725,Rogue,31-40,169.1,74,45,64.0,Your damage per second is higher than 64% of other Rogues between levels 31 and 40.
chr_1478,Rogue,31-40,168.7,74,45,62.0,Your damage per second is higher than 62% of other Rogues between levels 31 and 40.
chr_1583,Rogue,31-40,168.5,66,45,60.0,Your damage per second is higher than 60% of other Rogues between levels 31 and 40.
chr_0340,Rogue,31-40,168.1,73,45,58.0,Your damage per second is higher than 58% of other Rogues between levels 31 and 40.
chr_1641,Rogue,31-40,168.1,71,45,56.0,Your damage per second is higher than 56% of other Rogues between levels 31 and 40.
chr_0355,Rogue,31-40,168.0,62,45,53.0,Your damage per second is higher than 53% of other Rogues between levels 31 and 40.
chr_1118,Rogue,31-40,167.6,71,45,51.0,Your damage per second is higher than 51% of other Rogues between levels 31 and 40.
chr_0967,Rogue,31-40,167.2,74,45,49.0,Your damage per second is higher than 49% of other Rogues between levels 31 and 40.
chr_0069,Rogue,31-40,166.7,76,45,47.0,Your damage per second is higher than 47% of other Rogues between levels 31 and 40.
chr_0939,Rogue,31-40,165.5,59,45,44.0,Your damage per second is higher than 44% of other Rogues between levels 31 and 40.
chr_1370,Rogue,31-40,165.4,73,45,42.0,Your damage per second is higher than 42% of other Rogues between levels 31 and 40.
chr_0660,Rogue,31-40,165.2,47,45,40.0,Your damage per second is higher than 40% of other Rogues between levels 31 and 40.
chr_1241,Rogue,31-40,164.4,73,45,38.0,Your damage per second is higher than 38% of other Rogues between levels 31 and 40.
chr_1141,Rogue,31-40,162.9,75,45,36.0,Your damage per second is higher than 36% of other Rogues between levels 31 and 40.
chr_1688,Rogue,31-40,162.8,72,45,33.0,Your damage per second is higher than 33% of other Rogues between levels 31 and 40.
chr_0140,Rogue,31-40,162.2,74,45,31.0,Your damage per second is higher than 31% of other Rogues between levels 31 and 40.
chr_0712,Rogue,31-40,161.8,64,45,29.0,Your damage per second is higher than 29% of other Rogues between levels 31 and 40.
chr_0523,Rogue,31-40,161.6,57,45,27.0,Your damage per second is higher than 27% of other Rogues between levels 31 and 40.
chr_1390,Rogue,31-40,160.5,51,45,24.0,Your damage per second is higher than 24% of other Rogues between levels 31 and 40.
chr_0261,Rogue,31-40,160.2,31,45,22.0,Your damage per second is higher than 22% of other Rogues between levels 31 and 40.
chr_1040,Rogue,31-40,158.3,40,45,20.0,Your damage per second is higher than 20% of other Rogues between levels 31 and 40.
chr_0936,Rogue,31-40,155.3,52,45,18.0,Your damage per second is higher than 18% of other Rogues between levels 31 and 40.
chr_1120,Rogue,31-40,152.6,76,45,16.0,Your damage per second is higher than 16% of other Rogues between levels 31 and 40.
chr_0338,Rogue,31-40,151.7,33,45,13.0,Your damage per second is higher than 13% of other Rogues between levels 31 and 40.
chr_1509,Rogue,31-40,149.3,21,45,11.0,Your damage per second is higher than 11% of other Rogues between levels 31 and 40.
chr_1021,Rogue,31-40,146.0,37,45,9.0,Your damage per second is higher than 9% of other Rogues between levels 31 and 40.
chr_1081,Rogue,31-40,143.2,44,45,7.0,Your damage per second is higher than 7% of other Rogues between levels 31 and 40.
chr_0689,Rogue,31-40,140.5,22,45,4.0,Your damage per second is higher than 4% of other Rogues between levels 31 and 40.
chr_1637,Rogue,31-40,139.9,34,45,2.0,Your damage per second is higher than 2% of other Rogues between levels 31 and 40.
chr_0733,Rogue,31-40,139.6,30,45,0.0,Your damage per second is higher than 0% of other Rogues between levels 31 and 40.
chr_0884,Rogue,41-50,223.9,64,53,100.0,Your damage per second is higher than 100% of other Rogues between levels 41 and 50.
chr_1697,Rogue,41-50,223.2,10,53,98.0,Your damage per second is higher than 98% of other Rogues between levels 41 and 50.
chr_1324,Rogue,41-50,222.8,68,53,96.0,Your damage per second is higher than 96% of other Rogues between levels 41 and 50.
chr_1505,Rogue,41-50,219.4,79,53,94.0,Your damage per second is higher than 94% of other Rogues between levels 41 and 50.
chr_0767,Rogue,41-50,219.3,64,53,92.0,Your damage per second is higher than 92% of other Rogues between levels 41 and 50.
chr_0955,Rogue,41-50,218.2,53,53,91.0,Your damage per second is higher than 91% of other Rogues between levels 41 and 50.
chr_0342,Rogue,41-50,215.6,95,53,89.0,Your damage per second is higher than 89% of other Rogues between levels 41 and 50.
chr_0224,Rogue,41-50,215.2,98,53,87.0,Your damage per second is higher than 87% of other Rogues between levels 41 and 50.
chr_1200,Rogue,41-50,214.6,95,53,85.0,Your damage per second is higher than 85% of other Rogues between levels 41 and 50.
chr_1478,Rogue,41-50,214.6,96,53,83.0,Your damage per second is higher than 83% of other Rogues between levels 41 and 50.
chr_0974,Rogue,41-50,214.5,98,53,81.0,Your damage per second is higher than 81% of other Rogues between levels 41 and 50.
chr_0471,Rogue,41-50,214.3,95,53,79.0,Your damage per second is higher than 79% of other Rogues between levels 41 and 50.
chr_1172,Rogue,41-50,213.8,90,53,77.0,Your damage per second is higher than 77% of other Rogues between levels 41 and 50.
chr_0148,Rogue,41-50,213.1,96,53,75.0,Your damage per second is higher than 75% of other Rogues between levels 41 and 50.
chr_1222,Rogue,41-50,211.8,94,53,74.0,Your damage per second is higher than 74% of other Rogues between levels 41 and 50.
chr_1353,Rogue,41-50,211.8,95,53,72.0,Your damage per second is higher than 72% of other Rogues between levels 41 and 50.
chr_0327,Rogue,41-50,211.8,94,53,70.0,Your damage per second is higher than 70% of other Rogues between levels 41 and 50.
chr_0457,Rogue,41-50,211.3,95,53,68.0,Your damage per second is higher than 68% of other Rogues between levels 41 and 50.
chr_0967,Rogue,41-50,211.2,98,53,66.0,Your damage per second is higher than 66% of other Rogues between levels 41 and 50.
chr_0812,Rogue,41-50,211.1,97,53,64.0,Your damage per second is higher than 64% of other Rogues between levels 41 and 50.
chr_0122,Rogue,41-50,211.0,95,53,62.0,Your damage per second is higher than 62% of other Rogues between levels 41 and 50.
chr_0756,Rogue,41-50,210.8,93,53,60.0,Your damage per second is higher than 60% of other Rogues between levels 41 and 50.
chr_0244,Rogue,41-50,210.5,93,53,58.0,Your damage per second is higher than 58% of other Rogues between levels 41 and 50.
chr_1370,Rogue,41-50,210.1,88,53,57.0,Your damage per second is higher than 57% of other Rogues between levels 41 and 50.
chr_1141,Rogue,41-50,209.4,96,53,55.0,Your damage per second is higher than 55% of other Rogues between levels 41 and 50.
chr_0219,Rogue,41-50,209.2,90,53,53.0,Your damage per second is higher than 53% of other Rogues between levels 41 and 50.
chr_0332,Rogue,41-50,209.1,95,53,51.0,Your damage per second is higher than 51% of other Rogues between levels 41 and 50.
chr_1081,Rogue,41-50,208.9,77,53,49.0,Your damage per second is higher than 49% of other Rogues between levels 41 and 50.
chr_1470,Rogue,41-50,208.8,91,53,47.0,Your damage per second is higher than 47% of other Rogues between levels 41 and 50.
chr_0069,Rogue,41-50,208.3,97,53,45.0,Your damage per second is higher than 45% of other Rogues between levels 41 and 50.
chr_1641,Rogue,41-50,207.8,99,53,43.0,Your damage per second is higher than 43% of other Rogues between levels 41 and 50.
chr_0523,Rogue,41-50,206.2,82,53,42.0,Your damage per second is higher than 42% of other Rogues between levels 41 and 50.
chr_1705,Rogue,41-50,205.8,52,53,40.0,Your damage per second is higher than 40% of other Rogues between levels 41 and 50.
chr_0340,Rogue,41-50,205.5,94,53,38.0,Your damage per second is higher than 38% of other Rogues between levels 41 and 50.
chr_1688,Rogue,41-50,205.3,73,53,36.0,Your damage per second is higher than 36% of other Rogues between levels 41 and 50.
chr_1473,Rogue,41-50,205.2,92,53,34.0,Your damage per second is higher than 34% of other Rogues between levels 41 and 50.
chr_0140,Rogue,41-50,204.0,95,53,32.0,Your damage per second is higher than 32% of other Rogues between levels 41 and 50.
chr_1455,Rogue,41-50,200.7,59,53,30.0,Your damage per second is higher than 30% of other Rogues between levels 41 and 50.
chr_0725,Rogue,41-50,200.6,33,53,28.0,Your damage per second is higher than 28% of other Rogues between levels 41 and 50.
chr_1118,Rogue,41-50,199.5,41,53,26.0,Your damage per second is higher than 26% of other Rogues between levels 41 and 50.
chr_1120,Rogue,41-50,199.2,94,53,25.0,Your damage per second is higher than 25% of other Rogues between levels 41 and 50.
chr_1241,Rogue,41-50,198.3,93,53,23.0,Your damage per second is higher than 23% of other Rogues between levels 41 and 50.
chr_1562,Rogue,41-50,197.4,11,53,21.0,Your damage per second is higher than 21% of other Rogues between levels 41 and 50.
chr_0559,Rogue,41-50,197.3,24,53,19.0,Your damage per second is higher than 19% of other Rogues between levels 41 and 50.
chr_0939,Rogue,41-50,195.1,52,53,17.0,Your damage per second is higher than 17% of other Rogues between levels 41 and 50.
chr_0326,Rogue,41-50,194.5,12,53,15.0,Your damage per second is higher than 15% of other Rogues between levels 41 and 50.
chr_0338,Rogue,41-50,192.6,76,53,13.0,Your damage per second is higher than 13% of other Rogues between levels 41 and 50.
chr_0660,Rogue,41-50,192.5,52,53,11.0,Your damage per second is higher than 11% of other Rogues between levels 41 and 50.
chr_0883,Rogue,41-50,192.1,15,53,9.0,Your damage per second is higher than 9% of other Rogues between levels 41 and 50.
chr_1637,Rogue,41-50,190.8,45,53,8.0,Your damage per second is higher than 8% of other Rogues between levels 41 and 50.
chr_1438,Rogue,41-50,184.7,78,53,6.0,Your damage per second is higher than 6% of other Rogues between levels 41 and 50.
chr_0261,Rogue,41-50,178.3,65,53,4.0,Your damage per second is higher than 4% of other Rogues between levels 41 and 50.
chr_0689,Rogue,41-50,174.2,36,53,2.0,Your damage per second is higher than 2% of other Rogues between levels 41 and 50.
chr_0733,Rogue,41-50,166.4,53,53,0.0,Your damage per second is higher than 0% of other Rogues between levels 41 and 50.
chr_1046,Rogue,51-60,271.3,12,50,100.0,Your damage per second is higher than 100% of other Rogues between levels 51 and 60.
chr_0391,Rogue,51-60,263.2,77,50,98.0,Your damage per second is higher than 98% of other Rogues between levels 51 and 60.
chr_0148,Rogue,51-60,260.4,94,50,96.0,Your damage per second is higher than 96% of other Rogues between levels 51 and 60.
chr_0219,Rogue,51-60,258.9,95,50,94.0,Your damage per second is higher than 94% of other Rogues between levels 51 and 60.
chr_1163,Rogue,51-60,258.8,101,50,92.0,Your damage per second is higher than 92% of other Rogues between levels 51 and 60.
chr_0974,Rogue,51-60,256.5,92,50,90.0,Your damage per second is higher than 90% of other Rogues between levels 51 and 60.
chr_1122,Rogue,51-60,255.0,43,50,88.0,Your damage per second is higher than 88% of other Rogues between levels 51 and 60.
chr_1478,Rogue,51-60,254.7,99,50,86.0,Your damage per second is higher than 86% of other Rogues between levels 51 and 60.
chr_1470,Rogue,51-60,254.0,100,50,84.0,Your damage per second is higher than 84% of other Rogues between levels 51 and 60.
chr_1222,Rogue,51-60,253.9,102,50,82.0,Your damage per second is higher than 82% of other Rogues between levels 51 and 60.
chr_0967,Rogue,51-60,253.5,92,50,80.0,Your damage per second is higher than 80% of other Rogues between levels 51 and 60.
chr_1120,Rogue,51-60,253.2,92,50,78.0,Your damage per second is higher than 78% of other Rogues between levels 51 and 60.
chr_0884,Rogue,51-60,252.7,101,50,76.0,Your damage per second is higher than 76% of other Rogues between levels 51 and 60.
chr_1141,Rogue,51-60,252.2,93,50,74.0,Your damage per second is higher than 74% of other Rogues between levels 51 and 60.
chr_1473,Rogue,51-60,251.9,91,50,72.0,Your damage per second is higher than 72% of other Rogues between levels 51 and 60.
chr_1324,Rogue,51-60,251.9,94,50,70.0,Your damage per second is higher than 70% of other Rogues between levels 51 and 60.
chr_0463,Rogue,51-60,251.6,85,50,68.0,Your damage per second is higher than 68% of other Rogues between levels 51 and 60.
chr_0244,Rogue,51-60,250.6,93,50,66.0,Your damage per second is higher than 66% of other Rogues between levels 51 and 60.
chr_0069,Rogue,51-60,250.2,92,50,64.0,Your damage per second is higher than 64% of other Rogues between levels 51 and 60.
chr_0140,Rogue,51-60,250.0,94,50,62.0,Your damage per second is higher than 62% of other Rogues between levels 51 and 60.
chr_0812,Rogue,51-60,249.9,99,50,60.0,Your damage per second is higher than 60% of other Rogues between levels 51 and 60.
chr_0471,Rogue,51-60,249.4,84,50,58.0,Your damage per second is higher than 58% of other Rogues between levels 51 and 60.
chr_1172,Rogue,51-60,249.3,100,50,56.0,Your damage per second is higher than 56% of other Rogues between levels 51 and 60.
chr_1705,Rogue,51-60,248.9,96,50,54.0,Your damage per second is higher than 54% of other Rogues between levels 51 and 60.
chr_0224,Rogue,51-60,248.6,98,50,52.0,Your damage per second is higher than 52% of other Rogues between levels 51 and 60.
chr_1641,Rogue,51-60,248.5,104,50,50.0,Your damage per second is higher than 50% of other Rogues between levels 51 and 60.
chr_0457,Rogue,51-60,248.0,65,50,48.0,Your damage per second is higher than 48% of other Rogues between levels 51 and 60.
chr_0756,Rogue,51-60,247.5,80,50,46.0,Your damage per second is higher than 46% of other Rogues between levels 51 and 60.
chr_1366,Rogue,51-60,246.1,65,50,44.0,Your damage per second is higher than 44% of other Rogues between levels 51 and 60.
chr_1688,Rogue,51-60,243.6,59,50,42.0,Your damage per second is higher than 42% of other Rogues between levels 51 and 60.
chr_1353,Rogue,51-60,242.6,41,50,40.0,Your damage per second is higher than 40% of other Rogues between levels 51 and 60.
chr_0338,Rogue,51-60,241.7,95,50,38.0,Your damage per second is higher than 38% of other Rogues between levels 51 and 60.
chr_1081,Rogue,51-60,239.2,52,50,36.0,Your damage per second is higher than 36% of other Rogues between levels 51 and 60.
chr_0261,Rogue,51-60,238.9,50,50,34.0,Your damage per second is higher than 34% of other Rogues between levels 51 and 60.
chr_0332,Rogue,51-60,237.8,29,50,32.0,Your damage per second is higher than 32% of other Rogues between levels 51 and 60.
chr_0523,Rogue,51-60,237.7,72,50,30.0,Your damage per second is higher than 30% of other Rogues between levels 51 and 60.
chr_1438,Rogue,51-60,235.5,79,50,28.0,Your damage per second is higher than 28% of other Rogues between levels 51 and 60.
chr_0660,Rogue,51-60,235.2,83,50,26.0,Your damage per second is higher than 26% of other Rogues between levels 51 and 60.
chr_0327,Rogue,51-60,234.5,13,50,24.0,Your damage per second is higher than 24% of other Rogues between levels 51 and 60.
chr_0340,Rogue,51-60,232.6,39,50,22.0,Your damage per second is higher than 22% of other Rogues between levels 51 and 60.
chr_0767,Rogue,51-60,232.0,14,50,20.0,Your damage per second is higher than 20% of other Rogues between levels 51 and 60.
chr_0122,Rogue,51-60,229.8,13,50,18.0,Your damage per second is higher than 18% of other Rogues between levels 51 and 60.
chr_1697,Rogue,51-60,228.1,115,50,16.0,Your damage per second is higher than 16% of other Rogues between levels 51 and 60.
chr_1200,Rogue,51-60,221.7,18,50,14.0,Your damage per second is higher than 14% of other Rogues between levels 51 and 60.
chr_0955,Rogue,51-60,221.7,94,50,12.0,Your damage per second is higher than 12% of other Rogues between levels 51 and 60.
chr_1637,Rogue,51-60,210.9,62,50,10.0,Your damage per second is higher than 10% of other Rogues between levels 51 and 60.
chr_1241,Rogue,51-60,210.6,79,50,8.0,Your damage per second is higher than 8% of other Rogues between levels 51 and 60.
chr_1505,Rogue,51-60,209.8,120,50,6.0,Your damage per second is higher than 6% of other Rogues between levels 51 and 60.
chr_0733,Rogue,51-60,207.0,69,50,4.0,Your damage per second is higher than 4% of other Rogues between levels 51 and 60.
chr_0939,Rogue,51-60,205.9,64,50,2.0,Your damage per second is higher than 2% of other Rogues between levels 51 and 60.
chr_0689,Rogue,51-60,201.9,84,50,0.0,Your damage per second is higher than 0% of other Rogues between levels 51 and 60.
chr_0804,Rogue,61-70,320.6,396,53,100.0,Your damage per second is higher than 100% of other Rogues between levels 61 and 70.
chr_0418,Rogue,61-70,320.3,1977,53,98.0,Your damage per second is higher than 98% of other Rogues between levels 61 and 70.
chr_0306,Rogue,61-70,319.8,1978,53,96.0,Your damage per second is higher than 96% of other Rogues between levels 61 and 70.
chr_0224,Rogue,61-70,319.3,1886,53,94.0,Your damage per second is higher than 94% of other Rogues between levels 61 and 70.
chr_0714,Rogue,61-70,319.2,2072,53,92.0,Your damage per second is higher than 92% of other Rogues between levels 61 and 70.
chr_0884,Rogue,61-70,319.1,2139,53,91.0,Your damage per second is higher than 91% of other Rogues between levels 61 and 70.
chr_1470,Rogue,61-70,318.9,1887,53,89.0,Your damage per second is higher than 89% of other Rogues between levels 61 and 70.
chr_1141,Rogue,61-70,318.8,1773,53,87.0,Your damage per second is higher than 87% of other Rogues between levels 61 and 70.
chr_0335,Rogue,61-70,317.5,2352,53,85.0,Your damage per second is higher than 85% of other Rogues between levels 61 and 70.
chr_0029,Rogue,61-70,317.5,690,53,83.0,Your damage per second is higher than 83% of other Rogues between levels 61 and 70.
chr_0302,Rogue,61-70,317.3,883,53,81.0,Your damage per second is higher than 81% of other Rogues between levels 61 and 70.
chr_1046,Rogue,61-70,316.9,1791,53,79.0,Your damage per second is higher than 79% of other Rogues between levels 61 and 70.
chr_1472,Rogue,61-70,316.6,182,53,77.0,Your damage per second is higher than 77% of other Rogues between levels 61 and 70.
chr_1265,Rogue,61-70,316.6,664,53,75.0,Your damage per second is higher than 75% of other Rogues between levels 61 and 70.
chr_0315,Rogue,61-70,315.8,556,53,74.0,Your damage per second is higher than 74% of other Rogues between levels 61 and 70.
chr_1705,Rogue,61-70,314.8,1141,53,72.0,Your damage per second is higher than 72% of other Rogues between levels 61 and 70.
chr_1324,Rogue,61-70,314.6,295,53,70.0,Your damage per second is higher than 70% of other Rogues between levels 61 and 70.
chr_0391,Rogue,61-70,314.5,434,53,68.0,Your damage per second is higher than 68% of other Rogues between levels 61 and 70.
chr_1241,Rogue,61-70,314.2,1275,53,66.0,Your damage per second is higher than 66% of other Rogues between levels 61 and 70.
chr_0756,Rogue,61-70,314.2,366,53,64.0,Your damage per second is higher than 64% of other Rogues between levels 61 and 70.
chr_0974,Rogue,61-70,311.8,293,53,62.0,Your damage per second is higher than 62% of other Rogues between levels 61 and 70.
chr_1122,Rogue,61-70,311.3,384,53,60.0,Your damage per second is higher than 60% of other Rogues between levels 61 and 70.
chr_0244,Rogue,61-70,310.4,368,53,58.0,Your damage per second is higher than 58% of other Rogues between levels 61 and 70.
chr_0148,Rogue,61-70,308.9,238,53,57.0,Your damage per second is higher than 57% of other Rogues between levels 61 and 70.
chr_0660,Rogue,61-70,308.6,506,53,55.0,Your damage per second is higher than 55% of other Rogues between levels 61 and 70.
chr_1505,Rogue,61-70,308.4,307,53,53.0,Your damage per second is higher than 53% of other Rogues between levels 61 and 70.
chr_0069,Rogue,61-70,305.8,184,53,51.0,Your damage per second is higher than 51% of other Rogues between levels 61 and 70.
chr_1120,Rogue,61-70,305.7,182,53,49.0,Your damage per second is higher than 49% of other Rogues between levels 61 and 70.
chr_0463,Rogue,61-70,305.5,198,53,47.0,Your damage per second is higher than 47% of other Rogues between levels 61 and 70.
chr_0296,Rogue,61-70,304.3,138,53,45.0,Your damage per second is higher than 45% of other Rogues between levels 61 and 70.
chr_1478,Rogue,61-70,303.8,218,53,43.0,Your damage per second is higher than 43% of other Rogues between levels 61 and 70.
chr_0338,Rogue,61-70,303.4,149,53,42.0,Your damage per second is higher than 42% of other Rogues between levels 61 and 70.
chr_1172,Rogue,61-70,302.9,200,53,40.0,Your damage per second is higher than 40% of other Rogues between levels 61 and 70.
chr_1688,Rogue,61-70,299.6,191,53,38.0,Your damage per second is higher than 38% of other Rogues between levels 61 and 70.
chr_0523,Rogue,61-70,298.2,144,53,36.0,Your damage per second is higher than 36% of other Rogues between levels 61 and 70.
chr_1609,Rogue,61-70,297.9,1825,53,34.0,Your damage per second is higher than 34% of other Rogues between levels 61 and 70.
chr_0219,Rogue,61-70,297.9,2022,53,32.0,Your damage per second is higher than 32% of other Rogues between levels 61 and 70.
chr_1578,Rogue,61-70,297.9,99,53,30.0,Your damage per second is higher than 30% of other Rogues between levels 61 and 70.
chr_0967,Rogue,61-70,296.2,106,53,28.0,Your damage per second is higher than 28% of other Rogues between levels 61 and 70.
chr_0261,Rogue,61-70,295.6,189,53,26.0,Your damage per second is higher than 26% of other Rogues between levels 61 and 70.
chr_0140,Rogue,61-70,293.5,90,53,25.0,Your damage per second is higher than 25% of other Rogues between levels 61 and 70.
chr_1163,Rogue,61-70,290.6,96,53,23.0,Your damage per second is higher than 23% of other Rogues between levels 61 and 70.
chr_1641,Rogue,61-70,286.7,53,53,21.0,Your damage per second is higher than 21% of other Rogues between levels 61 and 70.
chr_1392,Rogue,61-70,282.6,2403,53,19.0,Your damage per second is higher than 19% of other Rogues between levels 61 and 70.
chr_0955,Rogue,61-70,277.6,670,53,17.0,Your damage per second is higher than 17% of other Rogues between levels 61 and 70.
chr_0812,Rogue,61-70,271.5,40,53,15.0,Your damage per second is higher than 15% of other Rogues between levels 61 and 70.
chr_1081,Rogue,61-70,271.4,239,53,13.0,Your damage per second is higher than 13% of other Rogues between levels 61 and 70.
chr_1222,Rogue,61-70,270.6,27,53,11.0,Your damage per second is higher than 11% of other Rogues between levels 61 and 70.
chr_0733,Rogue,61-70,269.1,382,53,9.0,Your damage per second is higher than 9% of other Rogues between levels 61 and 70.
chr_0939,Rogue,61-70,267.7,425,53,8.0,Your damage per second is higher than 8% of other Rogues between levels 61 and 70.
chr_1697,Rogue,61-70,266.6,510,53,6.0,Your damage per second is higher than 6% of other Rogues between levels 61 and 70.
chr_1438,Rogue,61-70,264.6,385,53,4.0,Your damage per second is higher than 4% of other Rogues between levels 61 and 70.
chr_1637,Rogue,61-70,260.0,563,53,2.0,Your damage per second is higher than 2% of other Rogues between levels 61 and 70.
chr_0689,Rogue,61-70,252.5,165,53,0.0,Your damage per second is higher than 0% of other Rogues between levels 61 and 70.
chr_1480,Shaman,1-10,59.6,15,17,100.0,Your damage per second is higher than 100% of other Shamans between levels 1 and 10.
chr_1685,Shaman,1-10,59.3,10,17,94.0,Your damage per second is higher than 94% of other Shamans between levels 1 and 10.
chr_1196,Shaman,1-10,53.5,23,17,88.0,Your damage per second is higher than 88% of other Shamans between levels 1 and 10.
chr_1582,Shaman,1-10,46.9,41,17,82.0,Your damage per second is higher than 82% of other Shamans between levels 1 and 10.
chr_1726,Shaman,1-10,41.0,50,17,76.0,Your damage per second is higher than 76% of other Shamans between levels 1 and 10.
chr_0328,Shaman,1-10,40.9,49,17,71.0,Your damage per second is higher than 71% of other Shamans between levels 1 and 10.
chr_0476,Shaman,1-10,40.8,48,17,65.0,Your damage per second is higher than 65% of other Shamans between levels 1 and 10.
chr_0964,Shaman,1-10,40.3,48,17,47.0,Your damage per second is higher than 47% of other Shamans between levels 1 and 10.
chr_0824,Shaman,1-10,40.3,49,17,53.0,Your damage per second is higher than 53% of other Shamans between levels 1 and 10.
chr_0419,Shaman,1-10,40.3,47,17,59.0,Your damage per second is higher than 59% of other Shamans between levels 1 and 10.
chr_0546,Shaman,1-10,40.2,46,17,35.0,Your damage per second is higher than 35% of other Shamans between levels 1 and 10.
chr_0056,Shaman,1-10,40.2,46,17,41.0,Your damage per second is higher than 41% of other Shamans between levels 1 and 10.
chr_1464,Shaman,1-10,39.9,49,17,24.0,Your damage per second is higher than 24% of other Shamans between levels 1 and 10.
chr_0837,Shaman,1-10,39.9,49,17,29.0,Your damage per second is higher than 29% of other Shamans between levels 1 and 10.
chr_0643,Shaman,1-10,39.5,47,17,18.0,Your damage per second is higher than 18% of other Shamans between levels 1 and 10.
chr_0273,Shaman,1-10,39.2,48,17,12.0,Your damage per second is higher than 12% of other Shamans between levels 1 and 10.
chr_0566,Shaman,1-10,36.7,23,17,6.0,Your damage per second is higher than 6% of other Shamans between levels 1 and 10.
chr_0982,Shaman,1-10,23.7,49,17,0.0,Your damage per second is higher than 0% of other Shamans between levels 1 and 10.
chr_0280,Shaman,11-20,95.2,15,34,100.0,Your damage per second is higher than 100% of other Shamans between levels 11 and 20.
chr_0766,Shaman,11-20,93.7,17,34,97.0,Your damage per second is higher than 97% of other Shamans between levels 11 and 20.
chr_1110,Shaman,11-20,93.7,17,34,94.0,Your damage per second is higher than 94% of other Shamans between levels 11 and 20.
chr_0387,Shaman,11-20,93.5,19,34,91.0,Your damage per second is higher than 91% of other Shamans between levels 11 and 20.
chr_0385,Shaman,11-20,85.4,42,34,88.0,Your damage per second is higher than 88% of other Shamans between levels 11 and 20.
chr_0763,Shaman,11-20,82.1,58,34,85.0,Your damage per second is higher than 85% of other Shamans between levels 11 and 20.
chr_1237,Shaman,11-20,82.0,56,34,82.0,Your damage per second is higher than 82% of other Shamans between levels 11 and 20.
chr_0336,Shaman,11-20,81.9,59,34,79.0,Your damage per second is higher than 79% of other Shamans between levels 11 and 20.
chr_1647,Shaman,11-20,81.7,58,34,76.0,Your damage per second is higher than 76% of other Shamans between levels 11 and 20.
chr_0600,Shaman,11-20,81.3,49,34,74.0,Your damage per second is higher than 74% of other Shamans between levels 11 and 20.
chr_1685,Shaman,11-20,81.3,59,34,71.0,Your damage per second is higher than 71% of other Shamans between levels 11 and 20.
chr_0950,Shaman,11-20,80.7,62,34,68.0,Your damage per second is higher than 68% of other Shamans between levels 11 and 20.
chr_0275,Shaman,11-20,80.1,58,34,65.0,Your damage per second is higher than 65% of other Shamans between levels 11 and 20.
chr_1480,Shaman,11-20,80.1,60,34,62.0,Your damage per second is higher than 62% of other Shamans between levels 11 and 20.
chr_0949,Shaman,11-20,77.3,20,34,59.0,Your damage per second is higher than 59% of other Shamans between levels 11 and 20.
chr_1196,Shaman,11-20,77.1,61,34,56.0,Your damage per second is higher than 56% of other Shamans between levels 11 and 20.
chr_0964,Shaman,11-20,76.6,59,34,53.0,Your damage per second is higher than 53% of other Shamans between levels 11 and 20.
chr_1726,Shaman,11-20,76.3,57,34,50.0,Your damage per second is higher than 50% of other Shamans between levels 11 and 20.
chr_0643,Shaman,11-20,75.4,57,34,47.0,Your damage per second is higher than 47% of other Shamans between levels 11 and 20.
chr_0328,Shaman,11-20,75.1,60,34,44.0,Your damage per second is higher than 44% of other Shamans between levels 11 and 20.
chr_0546,Shaman,11-20,74.8,59,34,41.0,Your damage per second is higher than 41% of other Shamans between levels 11 and 20.
chr_0476,Shaman,11-20,74.1,59,34,38.0,Your damage per second is higher than 38% of other Shamans between levels 11 and 20.
chr_0837,Shaman,11-20,73.9,59,34,35.0,Your damage per second is higher than 35% of other Shamans between levels 11 and 20.
chr_0273,Shaman,11-20,73.8,61,34,32.0,Your damage per second is higher than 32% of other Shamans between levels 11 and 20.
chr_0419,Shaman,11-20,73.7,59,34,29.0,Your damage per second is higher than 29% of other Shamans between levels 11 and 20.
chr_0824,Shaman,11-20,73.1,59,34,26.0,Your damage per second is higher than 26% of other Shamans between levels 11 and 20.
chr_1464,Shaman,11-20,72.6,56,34,24.0,Your damage per second is higher than 24% of other Shamans between levels 11 and 20.
chr_0056,Shaman,11-20,71.5,60,34,21.0,Your damage per second is higher than 21% of other Shamans between levels 11 and 20.
chr_1573,Shaman,11-20,70.4,43,34,18.0,Your damage per second is higher than 18% of other Shamans between levels 11 and 20.
chr_1527,Shaman,11-20,68.9,16,34,15.0,Your damage per second is higher than 15% of other Shamans between levels 11 and 20.
chr_0566,Shaman,11-20,68.6,12,34,12.0,Your damage per second is higher than 12% of other Shamans between levels 11 and 20.
chr_1582,Shaman,11-20,67.0,19,34,9.0,Your damage per second is higher than 9% of other Shamans between levels 11 and 20.
chr_0564,Shaman,11-20,63.9,14,34,6.0,Your damage per second is higher than 6% of other Shamans between levels 11 and 20.
chr_0982,Shaman,11-20,54.5,59,34,3.0,Your damage per second is higher than 3% of other Shamans between levels 11 and 20.
chr_0478,Shaman,11-20,43.0,43,34,0.0,Your damage per second is higher than 0% of other Shamans between levels 11 and 20.
chr_0227,Shaman,21-30,145.8,13,57,100.0,Your damage per second is higher than 100% of other Shamans between levels 21 and 30.
chr_1388,Shaman,21-30,142.6,18,57,98.0,Your damage per second is higher than 98% of other Shamans between levels 21 and 30.
chr_0715,Shaman,21-30,138.0,23,57,96.0,Your damage per second is higher than 96% of other Shamans between levels 21 and 30.
chr_0353,Shaman,21-30,137.6,21,57,95.0,Your damage per second is higher than 95% of other Shamans between levels 21 and 30.
chr_0667,Shaman,21-30,134.1,25,57,93.0,Your damage per second is higher than 93% of other Shamans between levels 21 and 30.
chr_1144,Shaman,21-30,133.5,32,57,91.0,Your damage per second is higher than 91% of other Shamans between levels 21 and 30.
chr_1623,Shaman,21-30,131.5,27,57,89.0,Your damage per second is higher than 89% of other Shamans between levels 21 and 30.
chr_1394,Shaman,21-30,127.9,46,57,88.0,Your damage per second is higher than 88% of other Shamans between levels 21 and 30.
chr_0904,Shaman,21-30,123.9,71,57,86.0,Your damage per second is higher than 86% of other Shamans between levels 21 and 30.
chr_1571,Shaman,21-30,123.6,69,57,84.0,Your damage per second is higher than 84% of other Shamans between levels 21 and 30.
chr_0240,Shaman,21-30,123.6,57,57,82.0,Your damage per second is higher than 82% of other Shamans between levels 21 and 30.
chr_1121,Shaman,21-30,123.3,34,57,81.0,Your damage per second is higher than 81% of other Shamans between levels 21 and 30.
chr_0610,Shaman,21-30,123.2,61,57,79.0,Your damage per second is higher than 79% of other Shamans between levels 21 and 30.
chr_0999,Shaman,21-30,121.5,69,57,77.0,Your damage per second is higher than 77% of other Shamans between levels 21 and 30.
chr_1764,Shaman,21-30,119.5,56,57,75.0,Your damage per second is higher than 75% of other Shamans between levels 21 and 30.
chr_1162,Shaman,21-30,119.2,29,57,74.0,Your damage per second is higher than 74% of other Shamans between levels 21 and 30.
chr_1496,Shaman,21-30,118.6,54,57,72.0,Your damage per second is higher than 72% of other Shamans between levels 21 and 30.
chr_1196,Shaman,21-30,118.4,70,57,70.0,Your damage per second is higher than 70% of other Shamans between levels 21 and 30.
chr_1112,Shaman,21-30,118.4,26,57,68.0,Your damage per second is higher than 68% of other Shamans between levels 21 and 30.
chr_0950,Shaman,21-30,118.1,70,57,67.0,Your damage per second is higher than 67% of other Shamans between levels 21 and 30.
chr_0280,Shaman,21-30,117.6,70,57,65.0,Your damage per second is higher than 65% of other Shamans between levels 21 and 30.
chr_1647,Shaman,21-30,117.5,70,57,63.0,Your damage per second is higher than 63% of other Shamans between levels 21 and 30.
chr_0587,Shaman,21-30,117.4,76,57,61.0,Your damage per second is higher than 61% of other Shamans between levels 21 and 30.
chr_1110,Shaman,21-30,117.1,70,57,60.0,Your damage per second is higher than 60% of other Shamans between levels 21 and 30.
chr_0336,Shaman,21-30,116.8,69,57,58.0,Your damage per second is higher than 58% of other Shamans between levels 21 and 30.
chr_0766,Shaman,21-30,116.7,71,57,56.0,Your damage per second is higher than 56% of other Shamans between levels 21 and 30.
chr_0643,Shaman,21-30,116.5,73,57,54.0,Your damage per second is higher than 54% of other Shamans between levels 21 and 30.
chr_0763,Shaman,21-30,116.2,68,57,53.0,Your damage per second is higher than 53% of other Shamans between levels 21 and 30.
chr_0014,Shaman,21-30,115.4,38,57,51.0,Your damage per second is higher than 51% of other Shamans between levels 21 and 30.
chr_1726,Shaman,21-30,115.3,70,57,49.0,Your damage per second is higher than 49% of other Shamans between levels 21 and 30.
chr_1480,Shaman,21-30,115.3,69,57,47.0,Your damage per second is higher than 47% of other Shamans between levels 21 and 30.
chr_1573,Shaman,21-30,115.2,71,57,46.0,Your damage per second is higher than 46% of other Shamans between levels 21 and 30.
chr_0328,Shaman,21-30,114.7,73,57,44.0,Your damage per second is higher than 44% of other Shamans between levels 21 and 30.
chr_1757,Shaman,21-30,114.4,27,57,42.0,Your damage per second is higher than 42% of other Shamans between levels 21 and 30.
chr_0387,Shaman,21-30,114.1,69,57,40.0,Your damage per second is higher than 40% of other Shamans between levels 21 and 30.
chr_0964,Shaman,21-30,113.7,71,57,39.0,Your damage per second is higher than 39% of other Shamans between levels 21 and 30.
chr_0275,Shaman,21-30,113.5,70,57,37.0,Your damage per second is higher than 37% of other Shamans between levels 21 and 30.
chr_0385,Shaman,21-30,113.3,70,57,35.0,Your damage per second is higher than 35% of other Shamans between levels 21 and 30.
chr_1237,Shaman,21-30,113.2,69,57,33.0,Your damage per second is higher than 33% of other Shamans between levels 21 and 30.
chr_1685,Shaman,21-30,112.8,64,57,32.0,Your damage per second is higher than 32% of other Shamans between levels 21 and 30.
chr_0966,Shaman,21-30,112.2,17,57,30.0,Your damage per second is higher than 30% of other Shamans between levels 21 and 30.
chr_0056,Shaman,21-30,111.9,70,57,28.0,Your damage per second is higher than 28% of other Shamans between levels 21 and 30.
chr_0982,Shaman,21-30,111.3,58,57,26.0,Your damage per second is higher than 26% of other Shamans between levels 21 and 30.
chr_0564,Shaman,21-30,110.0,44,57,25.0,Your damage per second is higher than 25% of other Shamans between levels 21 and 30.
chr_0837,Shaman,21-30,109.9,70,57,23.0,Your damage per second is higher than 23% of other Shamans between levels 21 and 30.
chr_0824,Shaman,21-30,109.3,72,57,21.0,Your damage per second is higher than 21% of other Shamans between levels 21 and 30.
chr_0273,Shaman,21-30,108.9,69,57,19.0,Your damage per second is higher than 19% of other Shamans between levels 21 and 30.
chr_0546,Shaman,21-30,108.1,68,57,18.0,Your damage per second is higher than 18% of other Shamans between levels 21 and 30.
chr_0949,Shaman,21-30,106.6,40,57,16.0,Your damage per second is higher than 16% of other Shamans between levels 21 and 30.
chr_1464,Shaman,21-30,105.6,70,57,14.0,Your damage per second is higher than 14% of other Shamans between levels 21 and 30.
chr_0476,Shaman,21-30,105.4,68,57,12.0,Your damage per second is higher than 12% of other Shamans between levels 21 and 30.
chr_0961,Shaman,21-30,105.2,18,57,11.0,Your damage per second is higher than 11% of other Shamans between levels 21 and 30.
chr_0419,Shaman,21-30,105.1,71,57,9.0,Your damage per second is higher than 9% of other Shamans between levels 21 and 30.
chr_0600,Shaman,21-30,102.8,35,57,7.0,Your damage per second is higher than 7% of other Shamans between levels 21 and 30.
chr_0566,Shaman,21-30,99.3,18,57,5.0,Your damage per second is higher than 5% of other Shamans between levels 21 and 30.
chr_0478,Shaman,21-30,97.1,43,57,4.0,Your damage per second is higher than 4% of other Shamans between levels 21 and 30.
chr_1527,Shaman,21-30,95.7,30,57,2.0,Your damage per second is higher than 2% of other Shamans between levels 21 and 30.
chr_0846,Shaman,21-30,75.3,30,57,0.0,Your damage per second is higher than 0% of other Shamans between levels 21 and 30.
chr_1409,Shaman,31-40,183.8,11,75,100.0,Your damage per second is higher than 100% of other Shamans between levels 31 and 40.
chr_1099,Shaman,31-40,176.4,15,75,99.0,Your damage per second is higher than 99% of other Shamans between levels 31 and 40.
chr_0706,Shaman,31-40,175.1,31,75,97.0,Your damage per second is higher than 97% of other Shamans between levels 31 and 40.
chr_0354,Shaman,31-40,174.5,38,75,96.0,Your damage per second is higher than 96% of other Shamans between levels 31 and 40.
chr_0782,Shaman,31-40,167.7,51,75,95.0,Your damage per second is higher than 95% of other Shamans between levels 31 and 40.
chr_1762,Shaman,31-40,165.4,25,75,93.0,Your damage per second is higher than 93% of other Shamans between levels 31 and 40.
chr_0570,Shaman,31-40,164.4,69,75,92.0,Your damage per second is higher than 92% of other Shamans between levels 31 and 40.
chr_1701,Shaman,31-40,164.1,96,75,91.0,Your damage per second is higher than 91% of other Shamans between levels 31 and 40.
chr_1286,Shaman,31-40,163.7,82,75,89.0,Your damage per second is higher than 89% of other Shamans between levels 31 and 40.
chr_0476,Shaman,31-40,162.8,82,75,88.0,Your damage per second is higher than 88% of other Shamans between levels 31 and 40.
chr_0770,Shaman,31-40,161.6,75,75,87.0,Your damage per second is higher than 87% of other Shamans between levels 31 and 40.
chr_1571,Shaman,31-40,161.4,79,75,85.0,Your damage per second is higher than 85% of other Shamans between levels 31 and 40.
chr_0227,Shaman,31-40,161.1,67,75,84.0,Your damage per second is higher than 84% of other Shamans between levels 31 and 40.
chr_0353,Shaman,31-40,160.8,74,75,83.0,Your damage per second is higher than 83% of other Shamans between levels 31 and 40.
chr_1196,Shaman,31-40,160.7,74,75,81.0,Your damage per second is higher than 81% of other Shamans between levels 31 and 40.
chr_0837,Shaman,31-40,160.4,78,75,80.0,Your damage per second is higher than 80% of other Shamans between levels 31 and 40.
chr_0950,Shaman,31-40,160.2,76,75,79.0,Your damage per second is higher than 79% of other Shamans between levels 31 and 40.
chr_1647,Shaman,31-40,160.2,73,75,77.0,Your damage per second is higher than 77% of other Shamans between levels 31 and 40.
chr_1573,Shaman,31-40,160.0,76,75,76.0,Your damage per second is higher than 76% of other Shamans between levels 31 and 40.
chr_1388,Shaman,31-40,159.6,74,75,75.0,Your damage per second is higher than 75% of other Shamans between levels 31 and 40.
chr_0715,Shaman,31-40,158.6,73,75,73.0,Your damage per second is higher than 73% of other Shamans between levels 31 and 40.
chr_1394,Shaman,31-40,158.5,72,75,72.0,Your damage per second is higher than 72% of other Shamans between levels 31 and 40.
chr_1144,Shaman,31-40,158.5,67,75,71.0,Your damage per second is higher than 71% of other Shamans between levels 31 and 40.
chr_0610,Shaman,31-40,158.4,73,75,69.0,Your damage per second is higher than 69% of other Shamans between levels 31 and 40.
chr_0387,Shaman,31-40,157.8,75,75,68.0,Your damage per second is higher than 68% of other Shamans between levels 31 and 40.
chr_1110,Shaman,31-40,157.8,73,75,67.0,Your damage per second is higher than 67% of other Shamans between levels 31 and 40.
chr_0056,Shaman,31-40,157.8,72,75,65.0,Your damage per second is higher than 65% of other Shamans between levels 31 and 40.
chr_0904,Shaman,31-40,157.5,71,75,64.0,Your damage per second is higher than 64% of other Shamans between levels 31 and 40.
chr_0999,Shaman,31-40,157.2,73,75,63.0,Your damage per second is higher than 63% of other Shamans between levels 31 and 40.
chr_0280,Shaman,31-40,156.7,71,75,61.0,Your damage per second is higher than 61% of other Shamans between levels 31 and 40.
chr_0336,Shaman,31-40,155.9,75,75,60.0,Your damage per second is higher than 60% of other Shamans between levels 31 and 40.
chr_0240,Shaman,31-40,155.0,67,75,59.0,Your damage per second is higher than 59% of other Shamans between levels 31 and 40.
chr_1623,Shaman,31-40,154.9,74,75,57.0,Your damage per second is higher than 57% of other Shamans between levels 31 and 40.
chr_0964,Shaman,31-40,154.8,79,75,56.0,Your damage per second is higher than 56% of other Shamans between levels 31 and 40.
chr_1237,Shaman,31-40,154.6,74,75,55.0,Your damage per second is higher than 55% of other Shamans between levels 31 and 40.
chr_1718,Shaman,31-40,154.4,49,75,53.0,Your damage per second is higher than 53% of other Shamans between levels 31 and 40.
chr_0643,Shaman,31-40,153.7,56,75,52.0,Your damage per second is higher than 52% of other Shamans between levels 31 and 40.
chr_0328,Shaman,31-40,153.4,73,75,51.0,Your damage per second is higher than 51% of other Shamans between levels 31 and 40.
chr_1121,Shaman,31-40,153.4,31,75,49.0,Your damage per second is higher than 49% of other Shamans between levels 31 and 40.
chr_0667,Shaman,31-40,153.1,37,75,48.0,Your damage per second is higher than 48% of other Shamans between levels 31 and 40.
chr_0385,Shaman,31-40,153.0,72,75,47.0,Your damage per second is higher than 47% of other Shamans between levels 31 and 40.
chr_0014,Shaman,31-40,152.7,67,75,45.0,Your damage per second is higher than 45% of other Shamans between levels 31 and 40.
chr_1726,Shaman,31-40,152.5,73,75,44.0,Your damage per second is higher than 44% of other Shamans between levels 31 and 40.
chr_1496,Shaman,31-40,152.4,54,75,43.0,Your damage per second is higher than 43% of other Shamans between levels 31 and 40.
chr_0101,Shaman,31-40,152.2,34,75,41.0,Your damage per second is higher than 41% of other Shamans between levels 31 and 40.
chr_1464,Shaman,31-40,151.7,71,75,40.0,Your damage per second is higher than 40% of other Shamans between levels 31 and 40.
chr_0824,Shaman,31-40,150.3,71,75,39.0,Your damage per second is higher than 39% of other Shamans between levels 31 and 40.
chr_0546,Shaman,31-40,149.8,74,75,37.0,Your damage per second is higher than 37% of other Shamans between levels 31 and 40.
chr_0564,Shaman,31-40,149.5,65,75,36.0,Your damage per second is higher than 36% of other Shamans between levels 31 and 40.
chr_0763,Shaman,31-40,148.8,76,75,35.0,Your damage per second is higher than 35% of other Shamans between levels 31 and 40.
chr_1342,Shaman,31-40,148.2,37,75,33.0,Your damage per second is higher than 33% of other Shamans between levels 31 and 40.
chr_0273,Shaman,31-40,147.4,75,75,32.0,Your damage per second is higher than 32% of other Shamans between levels 31 and 40.
chr_0587,Shaman,31-40,147.4,45,75,31.0,Your damage per second is higher than 31% of other Shamans between levels 31 and 40.
chr_1480,Shaman,31-40,147.3,40,75,29.0,Your damage per second is higher than 29% of other Shamans between levels 31 and 40.
chr_0766,Shaman,31-40,147.2,70,75,28.0,Your damage per second is higher than 28% of other Shamans between levels 31 and 40.
chr_0072,Shaman,31-40,147.0,52,75,27.0,Your damage per second is higher than 27% of other Shamans between levels 31 and 40.
chr_0419,Shaman,31-40,145.9,73,75,25.0,Your damage per second is higher than 25% of other Shamans between levels 31 and 40.
chr_1748,Shaman,31-40,144.8,24,75,24.0,Your damage per second is higher than 24% of other Shamans between levels 31 and 40.
chr_0982,Shaman,31-40,142.0,23,75,23.0,Your damage per second is higher than 23% of other Shamans between levels 31 and 40.
chr_0275,Shaman,31-40,141.9,31,75,21.0,Your damage per second is higher than 21% of other Shamans between levels 31 and 40.
chr_0949,Shaman,31-40,139.6,62,75,20.0,Your damage per second is higher than 20% of other Shamans between levels 31 and 40.
chr_0478,Shaman,31-40,138.4,33,75,19.0,Your damage per second is higher than 19% of other Shamans between levels 31 and 40.
chr_0716,Shaman,31-40,138.2,43,75,17.0,Your damage per second is higher than 17% of other Shamans between levels 31 and 40.
chr_1757,Shaman,31-40,137.9,44,75,16.0,Your damage per second is higher than 16% of other Shamans between levels 31 and 40.
chr_0320,Shaman,31-40,137.8,47,75,15.0,Your damage per second is higher than 15% of other Shamans between levels 31 and 40.
chr_0961,Shaman,31-40,132.6,23,75,13.0,Your damage per second is higher than 13% of other Shamans between levels 31 and 40.
chr_1112,Shaman,31-40,132.1,43,75,12.0,Your damage per second is higher than 12% of other Shamans between levels 31 and 40.
chr_0694,Shaman,31-40,131.8,18,75,11.0,Your damage per second is higher than 11% of other Shamans between levels 31 and 40.
chr_1764,Shaman,31-40,128.3,50,75,9.0,Your damage per second is higher than 9% of other Shamans between levels 31 and 40.
chr_1527,Shaman,31-40,127.1,57,75,8.0,Your damage per second is higher than 8% of other Shamans between levels 31 and 40.
chr_0776,Shaman,31-40,123.5,82,75,7.0,Your damage per second is higher than 7% of other Shamans between levels 31 and 40.
chr_0846,Shaman,31-40,121.2,41,75,5.0,Your damage per second is higher than 5% of other Shamans between levels 31 and 40.
chr_0966,Shaman,31-40,120.3,21,75,4.0,Your damage per second is higher than 4% of other Shamans between levels 31 and 40.
chr_0566,Shaman,31-40,104.9,28,75,3.0,Your damage per second is higher than 3% of other Shamans between levels 31 and 40.
chr_1258,Shaman,31-40,103.4,68,75,1.0,Your damage per second is higher than 1% of other Shamans between levels 31 and 40.
chr_0102,Shaman,31-40,98.0,73,75,0.0,Your damage per second is higher than 0% of other Shamans between levels 31 and 40.
chr_0747,Shaman,41-50,219.3,23,86,100.0,Your damage per second is higher than 100% of other Shamans between levels 41 and 50.
chr_0357,Shaman,41-50,212.6,49,86,99.0,Your damage per second is higher than 99% of other Shamans between levels 41 and 50.
chr_0067,Shaman,41-50,209.5,39,86,98.0,Your damage per second is higher than 98% of other Shamans between levels 41 and 50.
chr_0574,Shaman,41-50,205.4,33,86,97.0,Your damage per second is higher than 97% of other Shamans between levels 41 and 50.
chr_1115,Shaman,41-50,203.1,58,86,95.0,Your damage per second is higher than 95% of other Shamans between levels 41 and 50.
chr_0511,Shaman,41-50,201.8,80,86,94.0,Your damage per second is higher than 94% of other Shamans between levels 41 and 50.
chr_0150,Shaman,41-50,200.9,50,86,93.0,Your damage per second is higher than 93% of other Shamans between levels 41 and 50.
chr_0056,Shaman,41-50,200.5,93,86,92.0,Your damage per second is higher than 92% of other Shamans between levels 41 and 50.
chr_0837,Shaman,41-50,200.4,94,86,91.0,Your damage per second is higher than 91% of other Shamans between levels 41 and 50.
chr_1464,Shaman,41-50,199.9,95,86,90.0,Your damage per second is higher than 90% of other Shamans between levels 41 and 50.
chr_0227,Shaman,41-50,199.4,93,86,88.0,Your damage per second is higher than 88% of other Shamans between levels 41 and 50.
chr_0610,Shaman,41-50,199.2,98,86,87.0,Your damage per second is higher than 87% of other Shamans between levels 41 and 50.
chr_0761,Shaman,41-50,199.0,87,86,86.0,Your damage per second is higher than 86% of other Shamans between levels 41 and 50.
chr_1309,Shaman,41-50,198.5,95,86,85.0,Your damage per second is higher than 85% of other Shamans between levels 41 and 50.
chr_0354,Shaman,41-50,198.3,79,86,84.0,Your damage per second is higher than 84% of other Shamans between levels 41 and 50.
chr_1667,Shaman,41-50,198.3,100,86,83.0,Your damage per second is higher than 83% of other Shamans between levels 41 and 50.
chr_1099,Shaman,41-50,198.0,94,86,81.0,Your damage per second is higher than 81% of other Shamans between levels 41 and 50.
chr_0860,Shaman,41-50,198.0,69,86,80.0,Your damage per second is higher than 80% of other Shamans between levels 41 and 50.
chr_0732,Shaman,41-50,197.9,92,86,79.0,Your damage per second is higher than 79% of other Shamans between levels 41 and 50.
chr_1409,Shaman,41-50,197.8,96,86,78.0,Your damage per second is higher than 78% of other Shamans between levels 41 and 50.
chr_0706,Shaman,41-50,197.4,97,86,77.0,Your damage per second is higher than 77% of other Shamans between levels 41 and 50.
chr_0964,Shaman,41-50,197.2,95,86,76.0,Your damage per second is higher than 76% of other Shamans between levels 41 and 50.
chr_1388,Shaman,41-50,197.1,94,86,74.0,Your damage per second is higher than 74% of other Shamans between levels 41 and 50.
chr_0782,Shaman,41-50,196.7,95,86,73.0,Your damage per second is higher than 73% of other Shamans between levels 41 and 50.
chr_0280,Shaman,41-50,196.6,92,86,72.0,Your damage per second is higher than 72% of other Shamans between levels 41 and 50.
chr_1701,Shaman,41-50,196.5,95,86,71.0,Your damage per second is higher than 71% of other Shamans between levels 41 and 50.
chr_0763,Shaman,41-50,196.4,93,86,70.0,Your damage per second is higher than 70% of other Shamans between levels 41 and 50.
chr_1286,Shaman,41-50,196.3,92,86,69.0,Your damage per second is higher than 69% of other Shamans between levels 41 and 50.
chr_0824,Shaman,41-50,196.0,93,86,67.0,Your damage per second is higher than 67% of other Shamans between levels 41 and 50.
chr_1110,Shaman,41-50,195.2,78,86,66.0,Your damage per second is higher than 66% of other Shamans between levels 41 and 50.
chr_1726,Shaman,41-50,195.1,95,86,65.0,Your damage per second is higher than 65% of other Shamans between levels 41 and 50.
chr_1571,Shaman,41-50,195.0,96,86,64.0,Your damage per second is higher than 64% of other Shamans between levels 41 and 50.
chr_0904,Shaman,41-50,194.9,93,86,63.0,Your damage per second is higher than 63% of other Shamans between levels 41 and 50.
chr_0795,Shaman,41-50,194.8,99,86,62.0,Your damage per second is higher than 62% of other Shamans between levels 41 and 50.
chr_0999,Shaman,41-50,193.8,93,86,60.0,Your damage per second is higher than 60% of other Shamans between levels 41 and 50.
chr_0014,Shaman,41-50,193.8,83,86,59.0,Your damage per second is higher than 59% of other Shamans between levels 41 and 50.
chr_1196,Shaman,41-50,193.7,87,86,58.0,Your damage per second is higher than 58% of other Shamans between levels 41 and 50.
chr_0570,Shaman,41-50,193.4,71,86,57.0,Your damage per second is higher than 57% of other Shamans between levels 41 and 50.
chr_1394,Shaman,41-50,192.5,96,86,56.0,Your damage per second is higher than 56% of other Shamans between levels 41 and 50.
chr_0770,Shaman,41-50,192.1,92,86,55.0,Your damage per second is higher than 55% of other Shamans between levels 41 and 50.
chr_0419,Shaman,41-50,192.1,49,86,53.0,Your damage per second is higher than 53% of other Shamans between levels 41 and 50.
chr_1647,Shaman,41-50,191.9,94,86,52.0,Your damage per second is higher than 52% of other Shamans between levels 41 and 50.
chr_0106,Shaman,41-50,191.8,75,86,51.0,Your damage per second is higher than 51% of other Shamans between levels 41 and 50.
chr_0299,Shaman,41-50,191.8,92,86,50.0,Your damage per second is higher than 50% of other Shamans between levels 41 and 50.
chr_0385,Shaman,41-50,191.6,96,86,49.0,Your damage per second is higher than 49% of other Shamans between levels 41 and 50.
chr_0564,Shaman,41-50,191.0,85,86,48.0,Your damage per second is higher than 48% of other Shamans between levels 41 and 50.
chr_0101,Shaman,41-50,190.7,35,86,47.0,Your damage per second is higher than 47% of other Shamans between levels 41 and 50.
chr_1748,Shaman,41-50,190.5,95,86,45.0,Your damage per second is higher than 45% of other Shamans between levels 41 and 50.
chr_1623,Shaman,41-50,190.4,76,86,44.0,Your damage per second is higher than 44% of other Shamans between levels 41 and 50.
chr_0353,Shaman,41-50,189.7,65,86,43.0,Your damage per second is higher than 43% of other Shamans between levels 41 and 50.
chr_0328,Shaman,41-50,189.7,94,86,42.0,Your damage per second is higher than 42% of other Shamans between levels 41 and 50.
chr_0546,Shaman,41-50,188.6,97,86,41.0,Your damage per second is higher than 41% of other Shamans between levels 41 and 50.
chr_1237,Shaman,41-50,188.5,64,86,40.0,Your damage per second is higher than 40% of other Shamans between levels 41 and 50.
chr_1573,Shaman,41-50,188.4,102,86,38.0,Your damage per second is higher than 38% of other Shamans between levels 41 and 50.
chr_0776,Shaman,41-50,186.5,57,86,37.0,Your damage per second is higher than 37% of other Shamans between levels 41 and 50.
chr_0476,Shaman,41-50,186.4,39,86,36.0,Your damage per second is higher than 36% of other Shamans between levels 41 and 50.
chr_0273,Shaman,41-50,186.3,93,86,35.0,Your damage per second is higher than 35% of other Shamans between levels 41 and 50.
chr_0336,Shaman,41-50,186.3,49,86,34.0,Your damage per second is higher than 34% of other Shamans between levels 41 and 50.
chr_0766,Shaman,41-50,186.0,92,86,33.0,Your damage per second is higher than 33% of other Shamans between levels 41 and 50.
chr_1348,Shaman,41-50,185.6,15,86,31.0,Your damage per second is higher than 31% of other Shamans between levels 41 and 50.
chr_1496,Shaman,41-50,183.5,37,86,30.0,Your damage per second is higher than 30% of other Shamans between levels 41 and 50.
chr_1764,Shaman,41-50,183.3,86,86,29.0,Your damage per second is higher than 29% of other Shamans between levels 41 and 50.
chr_1762,Shaman,41-50,183.2,85,86,28.0,Your damage per second is higher than 28% of other Shamans between levels 41 and 50.
chr_1696,Shaman,41-50,182.7,76,86,27.0,Your damage per second is higher than 27% of other Shamans between levels 41 and 50.
chr_0072,Shaman,41-50,182.0,69,86,26.0,Your damage per second is higher than 26% of other Shamans between levels 41 and 50.
chr_1142,Shaman,41-50,179.4,73,86,24.0,Your damage per second is higher than 24% of other Shamans between levels 41 and 50.
chr_0716,Shaman,41-50,179.3,29,86,23.0,Your damage per second is higher than 23% of other Shamans between levels 41 and 50.
chr_1342,Shaman,41-50,178.7,51,86,22.0,Your damage per second is higher than 22% of other Shamans between levels 41 and 50.
chr_0694,Shaman,41-50,178.7,34,86,21.0,Your damage per second is higher than 21% of other Shamans between levels 41 and 50.
chr_0715,Shaman,41-50,175.9,12,86,20.0,Your damage per second is higher than 20% of other Shamans between levels 41 and 50.
chr_0982,Shaman,41-50,174.9,59,86,19.0,Your damage per second is higher than 19% of other Shamans between levels 41 and 50.
chr_1258,Shaman,41-50,174.1,36,86,17.0,Your damage per second is higher than 17% of other Shamans between levels 41 and 50.
chr_0587,Shaman,41-50,173.6,40,86,16.0,Your damage per second is higher than 16% of other Shamans between levels 41 and 50.
chr_1112,Shaman,41-50,172.2,54,86,15.0,Your damage per second is higher than 15% of other Shamans between levels 41 and 50.
chr_0320,Shaman,41-50,171.6,59,86,14.0,Your damage per second is higher than 14% of other Shamans between levels 41 and 50.
chr_0102,Shaman,41-50,171.4,50,86,13.0,Your damage per second is higher than 13% of other Shamans between levels 41 and 50.
chr_0973,Shaman,41-50,171.3,41,86,12.0,Your damage per second is higher than 12% of other Shamans between levels 41 and 50.
chr_1757,Shaman,41-50,168.7,51,86,10.0,Your damage per second is higher than 10% of other Shamans between levels 41 and 50.
chr_1238,Shaman,41-50,168.5,123,86,9.0,Your damage per second is higher than 9% of other Shamans between levels 41 and 50.
chr_0846,Shaman,41-50,167.1,35,86,8.0,Your damage per second is higher than 8% of other Shamans between levels 41 and 50.
chr_0478,Shaman,41-50,166.8,40,86,7.0,Your damage per second is higher than 7% of other Shamans between levels 41 and 50.
chr_0719,Shaman,41-50,166.4,41,86,6.0,Your damage per second is higher than 6% of other Shamans between levels 41 and 50.
chr_0966,Shaman,41-50,166.2,34,86,5.0,Your damage per second is higher than 5% of other Shamans between levels 41 and 50.
chr_1121,Shaman,41-50,164.4,67,86,3.0,Your damage per second is higher than 3% of other Shamans between levels 41 and 50.
chr_0961,Shaman,41-50,158.9,34,86,2.0,Your damage per second is higher than 2% of other Shamans between levels 41 and 50.
chr_0949,Shaman,41-50,153.7,76,86,1.0,Your damage per second is higher than 1% of other Shamans between levels 41 and 50.
chr_1527,Shaman,41-50,140.7,33,86,0.0,Your damage per second is higher than 0% of other Shamans between levels 41 and 50.
chr_0040,Shaman,51-60,259.1,16,98,100.0,Your damage per second is higher than 100% of other Shamans between levels 51 and 60.
chr_0189,Shaman,51-60,257.9,14,98,99.0,Your damage per second is higher than 99% of other Shamans between levels 51 and 60.
chr_0421,Shaman,51-60,256.3,10,98,98.0,Your damage per second is higher than 98% of other Shamans between levels 51 and 60.
chr_0498,Shaman,51-60,255.9,33,98,97.0,Your damage per second is higher than 97% of other Shamans between levels 51 and 60.
chr_1386,Shaman,51-60,255.7,23,98,96.0,Your damage per second is higher than 96% of other Shamans between levels 51 and 60.
chr_1107,Shaman,51-60,255.1,24,98,95.0,Your damage per second is higher than 95% of other Shamans between levels 51 and 60.
chr_0579,Shaman,51-60,254.1,36,98,94.0,Your damage per second is higher than 94% of other Shamans between levels 51 and 60.
chr_1123,Shaman,51-60,251.1,24,98,93.0,Your damage per second is higher than 93% of other Shamans between levels 51 and 60.
chr_0227,Shaman,51-60,249.3,81,98,92.0,Your damage per second is higher than 92% of other Shamans between levels 51 and 60.
chr_1431,Shaman,51-60,248.2,17,98,91.0,Your damage per second is higher than 91% of other Shamans between levels 51 and 60.
chr_0788,Shaman,51-60,245.8,74,98,90.0,Your damage per second is higher than 90% of other Shamans between levels 51 and 60.
chr_0789,Shaman,51-60,245.3,62,98,89.0,Your damage per second is higher than 89% of other Shamans between levels 51 and 60.
chr_1394,Shaman,51-60,243.0,94,98,88.0,Your damage per second is higher than 88% of other Shamans between levels 51 and 60.
chr_0922,Shaman,51-60,243.0,93,98,87.0,Your damage per second is higher than 87% of other Shamans between levels 51 and 60.
chr_0581,Shaman,51-60,242.9,97,98,86.0,Your damage per second is higher than 86% of other Shamans between levels 51 and 60.
chr_1551,Shaman,51-60,242.8,20,98,85.0,Your damage per second is higher than 85% of other Shamans between levels 51 and 60.
chr_1464,Shaman,51-60,242.0,96,98,83.0,Your damage per second is higher than 83% of other Shamans between levels 51 and 60.
chr_1099,Shaman,51-60,242.0,99,98,84.0,Your damage per second is higher than 84% of other Shamans between levels 51 and 60.
chr_0511,Shaman,51-60,241.8,92,98,82.0,Your damage per second is higher than 82% of other Shamans between levels 51 and 60.
chr_1266,Shaman,51-60,241.7,93,98,81.0,Your damage per second is higher than 81% of other Shamans between levels 51 and 60.
chr_0208,Shaman,51-60,241.7,87,98,80.0,Your damage per second is higher than 80% of other Shamans between levels 51 and 60.
chr_1513,Shaman,51-60,241.6,95,98,79.0,Your damage per second is higher than 79% of other Shamans between levels 51 and 60.
chr_1309,Shaman,51-60,241.5,99,98,78.0,Your damage per second is higher than 78% of other Shamans between levels 51 and 60.
chr_0824,Shaman,51-60,241.4,99,98,77.0,Your damage per second is higher than 77% of other Shamans between levels 51 and 60.
chr_0280,Shaman,51-60,241.4,94,98,76.0,Your damage per second is higher than 76% of other Shamans between levels 51 and 60.
chr_0863,Shaman,51-60,241.4,91,98,74.0,Your damage per second is higher than 74% of other Shamans between levels 51 and 60.
chr_1115,Shaman,51-60,241.2,96,98,73.0,Your damage per second is higher than 73% of other Shamans between levels 51 and 60.
chr_0706,Shaman,51-60,240.1,103,98,72.0,Your damage per second is higher than 72% of other Shamans between levels 51 and 60.
chr_0357,Shaman,51-60,239.3,99,98,71.0,Your damage per second is higher than 71% of other Shamans between levels 51 and 60.
chr_1658,Shaman,51-60,239.2,114,98,70.0,Your damage per second is higher than 70% of other Shamans between levels 51 and 60.
chr_1701,Shaman,51-60,239.0,55,98,69.0,Your damage per second is higher than 69% of other Shamans between levels 51 and 60.
chr_1696,Shaman,51-60,238.7,88,98,68.0,Your damage per second is higher than 68% of other Shamans between levels 51 and 60.
chr_0067,Shaman,51-60,238.1,96,98,67.0,Your damage per second is higher than 67% of other Shamans between levels 51 and 60.
chr_1286,Shaman,51-60,238.1,100,98,66.0,Your damage per second is higher than 66% of other Shamans between levels 51 and 60.
chr_0365,Shaman,51-60,237.6,52,98,65.0,Your damage per second is higher than 65% of other Shamans between levels 51 and 60.
chr_0766,Shaman,51-60,237.6,92,98,64.0,Your damage per second is higher than 64% of other Shamans between levels 51 and 60.
chr_0904,Shaman,51-60,237.4,103,98,63.0,Your damage per second is higher than 63% of other Shamans between levels 51 and 60.
chr_0134,Shaman,51-60,237.2,80,98,62.0,Your damage per second is higher than 62% of other Shamans between levels 51 and 60.
chr_0782,Shaman,51-60,237.1,95,98,61.0,Your damage per second is higher than 61% of other Shamans between levels 51 and 60.
chr_0837,Shaman,51-60,237.0,94,98,60.0,Your damage per second is higher than 60% of other Shamans between levels 51 and 60.
chr_0999,Shaman,51-60,236.9,93,98,59.0,Your damage per second is higher than 59% of other Shamans between levels 51 and 60.
chr_0618,Shaman,51-60,236.5,100,98,58.0,Your damage per second is higher than 58% of other Shamans between levels 51 and 60.
chr_1388,Shaman,51-60,235.8,90,98,56.0,Your damage per second is higher than 56% of other Shamans between levels 51 and 60.
chr_1142,Shaman,51-60,235.8,92,98,57.0,Your damage per second is higher than 57% of other Shamans between levels 51 and 60.
chr_1667,Shaman,51-60,235.3,93,98,55.0,Your damage per second is higher than 55% of other Shamans between levels 51 and 60.
chr_0763,Shaman,51-60,235.2,100,98,54.0,Your damage per second is higher than 54% of other Shamans between levels 51 and 60.
chr_0761,Shaman,51-60,235.1,89,98,53.0,Your damage per second is higher than 53% of other Shamans between levels 51 and 60.
chr_0732,Shaman,51-60,234.3,90,98,52.0,Your damage per second is higher than 52% of other Shamans between levels 51 and 60.
chr_0439,Shaman,51-60,234.2,113,98,51.0,Your damage per second is higher than 51% of other Shamans between levels 51 and 60.
chr_0795,Shaman,51-60,233.7,113,98,50.0,Your damage per second is higher than 50% of other Shamans between levels 51 and 60.
chr_1238,Shaman,51-60,233.2,115,98,49.0,Your damage per second is higher than 49% of other Shamans between levels 51 and 60.
chr_0747,Shaman,51-60,233.1,119,98,48.0,Your damage per second is higher than 48% of other Shamans between levels 51 and 60.
chr_1726,Shaman,51-60,233.0,81,98,47.0,Your damage per second is higher than 47% of other Shamans between levels 51 and 60.
chr_1748,Shaman,51-60,232.7,86,98,46.0,Your damage per second is higher than 46% of other Shamans between levels 51 and 60.
chr_1409,Shaman,51-60,230.7,44,98,45.0,Your damage per second is higher than 45% of other Shamans between levels 51 and 60.
chr_1175,Shaman,51-60,230.4,32,98,44.0,Your damage per second is higher than 44% of other Shamans between levels 51 and 60.
chr_0328,Shaman,51-60,229.9,66,98,43.0,Your damage per second is higher than 43% of other Shamans between levels 51 and 60.
chr_0973,Shaman,51-60,229.6,91,98,42.0,Your damage per second is higher than 42% of other Shamans between levels 51 and 60.
chr_0150,Shaman,51-60,228.4,69,98,41.0,Your damage per second is higher than 41% of other Shamans between levels 51 and 60.
chr_0574,Shaman,51-60,227.5,78,98,40.0,Your damage per second is higher than 40% of other Shamans between levels 51 and 60.
chr_1647,Shaman,51-60,226.9,58,98,39.0,Your damage per second is higher than 39% of other Shamans between levels 51 and 60.
chr_0273,Shaman,51-60,225.4,65,98,38.0,Your damage per second is higher than 38% of other Shamans between levels 51 and 60.
chr_0860,Shaman,51-60,224.7,54,98,37.0,Your damage per second is higher than 37% of other Shamans between levels 51 and 60.
chr_1121,Shaman,51-60,224.6,99,98,36.0,Your damage per second is higher than 36% of other Shamans between levels 51 and 60.
chr_0222,Shaman,51-60,224.2,20,98,35.0,Your damage per second is higher than 35% of other Shamans between levels 51 and 60.
chr_1764,Shaman,51-60,224.1,46,98,34.0,Your damage per second is higher than 34% of other Shamans between levels 51 and 60.
chr_0101,Shaman,51-60,223.6,50,98,33.0,Your damage per second is higher than 33% of other Shamans between levels 51 and 60.
chr_1573,Shaman,51-60,223.6,111,98,32.0,Your damage per second is higher than 32% of other Shamans between levels 51 and 60.
chr_0564,Shaman,51-60,222.9,95,98,31.0,Your damage per second is higher than 31% of other Shamans between levels 51 and 60.
chr_0299,Shaman,51-60,222.9,65,98,30.0,Your damage per second is higher than 30% of other Shamans between levels 51 and 60.
chr_1342,Shaman,51-60,221.2,59,98,29.0,Your damage per second is higher than 29% of other Shamans between levels 51 and 60.
chr_0610,Shaman,51-60,221.1,22,98,28.0,Your damage per second is higher than 28% of other Shamans between levels 51 and 60.
chr_0014,Shaman,51-60,221.0,91,98,27.0,Your damage per second is higher than 27% of other Shamans between levels 51 and 60.
chr_0056,Shaman,51-60,220.0,16,98,26.0,Your damage per second is higher than 26% of other Shamans between levels 51 and 60.
chr_0320,Shaman,51-60,219.8,52,98,24.0,Your damage per second is higher than 24% of other Shamans between levels 51 and 60.
chr_1762,Shaman,51-60,218.5,50,98,23.0,Your damage per second is higher than 23% of other Shamans between levels 51 and 60.
chr_0770,Shaman,51-60,215.0,12,98,22.0,Your damage per second is higher than 22% of other Shamans between levels 51 and 60.
chr_0106,Shaman,51-60,214.1,76,98,21.0,Your damage per second is higher than 21% of other Shamans between levels 51 and 60.
chr_0716,Shaman,51-60,213.4,43,98,20.0,Your damage per second is higher than 20% of other Shamans between levels 51 and 60.
chr_0776,Shaman,51-60,211.2,50,98,19.0,Your damage per second is higher than 19% of other Shamans between levels 51 and 60.
chr_1757,Shaman,51-60,211.1,71,98,18.0,Your damage per second is higher than 18% of other Shamans between levels 51 and 60.
chr_0118,Shaman,51-60,209.5,98,98,17.0,Your damage per second is higher than 17% of other Shamans between levels 51 and 60.
chr_1496,Shaman,51-60,209.0,13,98,16.0,Your damage per second is higher than 16% of other Shamans between levels 51 and 60.
chr_0719,Shaman,51-60,208.9,95,98,15.0,Your damage per second is higher than 15% of other Shamans between levels 51 and 60.
chr_1527,Shaman,51-60,207.4,47,98,14.0,Your damage per second is higher than 14% of other Shamans between levels 51 and 60.
chr_0982,Shaman,51-60,206.7,49,98,13.0,Your damage per second is higher than 13% of other Shamans between levels 51 and 60.
chr_0385,Shaman,51-60,206.2,12,98,12.0,Your damage per second is higher than 12% of other Shamans between levels 51 and 60.
chr_0587,Shaman,51-60,203.4,47,98,11.0,Your damage per second is higher than 11% of other Shamans between levels 51 and 60.
chr_0072,Shaman,51-60,202.1,68,98,10.0,Your damage per second is higher than 10% of other Shamans between levels 51 and 60.
chr_0102,Shaman,51-60,198.2,63,98,9.0,Your damage per second is higher than 9% of other Shamans between levels 51 and 60.
chr_0966,Shaman,51-60,194.4,52,98,8.0,Your damage per second is higher than 8% of other Shamans between levels 51 and 60.
chr_1258,Shaman,51-60,193.0,49,98,7.0,Your damage per second is higher than 7% of other Shamans between levels 51 and 60.
chr_0670,Shaman,51-60,190.6,64,98,6.0,Your damage per second is higher than 6% of other Shamans between levels 51 and 60.
chr_0961,Shaman,51-60,184.3,49,98,5.0,Your damage per second is higher than 5% of other Shamans between levels 51 and 60.
chr_0949,Shaman,51-60,172.8,83,98,4.0,Your damage per second is higher than 4% of other Shamans between levels 51 and 60.
chr_0846,Shaman,51-60,169.6,60,98,3.0,Your damage per second is higher than 3% of other Shamans between levels 51 and 60.
chr_0478,Shaman,51-60,165.3,75,98,2.0,Your damage per second is higher than 2% of other Shamans between levels 51 and 60.
chr_1112,Shaman,51-60,159.5,97,98,1.0,Your damage per second is higher than 1% of other Shamans between levels 51 and 60.
chr_1742,Shaman,51-60,142.8,70,98,0.0,Your damage per second is higher than 0% of other Shamans between levels 51 and 60.
chr_1521,Shaman,61-70,303.0,116,103,100.0,Your damage per second is higher than 100% of other Shamans between levels 61 and 70.
chr_0173,Shaman,61-70,301.7,2000,103,99.0,Your damage per second is higher than 99% of other Shamans between levels 61 and 70.
chr_0657,Shaman,61-70,300.6,806,103,98.0,Your damage per second is higher than 98% of other Shamans between levels 61 and 70.
chr_1386,Shaman,61-70,300.5,1384,103,97.0,Your damage per second is higher than 97% of other Shamans between levels 61 and 70.
chr_0706,Shaman,61-70,300.3,1260,103,96.0,Your damage per second is higher than 96% of other Shamans between levels 61 and 70.
chr_1586,Shaman,61-70,300.2,192,103,95.0,Your damage per second is higher than 95% of other Shamans between levels 61 and 70.
chr_1238,Shaman,61-70,300.0,2230,103,94.0,Your damage per second is higher than 94% of other Shamans between levels 61 and 70.
chr_0208,Shaman,61-70,299.8,823,103,93.0,Your damage per second is higher than 93% of other Shamans between levels 61 and 70.
chr_1388,Shaman,61-70,298.7,563,103,92.0,Your damage per second is higher than 92% of other Shamans between levels 61 and 70.
chr_1431,Shaman,61-70,297.6,314,103,91.0,Your damage per second is higher than 91% of other Shamans between levels 61 and 70.
chr_0134,Shaman,61-70,297.1,456,103,90.0,Your damage per second is higher than 90% of other Shamans between levels 61 and 70.
chr_0498,Shaman,61-70,296.9,389,103,89.0,Your damage per second is higher than 89% of other Shamans between levels 61 and 70.
chr_0999,Shaman,61-70,296.5,326,103,88.0,Your damage per second is higher than 88% of other Shamans between levels 61 and 70.
chr_0766,Shaman,61-70,296.2,349,103,87.0,Your damage per second is higher than 87% of other Shamans between levels 61 and 70.
chr_0227,Shaman,61-70,296.0,342,103,86.0,Your damage per second is higher than 86% of other Shamans between levels 61 and 70.
chr_0904,Shaman,61-70,296.0,1083,103,85.0,Your damage per second is higher than 85% of other Shamans between levels 61 and 70.
chr_1142,Shaman,61-70,295.8,570,103,84.0,Your damage per second is higher than 84% of other Shamans between levels 61 and 70.
chr_0922,Shaman,61-70,295.8,407,103,83.0,Your damage per second is higher than 83% of other Shamans between levels 61 and 70.
chr_0761,Shaman,61-70,295.6,533,103,83.0,Your damage per second is higher than 83% of other Shamans between levels 61 and 70.
chr_0618,Shaman,61-70,295.5,385,103,82.0,Your damage per second is higher than 82% of other Shamans between levels 61 and 70.
chr_1259,Shaman,61-70,295.4,272,103,81.0,Your damage per second is higher than 81% of other Shamans between levels 61 and 70.
chr_1748,Shaman,61-70,295.4,480,103,80.0,Your damage per second is higher than 80% of other Shamans between levels 61 and 70.
chr_0788,Shaman,61-70,295.1,470,103,79.0,Your damage per second is higher than 79% of other Shamans between levels 61 and 70.
chr_1435,Shaman,61-70,295.1,1907,103,78.0,Your damage per second is higher than 78% of other Shamans between levels 61 and 70.
chr_0763,Shaman,61-70,294.9,1688,103,77.0,Your damage per second is higher than 77% of other Shamans between levels 61 and 70.
chr_0837,Shaman,61-70,294.6,274,103,76.0,Your damage per second is higher than 76% of other Shamans between levels 61 and 70.
chr_0077,Shaman,61-70,294.1,196,103,75.0,Your damage per second is higher than 75% of other Shamans between levels 61 and 70.
chr_0185,Shaman,61-70,293.6,141,103,74.0,Your damage per second is higher than 74% of other Shamans between levels 61 and 70.
chr_0564,Shaman,61-70,293.5,304,103,73.0,Your damage per second is higher than 73% of other Shamans between levels 61 and 70.
chr_1658,Shaman,61-70,293.4,378,103,72.0,Your damage per second is higher than 72% of other Shamans between levels 61 and 70.
chr_0357,Shaman,61-70,293.2,213,103,71.0,Your damage per second is higher than 71% of other Shamans between levels 61 and 70.
chr_1115,Shaman,61-70,292.9,389,103,70.0,Your damage per second is higher than 70% of other Shamans between levels 61 and 70.
chr_0863,Shaman,61-70,292.3,239,103,69.0,Your damage per second is higher than 69% of other Shamans between levels 61 and 70.
chr_0961,Shaman,61-70,292.2,441,103,68.0,Your damage per second is higher than 68% of other Shamans between levels 61 and 70.
chr_0280,Shaman,61-70,292.0,204,103,67.0,Your damage per second is higher than 67% of other Shamans between levels 61 and 70.
chr_0066,Shaman,61-70,291.9,312,103,66.0,Your damage per second is higher than 66% of other Shamans between levels 61 and 70.
chr_0789,Shaman,61-70,291.0,190,103,65.0,Your damage per second is higher than 65% of other Shamans between levels 61 and 70.
chr_1513,Shaman,61-70,290.1,291,103,64.0,Your damage per second is higher than 64% of other Shamans between levels 61 and 70.
chr_1131,Shaman,61-70,289.9,2265,103,63.0,Your damage per second is higher than 63% of other Shamans between levels 61 and 70.
chr_0795,Shaman,61-70,289.6,2198,103,62.0,Your damage per second is higher than 62% of other Shamans between levels 61 and 70.
chr_0982,Shaman,61-70,288.7,323,103,61.0,Your damage per second is higher than 61% of other Shamans between levels 61 and 70.
chr_0150,Shaman,61-70,288.5,686,103,60.0,Your damage per second is higher than 60% of other Shamans between levels 61 and 70.
chr_0831,Shaman,61-70,286.1,52,103,59.0,Your damage per second is higher than 59% of other Shamans between levels 61 and 70.
chr_0106,Shaman,61-70,286.1,507,103,58.0,Your damage per second is higher than 58% of other Shamans between levels 61 and 70.
chr_1107,Shaman,61-70,285.5,113,103,57.0,Your damage per second is higher than 57% of other Shamans between levels 61 and 70.
chr_1394,Shaman,61-70,284.0,127,103,56.0,Your damage per second is higher than 56% of other Shamans between levels 61 and 70.
chr_1350,Shaman,61-70,283.9,126,103,55.0,Your damage per second is higher than 55% of other Shamans between levels 61 and 70.
chr_1707,Shaman,61-70,283.7,122,103,54.0,Your damage per second is higher than 54% of other Shamans between levels 61 and 70.
chr_1180,Shaman,61-70,283.6,832,103,53.0,Your damage per second is higher than 53% of other Shamans between levels 61 and 70.
chr_0393,Shaman,61-70,283.5,160,103,52.0,Your damage per second is higher than 52% of other Shamans between levels 61 and 70.
chr_0189,Shaman,61-70,282.6,875,103,51.0,Your damage per second is higher than 51% of other Shamans between levels 61 and 70.
chr_0365,Shaman,61-70,282.5,179,103,50.0,Your damage per second is higher than 50% of other Shamans between levels 61 and 70.
chr_1757,Shaman,61-70,282.2,1649,103,50.0,Your damage per second is higher than 50% of other Shamans between levels 61 and 70.
chr_1696,Shaman,61-70,282.1,2803,103,49.0,Your damage per second is higher than 49% of other Shamans between levels 61 and 70.
chr_0101,Shaman,61-70,282.0,229,103,48.0,Your damage per second is higher than 48% of other Shamans between levels 61 and 70.
chr_0511,Shaman,61-70,281.5,129,103,47.0,Your damage per second is higher than 47% of other Shamans between levels 61 and 70.
chr_0581,Shaman,61-70,281.3,104,103,46.0,Your damage per second is higher than 46% of other Shamans between levels 61 and 70.
chr_1191,Shaman,61-70,281.3,640,103,45.0,Your damage per second is higher than 45% of other Shamans between levels 61 and 70.
chr_0860,Shaman,61-70,280.9,2628,103,44.0,Your damage per second is higher than 44% of other Shamans between levels 61 and 70.
chr_1764,Shaman,61-70,280.3,264,103,43.0,Your damage per second is higher than 43% of other Shamans between levels 61 and 70.
chr_0040,Shaman,61-70,280.0,115,103,42.0,Your damage per second is higher than 42% of other Shamans between levels 61 and 70.
chr_0421,Shaman,61-70,279.8,2451,103,41.0,Your damage per second is higher than 41% of other Shamans between levels 61 and 70.
chr_0587,Shaman,61-70,278.5,338,103,40.0,Your damage per second is higher than 40% of other Shamans between levels 61 and 70.
chr_0760,Shaman,61-70,278.4,769,103,39.0,Your damage per second is higher than 39% of other Shamans between levels 61 and 70.
chr_0816,Shaman,61-70,278.0,65,103,38.0,Your damage per second is higher than 38% of other Shamans between levels 61 and 70.
chr_0478,Shaman,61-70,277.8,2549,103,37.0,Your damage per second is higher than 37% of other Shamans between levels 61 and 70.
chr_0490,Shaman,61-70,277.5,2016,103,36.0,Your damage per second is higher than 36% of other Shamans between levels 61 and 70.
chr_1099,Shaman,61-70,277.4,94,103,35.0,Your damage per second is higher than 35% of other Shamans between levels 61 and 70.
chr_0439,Shaman,61-70,276.3,494,103,34.0,Your damage per second is higher than 34% of other Shamans between levels 61 and 70.
chr_0067,Shaman,61-70,275.8,109,103,33.0,Your damage per second is higher than 33% of other Shamans between levels 61 and 70.
chr_0014,Shaman,61-70,275.6,1986,103,32.0,Your damage per second is higher than 32% of other Shamans between levels 61 and 70.
chr_0973,Shaman,61-70,275.6,2249,103,31.0,Your damage per second is higher than 31% of other Shamans between levels 61 and 70.
chr_1573,Shaman,61-70,275.1,2267,103,30.0,Your damage per second is higher than 30% of other Shamans between levels 61 and 70.
chr_1121,Shaman,61-70,274.8,413,103,29.0,Your damage per second is higher than 29% of other Shamans between levels 61 and 70.
chr_1514,Shaman,61-70,274.0,423,103,28.0,Your damage per second is higher than 28% of other Shamans between levels 61 and 70.
chr_0747,Shaman,61-70,273.8,2137,103,27.0,Your damage per second is higher than 27% of other Shamans between levels 61 and 70.
chr_1527,Shaman,61-70,272.8,583,103,26.0,Your damage per second is higher than 26% of other Shamans between levels 61 and 70.
chr_0949,Shaman,61-70,272.2,2266,103,25.0,Your damage per second is higher than 25% of other Shamans between levels 61 and 70.
chr_1286,Shaman,61-70,272.0,93,103,24.0,Your damage per second is higher than 24% of other Shamans between levels 61 and 70.
chr_0574,Shaman,61-70,271.6,833,103,23.0,Your damage per second is higher than 23% of other Shamans between levels 61 and 70.
chr_1701,Shaman,61-70,270.4,381,103,22.0,Your damage per second is higher than 22% of other Shamans between levels 61 and 70.
chr_1309,Shaman,61-70,270.4,76,103,21.0,Your damage per second is higher than 21% of other Shamans between levels 61 and 70.
chr_0118,Shaman,61-70,270.1,1891,103,20.0,Your damage per second is higher than 20% of other Shamans between levels 61 and 70.
chr_0579,Shaman,61-70,269.7,76,103,19.0,Your damage per second is higher than 19% of other Shamans between levels 61 and 70.
chr_1667,Shaman,61-70,269.6,81,103,18.0,Your damage per second is higher than 18% of other Shamans between levels 61 and 70.
chr_0824,Shaman,61-70,268.0,60,103,17.0,Your damage per second is higher than 17% of other Shamans between levels 61 and 70.
chr_0716,Shaman,61-70,268.0,649,103,17.0,Your damage per second is higher than 17% of other Shamans between levels 61 and 70.
chr_1266,Shaman,61-70,267.6,60,103,16.0,Your damage per second is higher than 16% of other Shamans between levels 61 and 70.
chr_1464,Shaman,61-70,266.3,29,103,15.0,Your damage per second is higher than 15% of other Shamans between levels 61 and 70.
chr_0102,Shaman,61-70,266.1,126,103,14.0,Your damage per second is higher than 14% of other Shamans between levels 61 and 70.
chr_0719,Shaman,61-70,266.0,2042,103,13.0,Your damage per second is higher than 13% of other Shamans between levels 61 and 70.
chr_1342,Shaman,61-70,265.4,542,103,12.0,Your damage per second is higher than 12% of other Shamans between levels 61 and 70.
chr_0072,Shaman,61-70,263.7,340,103,11.0,Your damage per second is higher than 11% of other Shamans between levels 61 and 70.
chr_1123,Shaman,61-70,263.5,24,103,10.0,Your damage per second is higher than 10% of other Shamans between levels 61 and 70.
chr_1112,Shaman,61-70,262.7,402,103,9.0,Your damage per second is higher than 9% of other Shamans between levels 61 and 70.
chr_0670,Shaman,61-70,262.4,44,103,8.0,Your damage per second is higher than 8% of other Shamans between levels 61 and 70.
chr_0782,Shaman,61-70,260.7,19,103,7.0,Your damage per second is higher than 7% of other Shamans between levels 61 and 70.
chr_0966,Shaman,61-70,260.5,570,103,6.0,Your damage per second is higher than 6% of other Shamans between levels 61 and 70.
chr_0222,Shaman,61-70,260.1,64,103,5.0,Your damage per second is higher than 5% of other Shamans between levels 61 and 70.
chr_0776,Shaman,61-70,258.9,593,103,4.0,Your damage per second is higher than 4% of other Shamans between levels 61 and 70.
chr_0846,Shaman,61-70,252.4,370,103,3.0,Your damage per second is higher than 3% of other Shamans between levels 61 and 70.
chr_1258,Shaman,61-70,251.6,365,103,2.0,Your damage per second is higher than 2% of other Shamans between levels 61 and 70.
chr_0320,Shaman,61-70,250.3,216,103,1.0,Your damage per second is higher than 1% of other Shamans between levels 61 and 70.
chr_1762,Shaman,61-70,233.2,12,103,0.0,Your damage per second is higher than 0% of other Shamans between levels 61 and 70.
chr_1016,Warlock,1-10,63.9,14,23,100.0,Your damage per second is higher than 100% of other Warlocks between levels 1 and 10.
chr_0145,Warlock,1-10,63.7,16,23,96.0,Your damage per second is higher than 96% of other Warlocks between levels 1 and 10.
chr_0612,Warlock,1-10,48.6,14,23,91.0,Your damage per second is higher than 91% of other Warlocks between levels 1 and 10.
chr_0996,Warlock,1-10,48.2,40,23,87.0,Your damage per second is higher than 87% of other Warlocks between levels 1 and 10.
chr_0013,Warlock,1-10,45.9,44,23,83.0,Your damage per second is higher than 83% of other Warlocks between levels 1 and 10.
chr_1565,Warlock,1-10,45.8,48,23,78.0,Your damage per second is higher than 78% of other Warlocks between levels 1 and 10.
chr_0313,Warlock,1-10,45.0,46,23,74.0,Your damage per second is higher than 74% of other Warlocks between levels 1 and 10.
chr_0797,Warlock,1-10,44.5,49,23,70.0,Your damage per second is higher than 70% of other Warlocks between levels 1 and 10.
chr_0130,Warlock,1-10,44.3,50,23,61.0,Your damage per second is higher than 61% of other Warlocks between levels 1 and 10.
chr_1117,Warlock,1-10,44.3,50,23,65.0,Your damage per second is higher than 65% of other Warlocks between levels 1 and 10.
chr_0286,Warlock,1-10,44.2,50,23,57.0,Your damage per second is higher than 57% of other Warlocks between levels 1 and 10.
chr_0622,Warlock,1-10,44.1,48,23,52.0,Your damage per second is higher than 52% of other Warlocks between levels 1 and 10.
chr_0416,Warlock,1-10,44.1,48,23,48.0,Your damage per second is higher than 48% of other Warlocks between levels 1 and 10.
chr_0963,Warlock,1-10,44.0,45,23,39.0,Your damage per second is higher than 39% of other Warlocks between levels 1 and 10.
chr_0620,Warlock,1-10,44.0,48,23,43.0,Your damage per second is higher than 43% of other Warlocks between levels 1 and 10.
chr_0555,Warlock,1-10,43.9,50,23,35.0,Your damage per second is higher than 35% of other Warlocks between levels 1 and 10.
chr_0358,Warlock,1-10,43.7,47,23,30.0,Your damage per second is higher than 30% of other Warlocks between levels 1 and 10.
chr_1041,Warlock,1-10,43.5,48,23,26.0,Your damage per second is higher than 26% of other Warlocks between levels 1 and 10.
chr_0944,Warlock,1-10,43.2,48,23,22.0,Your damage per second is higher than 22% of other Warlocks between levels 1 and 10.
chr_0284,Warlock,1-10,42.9,48,23,17.0,Your damage per second is higher than 17% of other Warlocks between levels 1 and 10.
chr_1674,Warlock,1-10,42.7,47,23,13.0,Your damage per second is higher than 13% of other Warlocks between levels 1 and 10.
chr_1465,Warlock,1-10,41.0,39,23,9.0,Your damage per second is higher than 9% of other Warlocks between levels 1 and 10.
chr_1185,Warlock,1-10,40.1,36,23,4.0,Your damage per second is higher than 4% of other Warlocks between levels 1 and 10.
chr_0242,Warlock,1-10,31.0,24,23,0.0,Your damage per second is higher than 0% of other Warlocks between levels 1 and 10.
chr_0700,Warlock,11-20,102.5,11,39,100.0,Your damage per second is higher than 100% of other Warlocks between levels 11 and 20.
chr_1035,Warlock,11-20,97.9,31,39,97.0,Your damage per second is higher than 97% of other Warlocks between levels 11 and 20.
chr_1500,Warlock,11-20,91.4,41,39,95.0,Your damage per second is higher than 95% of other Warlocks between levels 11 and 20.
chr_1510,Warlock,11-20,90.8,43,39,92.0,Your damage per second is higher than 92% of other Warlocks between levels 11 and 20.
chr_1506,Warlock,11-20,87.6,55,39,90.0,Your damage per second is higher than 90% of other Warlocks between levels 11 and 20.
chr_0986,Warlock,11-20,85.8,59,39,87.0,Your damage per second is higher than 87% of other Warlocks between levels 11 and 20.
chr_1067,Warlock,11-20,85.1,18,39,85.0,Your damage per second is higher than 85% of other Warlocks between levels 11 and 20.
chr_1565,Warlock,11-20,83.8,58,39,82.0,Your damage per second is higher than 82% of other Warlocks between levels 11 and 20.
chr_0223,Warlock,11-20,83.2,10,39,79.0,Your damage per second is higher than 79% of other Warlocks between levels 11 and 20.
chr_0588,Warlock,11-20,83.1,38,39,77.0,Your damage per second is higher than 77% of other Warlocks between levels 11 and 20.
chr_0797,Warlock,11-20,82.1,59,39,74.0,Your damage per second is higher than 74% of other Warlocks between levels 11 and 20.
chr_0013,Warlock,11-20,81.6,59,39,72.0,Your damage per second is higher than 72% of other Warlocks between levels 11 and 20.
chr_0145,Warlock,11-20,81.5,58,39,69.0,Your damage per second is higher than 69% of other Warlocks between levels 11 and 20.
chr_1016,Warlock,11-20,80.9,60,39,67.0,Your damage per second is higher than 67% of other Warlocks between levels 11 and 20.
chr_0416,Warlock,11-20,80.6,59,39,64.0,Your damage per second is higher than 64% of other Warlocks between levels 11 and 20.
chr_0555,Warlock,11-20,80.2,59,39,62.0,Your damage per second is higher than 62% of other Warlocks between levels 11 and 20.
chr_0669,Warlock,11-20,80.2,22,39,59.0,Your damage per second is higher than 59% of other Warlocks between levels 11 and 20.
chr_0996,Warlock,11-20,79.1,58,39,56.0,Your damage per second is higher than 56% of other Warlocks between levels 11 and 20.
chr_0313,Warlock,11-20,78.9,59,39,54.0,Your damage per second is higher than 54% of other Warlocks between levels 11 and 20.
chr_1041,Warlock,11-20,78.4,59,39,51.0,Your damage per second is higher than 51% of other Warlocks between levels 11 and 20.
chr_0622,Warlock,11-20,77.9,58,39,49.0,Your damage per second is higher than 49% of other Warlocks between levels 11 and 20.
chr_1674,Warlock,11-20,77.6,60,39,46.0,Your damage per second is higher than 46% of other Warlocks between levels 11 and 20.
chr_0944,Warlock,11-20,77.3,60,39,44.0,Your damage per second is higher than 44% of other Warlocks between levels 11 and 20.
chr_0063,Warlock,11-20,77.2,11,39,41.0,Your damage per second is higher than 41% of other Warlocks between levels 11 and 20.
chr_0963,Warlock,11-20,75.9,59,39,38.0,Your damage per second is higher than 38% of other Warlocks between levels 11 and 20.
chr_0130,Warlock,11-20,75.9,60,39,36.0,Your damage per second is higher than 36% of other Warlocks between levels 11 and 20.
chr_0286,Warlock,11-20,75.8,57,39,33.0,Your damage per second is higher than 33% of other Warlocks between levels 11 and 20.
chr_1117,Warlock,11-20,75.3,60,39,31.0,Your damage per second is higher than 31% of other Warlocks between levels 11 and 20.
chr_0284,Warlock,11-20,75.2,59,39,28.0,Your damage per second is higher than 28% of other Warlocks between levels 11 and 20.
chr_0598,Warlock,11-20,75.1,11,39,26.0,Your damage per second is higher than 26% of other Warlocks between levels 11 and 20.
chr_0049,Warlock,11-20,74.5,30,39,23.0,Your damage per second is higher than 23% of other Warlocks between levels 11 and 20.
chr_0620,Warlock,11-20,73.8,48,39,21.0,Your damage per second is higher than 21% of other Warlocks between levels 11 and 20.
chr_1736,Warlock,11-20,73.5,43,39,18.0,Your damage per second is higher than 18% of other Warlocks between levels 11 and 20.
chr_0612,Warlock,11-20,73.4,39,39,15.0,Your damage per second is higher than 15% of other Warlocks between levels 11 and 20.
chr_0358,Warlock,11-20,72.8,56,39,13.0,Your damage per second is higher than 13% of other Warlocks between levels 11 and 20.
chr_1011,Warlock,11-20,72.2,17,39,10.0,Your damage per second is higher than 10% of other Warlocks between levels 11 and 20.
chr_0242,Warlock,11-20,58.9,58,39,8.0,Your damage per second is higher than 8% of other Warlocks between levels 11 and 20.
chr_1090,Warlock,11-20,41.5,30,39,5.0,Your damage per second is higher than 5% of other Warlocks between levels 11 and 20.
chr_0520,Warlock,11-20,33.9,21,39,3.0,Your damage per second is higher than 3% of other Warlocks between levels 11 and 20.
chr_0736,Warlock,11-20,29.3,58,39,0.0,Your damage per second is higher than 0% of other Warlocks between levels 11 and 20.
chr_0851,Warlock,21-30,138.9,22,61,100.0,Your damage per second is higher than 100% of other Warlocks between levels 21 and 30.
chr_1193,Warlock,21-30,138.2,31,61,98.0,Your damage per second is higher than 98% of other Warlocks between levels 21 and 30.
chr_0840,Warlock,21-30,136.3,26,61,97.0,Your damage per second is higher than 97% of other Warlocks between levels 21 and 30.
chr_1214,Warlock,21-30,135.7,33,61,95.0,Your damage per second is higher than 95% of other Warlocks between levels 21 and 30.
chr_1460,Warlock,21-30,134.6,37,61,93.0,Your damage per second is higher than 93% of other Warlocks between levels 21 and 30.
chr_0877,Warlock,21-30,133.9,19,61,92.0,Your damage per second is higher than 92% of other Warlocks between levels 21 and 30.
chr_1045,Warlock,21-30,128.6,52,61,90.0,Your damage per second is higher than 90% of other Warlocks between levels 21 and 30.
chr_1690,Warlock,21-30,128.5,12,61,89.0,Your damage per second is higher than 89% of other Warlocks between levels 21 and 30.
chr_0017,Warlock,21-30,128.4,70,61,87.0,Your damage per second is higher than 87% of other Warlocks between levels 21 and 30.
chr_0843,Warlock,21-30,127.5,43,61,85.0,Your damage per second is higher than 85% of other Warlocks between levels 21 and 30.
chr_1716,Warlock,21-30,125.8,69,61,84.0,Your damage per second is higher than 84% of other Warlocks between levels 21 and 30.
chr_1467,Warlock,21-30,125.7,68,61,82.0,Your damage per second is higher than 82% of other Warlocks between levels 21 and 30.
chr_0131,Warlock,21-30,125.0,70,61,80.0,Your damage per second is higher than 80% of other Warlocks between levels 21 and 30.
chr_0496,Warlock,21-30,124.8,43,61,79.0,Your damage per second is higher than 79% of other Warlocks between levels 21 and 30.
chr_0700,Warlock,21-30,124.4,71,61,77.0,Your damage per second is higher than 77% of other Warlocks between levels 21 and 30.
chr_0520,Warlock,21-30,123.6,27,61,75.0,Your damage per second is higher than 75% of other Warlocks between levels 21 and 30.
chr_0143,Warlock,21-30,123.1,10,61,74.0,Your damage per second is higher than 74% of other Warlocks between levels 21 and 30.
chr_1500,Warlock,21-30,122.8,70,61,72.0,Your damage per second is higher than 72% of other Warlocks between levels 21 and 30.
chr_0986,Warlock,21-30,122.7,71,61,70.0,Your damage per second is higher than 70% of other Warlocks between levels 21 and 30.
chr_1008,Warlock,21-30,122.6,36,61,69.0,Your damage per second is higher than 69% of other Warlocks between levels 21 and 30.
chr_1506,Warlock,21-30,122.2,69,61,67.0,Your damage per second is higher than 67% of other Warlocks between levels 21 and 30.
chr_1520,Warlock,21-30,121.3,35,61,66.0,Your damage per second is higher than 66% of other Warlocks between levels 21 and 30.
chr_1041,Warlock,21-30,121.2,70,61,64.0,Your damage per second is higher than 64% of other Warlocks between levels 21 and 30.
chr_1016,Warlock,21-30,120.9,69,61,62.0,Your damage per second is higher than 62% of other Warlocks between levels 21 and 30.
chr_0797,Warlock,21-30,120.3,69,61,61.0,Your damage per second is higher than 61% of other Warlocks between levels 21 and 30.
chr_0013,Warlock,21-30,119.8,67,61,59.0,Your damage per second is higher than 59% of other Warlocks between levels 21 and 30.
chr_0996,Warlock,21-30,119.4,69,61,57.0,Your damage per second is higher than 57% of other Warlocks between levels 21 and 30.
chr_1565,Warlock,21-30,119.1,68,61,56.0,Your damage per second is higher than 56% of other Warlocks between levels 21 and 30.
chr_1510,Warlock,21-30,118.8,69,61,54.0,Your damage per second is higher than 54% of other Warlocks between levels 21 and 30.
chr_0286,Warlock,21-30,118.1,68,61,52.0,Your damage per second is higher than 52% of other Warlocks between levels 21 and 30.
chr_0944,Warlock,21-30,117.7,71,61,51.0,Your damage per second is higher than 51% of other Warlocks between levels 21 and 30.
chr_1300,Warlock,21-30,117.1,19,61,49.0,Your damage per second is higher than 49% of other Warlocks between levels 21 and 30.
chr_1674,Warlock,21-30,117.0,71,61,48.0,Your damage per second is higher than 48% of other Warlocks between levels 21 and 30.
chr_1117,Warlock,21-30,116.4,70,61,46.0,Your damage per second is higher than 46% of other Warlocks between levels 21 and 30.
chr_0622,Warlock,21-30,116.1,71,61,44.0,Your damage per second is higher than 44% of other Warlocks between levels 21 and 30.
chr_1739,Warlock,21-30,115.9,49,61,43.0,Your damage per second is higher than 43% of other Warlocks between levels 21 and 30.
chr_0588,Warlock,21-30,115.5,15,61,41.0,Your damage per second is higher than 41% of other Warlocks between levels 21 and 30.
chr_0242,Warlock,21-30,114.7,21,61,39.0,Your damage per second is higher than 39% of other Warlocks between levels 21 and 30.
chr_1035,Warlock,21-30,114.5,35,61,38.0,Your damage per second is higher than 38% of other Warlocks between levels 21 and 30.
chr_0284,Warlock,21-30,114.3,70,61,36.0,Your damage per second is higher than 36% of other Warlocks between levels 21 and 30.
chr_0358,Warlock,21-30,114.2,68,61,34.0,Your damage per second is higher than 34% of other Warlocks between levels 21 and 30.
chr_0416,Warlock,21-30,114.2,49,61,33.0,Your damage per second is higher than 33% of other Warlocks between levels 21 and 30.
chr_0313,Warlock,21-30,114.2,70,61,31.0,Your damage per second is higher than 31% of other Warlocks between levels 21 and 30.
chr_0555,Warlock,21-30,113.0,46,61,30.0,Your damage per second is higher than 30% of other Warlocks between levels 21 and 30.
chr_1011,Warlock,21-30,112.7,49,61,28.0,Your damage per second is higher than 28% of other Warlocks between levels 21 and 30.
chr_1090,Warlock,21-30,112.7,18,61,26.0,Your damage per second is higher than 26% of other Warlocks between levels 21 and 30.
chr_0963,Warlock,21-30,112.6,71,61,25.0,Your damage per second is higher than 25% of other Warlocks between levels 21 and 30.
chr_0223,Warlock,21-30,111.9,17,61,23.0,Your damage per second is higher than 23% of other Warlocks between levels 21 and 30.
chr_0063,Warlock,21-30,110.9,16,61,21.0,Your damage per second is higher than 21% of other Warlocks between levels 21 and 30.
chr_1700,Warlock,21-30,110.6,22,61,20.0,Your damage per second is higher than 20% of other Warlocks between levels 21 and 30.
chr_1067,Warlock,21-30,108.8,23,61,18.0,Your damage per second is higher than 18% of other Warlocks between levels 21 and 30.
chr_0612,Warlock,21-30,107.9,58,61,16.0,Your damage per second is higher than 16% of other Warlocks between levels 21 and 30.
chr_0669,Warlock,21-30,107.7,37,61,15.0,Your damage per second is higher than 15% of other Warlocks between levels 21 and 30.
chr_0145,Warlock,21-30,104.4,38,61,13.0,Your damage per second is higher than 13% of other Warlocks between levels 21 and 30.
chr_0162,Warlock,21-30,103.9,16,61,11.0,Your damage per second is higher than 11% of other Warlocks between levels 21 and 30.
chr_0130,Warlock,21-30,100.7,24,61,10.0,Your damage per second is higher than 10% of other Warlocks between levels 21 and 30.
chr_1215,Warlock,21-30,94.1,27,61,8.0,Your damage per second is higher than 8% of other Warlocks between levels 21 and 30.
chr_0149,Warlock,21-30,91.1,68,61,7.0,Your damage per second is higher than 7% of other Warlocks between levels 21 and 30.
chr_1736,Warlock,21-30,88.6,38,61,5.0,Your damage per second is higher than 5% of other Warlocks between levels 21 and 30.
chr_0598,Warlock,21-30,85.0,30,61,3.0,Your damage per second is higher than 3% of other Warlocks between levels 21 and 30.
chr_0049,Warlock,21-30,48.1,84,61,2.0,Your damage per second is higher than 2% of other Warlocks between levels 21 and 30.
chr_0736,Warlock,21-30,37.2,14,61,0.0,Your damage per second is higher than 0% of other Warlocks between levels 21 and 30.
chr_1574,Warlock,31-40,182.7,13,71,100.0,Your damage per second is higher than 100% of other Warlocks between levels 31 and 40.
chr_0262,Warlock,31-40,182.3,19,71,99.0,Your damage per second is higher than 99% of other Warlocks between levels 31 and 40.
chr_0181,Warlock,31-40,181.4,24,71,97.0,Your damage per second is higher than 97% of other Warlocks between levels 31 and 40.
chr_0674,Warlock,31-40,180.7,12,71,96.0,Your damage per second is higher than 96% of other Warlocks between levels 31 and 40.
chr_0034,Warlock,31-40,177.0,65,71,94.0,Your damage per second is higher than 94% of other Warlocks between levels 31 and 40.
chr_1558,Warlock,31-40,176.2,13,71,93.0,Your damage per second is higher than 93% of other Warlocks between levels 31 and 40.
chr_0851,Warlock,31-40,166.7,69,71,92.0,Your damage per second is higher than 92% of other Warlocks between levels 31 and 40.
chr_0450,Warlock,31-40,166.4,73,71,90.0,Your damage per second is higher than 90% of other Warlocks between levels 31 and 40.
chr_0073,Warlock,31-40,166.3,79,71,89.0,Your damage per second is higher than 89% of other Warlocks between levels 31 and 40.
chr_0834,Warlock,31-40,165.3,75,71,87.0,Your damage per second is higher than 87% of other Warlocks between levels 31 and 40.
chr_1016,Warlock,31-40,165.2,68,71,86.0,Your damage per second is higher than 86% of other Warlocks between levels 31 and 40.
chr_1214,Warlock,31-40,165.1,78,71,85.0,Your damage per second is higher than 85% of other Warlocks between levels 31 and 40.
chr_0627,Warlock,31-40,163.5,70,71,83.0,Your damage per second is higher than 83% of other Warlocks between levels 31 and 40.
chr_1638,Warlock,31-40,163.0,79,71,82.0,Your damage per second is higher than 82% of other Warlocks between levels 31 and 40.
chr_1770,Warlock,31-40,162.8,68,71,80.0,Your damage per second is higher than 80% of other Warlocks between levels 31 and 40.
chr_0228,Warlock,31-40,162.7,24,71,79.0,Your damage per second is higher than 79% of other Warlocks between levels 31 and 40.
chr_1011,Warlock,31-40,162.5,72,71,77.0,Your damage per second is higher than 77% of other Warlocks between levels 31 and 40.
chr_1117,Warlock,31-40,162.4,73,71,76.0,Your damage per second is higher than 76% of other Warlocks between levels 31 and 40.
chr_0996,Warlock,31-40,162.4,79,71,75.0,Your damage per second is higher than 75% of other Warlocks between levels 31 and 40.
chr_0005,Warlock,31-40,162.0,69,71,73.0,Your damage per second is higher than 73% of other Warlocks between levels 31 and 40.
chr_0622,Warlock,31-40,162.0,70,71,72.0,Your damage per second is higher than 72% of other Warlocks between levels 31 and 40.
chr_1716,Warlock,31-40,161.9,71,71,70.0,Your damage per second is higher than 70% of other Warlocks between levels 31 and 40.
chr_1674,Warlock,31-40,161.8,74,71,69.0,Your damage per second is higher than 69% of other Warlocks between levels 31 and 40.
chr_0700,Warlock,31-40,161.5,78,71,68.0,Your damage per second is higher than 68% of other Warlocks between levels 31 and 40.
chr_1225,Warlock,31-40,161.4,73,71,66.0,Your damage per second is higher than 66% of other Warlocks between levels 31 and 40.
chr_0840,Warlock,31-40,161.4,76,71,65.0,Your damage per second is higher than 65% of other Warlocks between levels 31 and 40.
chr_1045,Warlock,31-40,160.2,74,71,63.0,Your damage per second is higher than 63% of other Warlocks between levels 31 and 40.
chr_1467,Warlock,31-40,160.0,71,71,62.0,Your damage per second is higher than 62% of other Warlocks between levels 31 and 40.
chr_0131,Warlock,31-40,160.0,73,71,61.0,Your damage per second is higher than 61% of other Warlocks between levels 31 and 40.
chr_1215,Warlock,31-40,159.0,52,71,59.0,Your damage per second is higher than 59% of other Warlocks between levels 31 and 40.
chr_0986,Warlock,31-40,158.7,70,71,58.0,Your damage per second is higher than 58% of other Warlocks between levels 31 and 40.
chr_0017,Warlock,31-40,158.1,69,71,56.0,Your damage per second is higher than 56% of other Warlocks between levels 31 and 40.
chr_1739,Warlock,31-40,158.0,76,71,55.0,Your damage per second is higher than 55% of other Warlocks between levels 31 and 40.
chr_1008,Warlock,31-40,157.9,43,71,54.0,Your damage per second is higher than 54% of other Warlocks between levels 31 and 40.
chr_0313,Warlock,31-40,157.4,77,71,52.0,Your damage per second is higher than 52% of other Warlocks between levels 31 and 40.
chr_1510,Warlock,31-40,157.2,72,71,51.0,Your damage per second is higher than 51% of other Warlocks between levels 31 and 40.
chr_1041,Warlock,31-40,157.0,78,71,49.0,Your damage per second is higher than 49% of other Warlocks between levels 31 and 40.
chr_0843,Warlock,31-40,156.5,75,71,48.0,Your damage per second is higher than 48% of other Warlocks between levels 31 and 40.
chr_0797,Warlock,31-40,156.1,72,71,46.0,Your damage per second is higher than 46% of other Warlocks between levels 31 and 40.
chr_0303,Warlock,31-40,154.3,46,71,45.0,Your damage per second is higher than 45% of other Warlocks between levels 31 and 40.
chr_0496,Warlock,31-40,153.5,26,71,44.0,Your damage per second is higher than 44% of other Warlocks between levels 31 and 40.
chr_0944,Warlock,31-40,153.0,72,71,42.0,Your damage per second is higher than 42% of other Warlocks between levels 31 and 40.
chr_1460,Warlock,31-40,152.8,70,71,41.0,Your damage per second is higher than 41% of other Warlocks between levels 31 and 40.
chr_1520,Warlock,31-40,150.8,59,71,39.0,Your damage per second is higher than 39% of other Warlocks between levels 31 and 40.
chr_0520,Warlock,31-40,149.2,34,71,38.0,Your damage per second is higher than 38% of other Warlocks between levels 31 and 40.
chr_0242,Warlock,31-40,149.1,44,71,37.0,Your damage per second is higher than 37% of other Warlocks between levels 31 and 40.
chr_1193,Warlock,31-40,148.9,23,71,35.0,Your damage per second is higher than 35% of other Warlocks between levels 31 and 40.
chr_0143,Warlock,31-40,148.1,71,71,34.0,Your damage per second is higher than 34% of other Warlocks between levels 31 and 40.
chr_0284,Warlock,31-40,147.9,19,71,32.0,Your damage per second is higher than 32% of other Warlocks between levels 31 and 40.
chr_0612,Warlock,31-40,147.9,70,71,31.0,Your damage per second is higher than 31% of other Warlocks between levels 31 and 40.
chr_1035,Warlock,31-40,147.2,43,71,30.0,Your damage per second is higher than 30% of other Warlocks between levels 31 and 40.
chr_1500,Warlock,31-40,146.5,49,71,28.0,Your damage per second is higher than 28% of other Warlocks between levels 31 and 40.
chr_0963,Warlock,31-40,146.4,73,71,27.0,Your damage per second is higher than 27% of other Warlocks between levels 31 and 40.
chr_0588,Warlock,31-40,145.3,38,71,25.0,Your damage per second is higher than 25% of other Warlocks between levels 31 and 40.
chr_1565,Warlock,31-40,143.4,40,71,24.0,Your damage per second is higher than 24% of other Warlocks between levels 31 and 40.
chr_0013,Warlock,31-40,141.0,24,71,23.0,Your damage per second is higher than 23% of other Warlocks between levels 31 and 40.
chr_1090,Warlock,31-40,140.1,23,71,21.0,Your damage per second is higher than 21% of other Warlocks between levels 31 and 40.
chr_0286,Warlock,31-40,134.7,20,71,20.0,Your damage per second is higher than 20% of other Warlocks between levels 31 and 40.
chr_0063,Warlock,31-40,134.6,37,71,18.0,Your damage per second is higher than 18% of other Warlocks between levels 31 and 40.
chr_1690,Warlock,31-40,134.5,22,71,17.0,Your damage per second is higher than 17% of other Warlocks between levels 31 and 40.
chr_0598,Warlock,31-40,132.2,29,71,15.0,Your damage per second is higher than 15% of other Warlocks between levels 31 and 40.
chr_0162,Warlock,31-40,130.8,24,71,14.0,Your damage per second is higher than 14% of other Warlocks between levels 31 and 40.
chr_1166,Warlock,31-40,130.6,26,71,13.0,Your damage per second is higher than 13% of other Warlocks between levels 31 and 40.
chr_0616,Warlock,31-40,128.9,88,71,11.0,Your damage per second is higher than 11% of other Warlocks between levels 31 and 40.
chr_1736,Warlock,31-40,128.0,28,71,10.0,Your damage per second is higher than 10% of other Warlocks between levels 31 and 40.
chr_0149,Warlock,31-40,127.9,45,71,8.0,Your damage per second is higher than 8% of other Warlocks between levels 31 and 40.
chr_0877,Warlock,31-40,127.8,44,71,7.0,Your damage per second is higher than 7% of other Warlocks between levels 31 and 40.
chr_1067,Warlock,31-40,127.6,51,71,6.0,Your damage per second is higher than 6% of other Warlocks between levels 31 and 40.
chr_1700,Warlock,31-40,122.7,19,71,4.0,Your damage per second is higher than 4% of other Warlocks between levels 31 and 40.
chr_0049,Warlock,31-40,117.9,26,71,3.0,Your damage per second is higher than 3% of other Warlocks between levels 31 and 40.
chr_0669,Warlock,31-40,117.8,62,71,1.0,Your damage per second is higher than 1% of other Warlocks between levels 31 and 40.
chr_0688,Warlock,31-40,109.9,108,71,0.0,Your damage per second is higher than 0% of other Warlocks between levels 31 and 40.
chr_0311,Warlock,41-50,221.8,42,81,100.0,Your damage per second is higher than 100% of other Warlocks between levels 41 and 50.
chr_1168,Warlock,41-50,219.8,33,81,99.0,Your damage per second is higher than 99% of other Warlocks between levels 41 and 50.
chr_0447,Warlock,41-50,218.1,19,81,98.0,Your damage per second is higher than 98% of other Warlocks between levels 41 and 50.
chr_1599,Warlock,41-50,217.6,45,81,96.0,Your damage per second is higher than 96% of other Warlocks between levels 41 and 50.
chr_1305,Warlock,41-50,216.9,41,81,95.0,Your damage per second is higher than 95% of other Warlocks between levels 41 and 50.
chr_1471,Warlock,41-50,216.2,61,81,94.0,Your damage per second is higher than 94% of other Warlocks between levels 41 and 50.
chr_1656,Warlock,41-50,215.9,51,81,93.0,Your damage per second is higher than 93% of other Warlocks between levels 41 and 50.
chr_0294,Warlock,41-50,213.0,35,81,91.0,Your damage per second is higher than 91% of other Warlocks between levels 41 and 50.
chr_1499,Warlock,41-50,208.3,93,81,90.0,Your damage per second is higher than 90% of other Warlocks between levels 41 and 50.
chr_0473,Warlock,41-50,207.0,94,81,89.0,Your damage per second is higher than 89% of other Warlocks between levels 41 and 50.
chr_1574,Warlock,41-50,205.8,94,81,88.0,Your damage per second is higher than 88% of other Warlocks between levels 41 and 50.
chr_0674,Warlock,41-50,205.7,94,81,86.0,Your damage per second is higher than 86% of other Warlocks between levels 41 and 50.
chr_1558,Warlock,41-50,205.7,93,81,85.0,Your damage per second is higher than 85% of other Warlocks between levels 41 and 50.
chr_1002,Warlock,41-50,205.6,81,81,84.0,Your damage per second is higher than 84% of other Warlocks between levels 41 and 50.
chr_0996,Warlock,41-50,205.1,94,81,83.0,Your damage per second is higher than 83% of other Warlocks between levels 41 and 50.
chr_1059,Warlock,41-50,204.5,77,81,81.0,Your damage per second is higher than 81% of other Warlocks between levels 41 and 50.
chr_1596,Warlock,41-50,204.4,93,81,80.0,Your damage per second is higher than 80% of other Warlocks between levels 41 and 50.
chr_0840,Warlock,41-50,204.2,96,81,79.0,Your damage per second is higher than 79% of other Warlocks between levels 41 and 50.
chr_1610,Warlock,41-50,203.8,95,81,77.0,Your damage per second is higher than 77% of other Warlocks between levels 41 and 50.
chr_1557,Warlock,41-50,203.8,91,81,78.0,Your damage per second is higher than 78% of other Warlocks between levels 41 and 50.
chr_0034,Warlock,41-50,203.1,94,81,75.0,Your damage per second is higher than 75% of other Warlocks between levels 41 and 50.
chr_1674,Warlock,41-50,203.0,97,81,74.0,Your damage per second is higher than 74% of other Warlocks between levels 41 and 50.
chr_0181,Warlock,41-50,202.8,94,81,73.0,Your damage per second is higher than 73% of other Warlocks between levels 41 and 50.
chr_0928,Warlock,41-50,202.2,95,81,72.0,Your damage per second is higher than 72% of other Warlocks between levels 41 and 50.
chr_1522,Warlock,41-50,202.0,71,81,70.0,Your damage per second is higher than 70% of other Warlocks between levels 41 and 50.
chr_1117,Warlock,41-50,201.5,98,81,69.0,Your damage per second is higher than 69% of other Warlocks between levels 41 and 50.
chr_1225,Warlock,41-50,201.5,96,81,68.0,Your damage per second is higher than 68% of other Warlocks between levels 41 and 50.
chr_1011,Warlock,41-50,201.4,71,81,67.0,Your damage per second is higher than 67% of other Warlocks between levels 41 and 50.
chr_0612,Warlock,41-50,201.3,94,81,65.0,Your damage per second is higher than 65% of other Warlocks between levels 41 and 50.
chr_0017,Warlock,41-50,201.3,91,81,64.0,Your damage per second is higher than 64% of other Warlocks between levels 41 and 50.
chr_0450,Warlock,41-50,201.0,93,81,63.0,Your damage per second is higher than 63% of other Warlocks between levels 41 and 50.
chr_0963,Warlock,41-50,200.4,94,81,62.0,Your damage per second is higher than 62% of other Warlocks between levels 41 and 50.
chr_0262,Warlock,41-50,200.3,42,81,60.0,Your damage per second is higher than 60% of other Warlocks between levels 41 and 50.
chr_0944,Warlock,41-50,200.2,75,81,59.0,Your damage per second is higher than 59% of other Warlocks between levels 41 and 50.
chr_0843,Warlock,41-50,199.5,97,81,58.0,Your damage per second is higher than 58% of other Warlocks between levels 41 and 50.
chr_1520,Warlock,41-50,198.7,93,81,57.0,Your damage per second is higher than 57% of other Warlocks between levels 41 and 50.
chr_1770,Warlock,41-50,198.5,94,81,56.0,Your damage per second is higher than 56% of other Warlocks between levels 41 and 50.
chr_0700,Warlock,41-50,198.0,94,81,54.0,Your damage per second is higher than 54% of other Warlocks between levels 41 and 50.
chr_0622,Warlock,41-50,197.6,94,81,53.0,Your damage per second is higher than 53% of other Warlocks between levels 41 and 50.
chr_1214,Warlock,41-50,197.5,96,81,52.0,Your damage per second is higher than 52% of other Warlocks between levels 41 and 50.
chr_1739,Warlock,41-50,197.1,97,81,51.0,Your damage per second is higher than 51% of other Warlocks between levels 41 and 50.
chr_1041,Warlock,41-50,196.9,92,81,49.0,Your damage per second is higher than 49% of other Warlocks between levels 41 and 50.
chr_1016,Warlock,41-50,196.5,57,81,48.0,Your damage per second is higher than 48% of other Warlocks between levels 41 and 50.
chr_0851,Warlock,41-50,196.4,62,81,47.0,Your damage per second is higher than 47% of other Warlocks between levels 41 and 50.
chr_0228,Warlock,41-50,196.3,61,81,46.0,Your damage per second is higher than 46% of other Warlocks between levels 41 and 50.
chr_0616,Warlock,41-50,195.9,93,81,44.0,Your damage per second is higher than 44% of other Warlocks between levels 41 and 50.
chr_0073,Warlock,41-50,195.0,59,81,43.0,Your damage per second is higher than 43% of other Warlocks between levels 41 and 50.
chr_0834,Warlock,41-50,194.9,43,81,42.0,Your damage per second is higher than 42% of other Warlocks between levels 41 and 50.
chr_0797,Warlock,41-50,194.6,70,81,41.0,Your damage per second is higher than 41% of other Warlocks between levels 41 and 50.
chr_0313,Warlock,41-50,194.3,94,81,40.0,Your damage per second is higher than 40% of other Warlocks between levels 41 and 50.
chr_1215,Warlock,41-50,192.3,68,81,38.0,Your damage per second is higher than 38% of other Warlocks between levels 41 and 50.
chr_0318,Warlock,41-50,191.1,87,81,37.0,Your damage per second is higher than 37% of other Warlocks between levels 41 and 50.
chr_1716,Warlock,41-50,191.0,47,81,36.0,Your damage per second is higher than 36% of other Warlocks between levels 41 and 50.
chr_1035,Warlock,41-50,190.7,46,81,35.0,Your damage per second is higher than 35% of other Warlocks between levels 41 and 50.
chr_1067,Warlock,41-50,190.2,92,81,33.0,Your damage per second is higher than 33% of other Warlocks between levels 41 and 50.
chr_0143,Warlock,41-50,189.4,95,81,32.0,Your damage per second is higher than 32% of other Warlocks between levels 41 and 50.
chr_1045,Warlock,41-50,188.6,55,81,31.0,Your damage per second is higher than 31% of other Warlocks between levels 41 and 50.
chr_0131,Warlock,41-50,188.3,46,81,30.0,Your damage per second is higher than 30% of other Warlocks between levels 41 and 50.
chr_1008,Warlock,41-50,187.6,67,81,28.0,Your damage per second is higher than 28% of other Warlocks between levels 41 and 50.
chr_1628,Warlock,41-50,187.3,92,81,27.0,Your damage per second is higher than 27% of other Warlocks between levels 41 and 50.
chr_0496,Warlock,41-50,186.7,40,81,26.0,Your damage per second is higher than 26% of other Warlocks between levels 41 and 50.
chr_1166,Warlock,41-50,185.2,34,81,25.0,Your damage per second is higher than 25% of other Warlocks between levels 41 and 50.
chr_1560,Warlock,41-50,184.1,92,81,23.0,Your damage per second is higher than 23% of other Warlocks between levels 41 and 50.
chr_0520,Warlock,41-50,181.4,33,81,22.0,Your damage per second is higher than 22% of other Warlocks between levels 41 and 50.
chr_0588,Warlock,41-50,180.4,48,81,21.0,Your damage per second is higher than 21% of other Warlocks between levels 41 and 50.
chr_0627,Warlock,41-50,180.2,12,81,20.0,Your damage per second is higher than 20% of other Warlocks between levels 41 and 50.
chr_0671,Warlock,41-50,179.0,118,81,19.0,Your damage per second is higher than 19% of other Warlocks between levels 41 and 50.
chr_1467,Warlock,41-50,178.4,10,81,17.0,Your damage per second is higher than 17% of other Warlocks between levels 41 and 50.
chr_1700,Warlock,41-50,167.2,12,81,16.0,Your damage per second is higher than 16% of other Warlocks between levels 41 and 50.
chr_1690,Warlock,41-50,164.4,22,81,15.0,Your damage per second is higher than 15% of other Warlocks between levels 41 and 50.
chr_0149,Warlock,41-50,161.6,70,81,14.0,Your damage per second is higher than 14% of other Warlocks between levels 41 and 50.
chr_1090,Warlock,41-50,161.2,41,81,12.0,Your damage per second is higher than 12% of other Warlocks between levels 41 and 50.
chr_0598,Warlock,41-50,159.6,36,81,11.0,Your damage per second is higher than 11% of other Warlocks between levels 41 and 50.
chr_0055,Warlock,41-50,157.8,72,81,10.0,Your damage per second is higher than 10% of other Warlocks between levels 41 and 50.
chr_0162,Warlock,41-50,156.0,46,81,9.0,Your damage per second is higher than 9% of other Warlocks between levels 41 and 50.
chr_0063,Warlock,41-50,155.0,17,81,7.0,Your damage per second is higher than 7% of other Warlocks between levels 41 and 50.
chr_0242,Warlock,41-50,154.7,104,81,6.0,Your damage per second is higher than 6% of other Warlocks between levels 41 and 50.
chr_1736,Warlock,41-50,153.8,53,81,5.0,Your damage per second is higher than 5% of other Warlocks between levels 41 and 50.
chr_0669,Warlock,41-50,152.2,60,81,4.0,Your damage per second is higher than 4% of other Warlocks between levels 41 and 50.
chr_0688,Warlock,41-50,140.8,79,81,2.0,Your damage per second is higher than 2% of other Warlocks between levels 41 and 50.
chr_0049,Warlock,41-50,136.3,76,81,1.0,Your damage per second is higher than 1% of other Warlocks between levels 41 and 50.
chr_0877,Warlock,41-50,134.0,91,81,0.0,Your damage per second is higher than 0% of other Warlocks between levels 41 and 50.
chr_0260,Warlock,51-60,269.3,11,80,100.0,Your damage per second is higher than 100% of other Warlocks between levels 51 and 60.
chr_1318,Warlock,51-60,264.4,18,80,99.0,Your damage per second is higher than 99% of other Warlocks between levels 51 and 60.
chr_0687,Warlock,51-60,261.5,11,80,98.0,Your damage per second is higher than 98% of other Warlocks between levels 51 and 60.
chr_1457,Warlock,51-60,257.4,53,80,96.0,Your damage per second is higher than 96% of other Warlocks between levels 51 and 60.
chr_0673,Warlock,51-60,255.3,52,80,95.0,Your damage per second is higher than 95% of other Warlocks between levels 51 and 60.
chr_1777,Warlock,51-60,252.9,55,80,94.0,Your damage per second is higher than 94% of other Warlocks between levels 51 and 60.
chr_0753,Warlock,51-60,246.5,95,80,93.0,Your damage per second is higher than 93% of other Warlocks between levels 51 and 60.
chr_0792,Warlock,51-60,245.9,108,80,91.0,Your damage per second is higher than 91% of other Warlocks between levels 51 and 60.
chr_0311,Warlock,51-60,245.5,93,80,90.0,Your damage per second is higher than 90% of other Warlocks between levels 51 and 60.
chr_0450,Warlock,51-60,245.2,96,80,89.0,Your damage per second is higher than 89% of other Warlocks between levels 51 and 60.
chr_1117,Warlock,51-60,245.0,97,80,88.0,Your damage per second is higher than 88% of other Warlocks between levels 51 and 60.
chr_0473,Warlock,51-60,244.7,95,80,86.0,Your damage per second is higher than 86% of other Warlocks between levels 51 and 60.
chr_1599,Warlock,51-60,244.6,101,80,85.0,Your damage per second is higher than 85% of other Warlocks between levels 51 and 60.
chr_0840,Warlock,51-60,244.3,93,80,84.0,Your damage per second is higher than 84% of other Warlocks between levels 51 and 60.
chr_1041,Warlock,51-60,243.6,99,80,83.0,Your damage per second is higher than 83% of other Warlocks between levels 51 and 60.
chr_1168,Warlock,51-60,243.2,95,80,81.0,Your damage per second is higher than 81% of other Warlocks between levels 51 and 60.
chr_1471,Warlock,51-60,243.2,98,80,80.0,Your damage per second is higher than 80% of other Warlocks between levels 51 and 60.
chr_1499,Warlock,51-60,243.2,100,80,79.0,Your damage per second is higher than 79% of other Warlocks between levels 51 and 60.
chr_0700,Warlock,51-60,242.7,95,80,78.0,Your damage per second is higher than 78% of other Warlocks between levels 51 and 60.
chr_1674,Warlock,51-60,242.3,92,80,76.0,Your damage per second is higher than 76% of other Warlocks between levels 51 and 60.
chr_1336,Warlock,51-60,242.3,96,80,75.0,Your damage per second is higher than 75% of other Warlocks between levels 51 and 60.
chr_0674,Warlock,51-60,241.9,90,80,74.0,Your damage per second is higher than 74% of other Warlocks between levels 51 and 60.
chr_1610,Warlock,51-60,241.8,57,80,73.0,Your damage per second is higher than 73% of other Warlocks between levels 51 and 60.
chr_0519,Warlock,51-60,241.8,64,80,71.0,Your damage per second is higher than 71% of other Warlocks between levels 51 and 60.
chr_0447,Warlock,51-60,241.6,102,80,70.0,Your damage per second is higher than 70% of other Warlocks between levels 51 and 60.
chr_1596,Warlock,51-60,241.5,93,80,69.0,Your damage per second is higher than 69% of other Warlocks between levels 51 and 60.
chr_1036,Warlock,51-60,241.4,96,80,68.0,Your damage per second is higher than 68% of other Warlocks between levels 51 and 60.
chr_0843,Warlock,51-60,241.3,89,80,66.0,Your damage per second is higher than 66% of other Warlocks between levels 51 and 60.
chr_1305,Warlock,51-60,241.1,94,80,65.0,Your damage per second is higher than 65% of other Warlocks between levels 51 and 60.
chr_0228,Warlock,51-60,241.0,95,80,64.0,Your damage per second is higher than 64% of other Warlocks between levels 51 and 60.
chr_1557,Warlock,51-60,241.0,90,80,63.0,Your damage per second is higher than 63% of other Warlocks between levels 51 and 60.
chr_1002,Warlock,51-60,240.4,88,80,61.0,Your damage per second is higher than 61% of other Warlocks between levels 51 and 60.
chr_0294,Warlock,51-60,240.3,101,80,60.0,Your damage per second is higher than 60% of other Warlocks between levels 51 and 60.
chr_0851,Warlock,51-60,240.1,69,80,59.0,Your damage per second is higher than 59% of other Warlocks between levels 51 and 60.
chr_0996,Warlock,51-60,239.4,97,80,58.0,Your damage per second is higher than 58% of other Warlocks between levels 51 and 60.
chr_0262,Warlock,51-60,239.3,95,80,56.0,Your damage per second is higher than 56% of other Warlocks between levels 51 and 60.
chr_1656,Warlock,51-60,238.8,100,80,55.0,Your damage per second is higher than 55% of other Warlocks between levels 51 and 60.
chr_0298,Warlock,51-60,238.7,89,80,54.0,Your damage per second is higher than 54% of other Warlocks between levels 51 and 60.
chr_0928,Warlock,51-60,238.5,88,80,53.0,Your damage per second is higher than 53% of other Warlocks between levels 51 and 60.
chr_1059,Warlock,51-60,238.5,91,80,51.0,Your damage per second is higher than 51% of other Warlocks between levels 51 and 60.
chr_0181,Warlock,51-60,238.4,103,80,50.0,Your damage per second is higher than 50% of other Warlocks between levels 51 and 60.
chr_0612,Warlock,51-60,238.4,108,80,49.0,Your damage per second is higher than 49% of other Warlocks between levels 51 and 60.
chr_0017,Warlock,51-60,237.8,90,80,48.0,Your damage per second is higher than 48% of other Warlocks between levels 51 and 60.
chr_1011,Warlock,51-60,236.4,55,80,46.0,Your damage per second is higher than 46% of other Warlocks between levels 51 and 60.
chr_0318,Warlock,51-60,234.9,79,80,45.0,Your damage per second is higher than 45% of other Warlocks between levels 51 and 60.
chr_0143,Warlock,51-60,234.0,96,80,44.0,Your damage per second is higher than 44% of other Warlocks between levels 51 and 60.
chr_0671,Warlock,51-60,233.6,116,80,43.0,Your damage per second is higher than 43% of other Warlocks between levels 51 and 60.
chr_1558,Warlock,51-60,233.4,56,80,41.0,Your damage per second is higher than 41% of other Warlocks between levels 51 and 60.
chr_1574,Warlock,51-60,233.3,51,80,40.0,Your damage per second is higher than 40% of other Warlocks between levels 51 and 60.
chr_1008,Warlock,51-60,232.3,90,80,39.0,Your damage per second is higher than 39% of other Warlocks between levels 51 and 60.
chr_1225,Warlock,51-60,232.3,44,80,38.0,Your damage per second is higher than 38% of other Warlocks between levels 51 and 60.
chr_0963,Warlock,51-60,231.4,75,80,36.0,Your damage per second is higher than 36% of other Warlocks between levels 51 and 60.
chr_0149,Warlock,51-60,230.9,47,80,35.0,Your damage per second is higher than 35% of other Warlocks between levels 51 and 60.
chr_1560,Warlock,51-60,229.1,92,80,34.0,Your damage per second is higher than 34% of other Warlocks between levels 51 and 60.
chr_1215,Warlock,51-60,228.9,59,80,33.0,Your damage per second is higher than 33% of other Warlocks between levels 51 and 60.
chr_1045,Warlock,51-60,228.5,77,80,31.0,Your damage per second is higher than 31% of other Warlocks between levels 51 and 60.
chr_1770,Warlock,51-60,226.8,53,80,30.0,Your damage per second is higher than 30% of other Warlocks between levels 51 and 60.
chr_0622,Warlock,51-60,226.2,44,80,29.0,Your damage per second is higher than 29% of other Warlocks between levels 51 and 60.
chr_1628,Warlock,51-60,225.5,96,80,28.0,Your damage per second is higher than 28% of other Warlocks between levels 51 and 60.
chr_1739,Warlock,51-60,225.5,31,80,26.0,Your damage per second is higher than 26% of other Warlocks between levels 51 and 60.
chr_1035,Warlock,51-60,224.7,45,80,25.0,Your damage per second is higher than 25% of other Warlocks between levels 51 and 60.
chr_0313,Warlock,51-60,224.7,21,80,24.0,Your damage per second is higher than 24% of other Warlocks between levels 51 and 60.
chr_0496,Warlock,51-60,223.2,60,80,23.0,Your damage per second is higher than 23% of other Warlocks between levels 51 and 60.
chr_1214,Warlock,51-60,222.2,27,80,21.0,Your damage per second is higher than 21% of other Warlocks between levels 51 and 60.
chr_0276,Warlock,51-60,221.8,102,80,20.0,Your damage per second is higher than 20% of other Warlocks between levels 51 and 60.
chr_0588,Warlock,51-60,221.0,38,80,19.0,Your damage per second is higher than 19% of other Warlocks between levels 51 and 60.
chr_0034,Warlock,51-60,220.8,102,80,18.0,Your damage per second is higher than 18% of other Warlocks between levels 51 and 60.
chr_1166,Warlock,51-60,219.5,49,80,16.0,Your damage per second is higher than 16% of other Warlocks between levels 51 and 60.
chr_1067,Warlock,51-60,218.8,89,80,15.0,Your damage per second is higher than 15% of other Warlocks between levels 51 and 60.
chr_1520,Warlock,51-60,217.0,17,80,14.0,Your damage per second is higher than 14% of other Warlocks between levels 51 and 60.
chr_0616,Warlock,51-60,214.4,18,80,13.0,Your damage per second is higher than 13% of other Warlocks between levels 51 and 60.
chr_0055,Warlock,51-60,212.2,50,80,11.0,Your damage per second is higher than 11% of other Warlocks between levels 51 and 60.
chr_0242,Warlock,51-60,211.9,67,80,10.0,Your damage per second is higher than 10% of other Warlocks between levels 51 and 60.
chr_0162,Warlock,51-60,200.4,53,80,9.0,Your damage per second is higher than 9% of other Warlocks between levels 51 and 60.
chr_0669,Warlock,51-60,196.7,43,80,8.0,Your damage per second is higher than 8% of other Warlocks between levels 51 and 60.
chr_0877,Warlock,51-60,196.3,93,80,6.0,Your damage per second is higher than 6% of other Warlocks between levels 51 and 60.
chr_0598,Warlock,51-60,192.3,52,80,5.0,Your damage per second is higher than 5% of other Warlocks between levels 51 and 60.
chr_1736,Warlock,51-60,191.6,52,80,4.0,Your damage per second is higher than 4% of other Warlocks between levels 51 and 60.
chr_0049,Warlock,51-60,188.2,45,80,3.0,Your damage per second is higher than 3% of other Warlocks between levels 51 and 60.
chr_0688,Warlock,51-60,175.9,97,80,1.0,Your damage per second is higher than 1% of other Warlocks between levels 51 and 60.
chr_1090,Warlock,51-60,172.5,76,80,0.0,Your damage per second is higher than 0% of other Warlocks between levels 51 and 60.
chr_1156,Warlock,61-70,309.2,237,91,100.0,Your damage per second is higher than 100% of other Warlocks between levels 61 and 70.
chr_1384,Warlock,61-70,306.4,224,91,99.0,Your damage per second is higher than 99% of other Warlocks between levels 61 and 70.
chr_0996,Warlock,61-70,306.3,1441,91,98.0,Your damage per second is higher than 98% of other Warlocks between levels 61 and 70.
chr_1720,Warlock,61-70,306.1,2302,91,97.0,Your damage per second is higher than 97% of other Warlocks between levels 61 and 70.
chr_0563,Warlock,61-70,305.9,1994,91,96.0,Your damage per second is higher than 96% of other Warlocks between levels 61 and 70.
chr_0866,Warlock,61-70,305.6,2677,91,95.0,Your damage per second is higher than 95% of other Warlocks between levels 61 and 70.
chr_0666,Warlock,61-70,305.3,1827,91,93.0,Your damage per second is higher than 93% of other Warlocks between levels 61 and 70.
chr_0647,Warlock,61-70,305.1,175,91,92.0,Your damage per second is higher than 92% of other Warlocks between levels 61 and 70.
chr_1471,Warlock,61-70,305.1,2113,91,91.0,Your damage per second is higher than 91% of other Warlocks between levels 61 and 70.
chr_1336,Warlock,61-70,305.0,2140,91,90.0,Your damage per second is higher than 90% of other Warlocks between levels 61 and 70.
chr_1633,Warlock,61-70,304.6,258,91,89.0,Your damage per second is higher than 89% of other Warlocks between levels 61 and 70.
chr_0840,Warlock,61-70,303.9,1370,91,88.0,Your damage per second is higher than 88% of other Warlocks between levels 61 and 70.
chr_1168,Warlock,61-70,303.7,585,91,87.0,Your damage per second is higher than 87% of other Warlocks between levels 61 and 70.
chr_1656,Warlock,61-70,303.5,435,91,86.0,Your damage per second is higher than 86% of other Warlocks between levels 61 and 70.
chr_0674,Warlock,61-70,302.4,336,91,85.0,Your damage per second is higher than 85% of other Warlocks between levels 61 and 70.
chr_1777,Warlock,61-70,301.9,645,91,84.0,Your damage per second is higher than 84% of other Warlocks between levels 61 and 70.
chr_1303,Warlock,61-70,301.3,190,91,82.0,Your damage per second is higher than 82% of other Warlocks between levels 61 and 70.
chr_1599,Warlock,61-70,301.3,406,91,81.0,Your damage per second is higher than 81% of other Warlocks between levels 61 and 70.
chr_0473,Warlock,61-70,301.2,504,91,80.0,Your damage per second is higher than 80% of other Warlocks between levels 61 and 70.
chr_0843,Warlock,61-70,300.5,359,91,79.0,Your damage per second is higher than 79% of other Warlocks between levels 61 and 70.
chr_1065,Warlock,61-70,300.5,279,91,78.0,Your damage per second is higher than 78% of other Warlocks between levels 61 and 70.
chr_1596,Warlock,61-70,300.5,333,91,77.0,Your damage per second is higher than 77% of other Warlocks between levels 61 and 70.
chr_1457,Warlock,61-70,300.3,524,91,76.0,Your damage per second is higher than 76% of other Warlocks between levels 61 and 70.
chr_0496,Warlock,61-70,299.5,409,91,75.0,Your damage per second is higher than 75% of other Warlocks between levels 61 and 70.
chr_0348,Warlock,61-70,299.2,271,91,74.0,Your damage per second is higher than 74% of other Warlocks between levels 61 and 70.
chr_1008,Warlock,61-70,299.2,437,91,73.0,Your damage per second is higher than 73% of other Warlocks between levels 61 and 70.
chr_0181,Warlock,61-70,298.6,369,91,71.0,Your damage per second is higher than 71% of other Warlocks between levels 61 and 70.
chr_0228,Warlock,61-70,298.2,1754,91,70.0,Your damage per second is higher than 70% of other Warlocks between levels 61 and 70.
chr_0960,Warlock,61-70,297.9,2004,91,69.0,Your damage per second is higher than 69% of other Warlocks between levels 61 and 70.
chr_0673,Warlock,61-70,297.3,216,91,68.0,Your damage per second is higher than 68% of other Warlocks between levels 61 and 70.
chr_1318,Warlock,61-70,297.2,270,91,67.0,Your damage per second is higher than 67% of other Warlocks between levels 61 and 70.
chr_0447,Warlock,61-70,296.1,404,91,66.0,Your damage per second is higher than 66% of other Warlocks between levels 61 and 70.
chr_1045,Warlock,61-70,295.9,287,91,65.0,Your damage per second is higher than 65% of other Warlocks between levels 61 and 70.
chr_1093,Warlock,61-70,295.5,231,91,64.0,Your damage per second is higher than 64% of other Warlocks between levels 61 and 70.
chr_0311,Warlock,61-70,295.1,239,91,63.0,Your damage per second is higher than 63% of other Warlocks between levels 61 and 70.
chr_0928,Warlock,61-70,295.1,253,91,62.0,Your damage per second is higher than 62% of other Warlocks between levels 61 and 70.
chr_1080,Warlock,61-70,295.0,163,91,60.0,Your damage per second is higher than 60% of other Warlocks between levels 61 and 70.
chr_1002,Warlock,61-70,294.3,2233,91,59.0,Your damage per second is higher than 59% of other Warlocks between levels 61 and 70.
chr_0294,Warlock,61-70,294.1,251,91,58.0,Your damage per second is higher than 58% of other Warlocks between levels 61 and 70.
chr_1035,Warlock,61-70,293.5,1822,91,57.0,Your damage per second is higher than 57% of other Warlocks between levels 61 and 70.
chr_0908,Warlock,61-70,293.3,144,91,56.0,Your damage per second is higher than 56% of other Warlocks between levels 61 and 70.
chr_0246,Warlock,61-70,292.1,144,91,55.0,Your damage per second is higher than 55% of other Warlocks between levels 61 and 70.
chr_1011,Warlock,61-70,291.8,1344,91,54.0,Your damage per second is higher than 54% of other Warlocks between levels 61 and 70.
chr_0143,Warlock,61-70,291.0,2013,91,53.0,Your damage per second is higher than 53% of other Warlocks between levels 61 and 70.
chr_1305,Warlock,61-70,290.7,583,91,52.0,Your damage per second is higher than 52% of other Warlocks between levels 61 and 70.
chr_1059,Warlock,61-70,289.7,1623,91,51.0,Your damage per second is higher than 51% of other Warlocks between levels 61 and 70.
chr_1215,Warlock,61-70,289.3,489,91,49.0,Your damage per second is higher than 49% of other Warlocks between levels 61 and 70.
chr_0792,Warlock,61-70,289.2,612,91,48.0,Your damage per second is higher than 48% of other Warlocks between levels 61 and 70.
chr_0612,Warlock,61-70,288.9,183,91,47.0,Your damage per second is higher than 47% of other Warlocks between levels 61 and 70.
chr_0262,Warlock,61-70,287.1,103,91,46.0,Your damage per second is higher than 46% of other Warlocks between levels 61 and 70.
chr_0851,Warlock,61-70,287.0,145,91,45.0,Your damage per second is higher than 45% of other Warlocks between levels 61 and 70.
chr_0519,Warlock,61-70,287.0,180,91,44.0,Your damage per second is higher than 44% of other Warlocks between levels 61 and 70.
chr_1041,Warlock,61-70,286.7,111,91,43.0,Your damage per second is higher than 43% of other Warlocks between levels 61 and 70.
chr_1444,Warlock,61-70,285.3,779,91,42.0,Your damage per second is higher than 42% of other Warlocks between levels 61 and 70.
chr_0242,Warlock,61-70,283.8,360,91,41.0,Your damage per second is higher than 41% of other Warlocks between levels 61 and 70.
chr_0017,Warlock,61-70,282.9,1882,91,40.0,Your damage per second is higher than 40% of other Warlocks between levels 61 and 70.
chr_1328,Warlock,61-70,281.7,46,91,38.0,Your damage per second is higher than 38% of other Warlocks between levels 61 and 70.
chr_0034,Warlock,61-70,281.6,1859,91,37.0,Your damage per second is higher than 37% of other Warlocks between levels 61 and 70.
chr_0318,Warlock,61-70,279.7,2006,91,36.0,Your damage per second is higher than 36% of other Warlocks between levels 61 and 70.
chr_1628,Warlock,61-70,277.6,2303,91,35.0,Your damage per second is higher than 35% of other Warlocks between levels 61 and 70.
chr_1675,Warlock,61-70,277.6,368,91,34.0,Your damage per second is higher than 34% of other Warlocks between levels 61 and 70.
chr_0074,Warlock,61-70,276.6,2417,91,33.0,Your damage per second is higher than 33% of other Warlocks between levels 61 and 70.
chr_1560,Warlock,61-70,275.9,2132,91,32.0,Your damage per second is higher than 32% of other Warlocks between levels 61 and 70.
chr_0260,Warlock,61-70,275.2,1557,91,31.0,Your damage per second is higher than 31% of other Warlocks between levels 61 and 70.
chr_1207,Warlock,61-70,275.1,72,91,30.0,Your damage per second is higher than 30% of other Warlocks between levels 61 and 70.
chr_0753,Warlock,61-70,274.6,59,91,29.0,Your damage per second is higher than 29% of other Warlocks between levels 61 and 70.
chr_0671,Warlock,61-70,272.5,2271,91,27.0,Your damage per second is higher than 27% of other Warlocks between levels 61 and 70.
chr_0450,Warlock,61-70,272.4,68,91,26.0,Your damage per second is higher than 26% of other Warlocks between levels 61 and 70.
chr_1067,Warlock,61-70,271.9,2660,91,25.0,Your damage per second is higher than 25% of other Warlocks between levels 61 and 70.
chr_0276,Warlock,61-70,271.7,1963,91,24.0,Your damage per second is higher than 24% of other Warlocks between levels 61 and 70.
chr_0149,Warlock,61-70,271.6,2164,91,23.0,Your damage per second is higher than 23% of other Warlocks between levels 61 and 70.
chr_1096,Warlock,61-70,270.5,1827,91,22.0,Your damage per second is higher than 22% of other Warlocks between levels 61 and 70.
chr_0718,Warlock,61-70,270.2,45,91,21.0,Your damage per second is higher than 21% of other Warlocks between levels 61 and 70.
chr_0774,Warlock,61-70,269.6,812,91,20.0,Your damage per second is higher than 20% of other Warlocks between levels 61 and 70.
chr_0687,Warlock,61-70,269.0,601,91,19.0,Your damage per second is higher than 19% of other Warlocks between levels 61 and 70.
chr_0700,Warlock,61-70,268.5,55,91,18.0,Your damage per second is higher than 18% of other Warlocks between levels 61 and 70.
chr_1036,Warlock,61-70,267.1,130,91,16.0,Your damage per second is higher than 16% of other Warlocks between levels 61 and 70.
chr_1085,Warlock,61-70,267.0,585,91,15.0,Your damage per second is higher than 15% of other Warlocks between levels 61 and 70.
chr_1674,Warlock,61-70,265.4,43,91,14.0,Your damage per second is higher than 14% of other Warlocks between levels 61 and 70.
chr_0877,Warlock,61-70,262.7,937,91,13.0,Your damage per second is higher than 13% of other Warlocks between levels 61 and 70.
chr_0298,Warlock,61-70,261.5,267,91,12.0,Your damage per second is higher than 12% of other Warlocks between levels 61 and 70.
chr_1166,Warlock,61-70,261.0,631,91,11.0,Your damage per second is higher than 11% of other Warlocks between levels 61 and 70.
chr_1610,Warlock,61-70,259.1,35,91,10.0,Your damage per second is higher than 10% of other Warlocks between levels 61 and 70.
chr_0308,Warlock,61-70,258.9,307,91,9.0,Your damage per second is higher than 9% of other Warlocks between levels 61 and 70.
chr_0049,Warlock,61-70,253.6,357,91,8.0,Your damage per second is higher than 8% of other Warlocks between levels 61 and 70.
chr_0688,Warlock,61-70,250.5,375,91,7.0,Your damage per second is higher than 7% of other Warlocks between levels 61 and 70.
chr_0669,Warlock,61-70,243.3,559,91,5.0,Your damage per second is higher than 5% of other Warlocks between levels 61 and 70.
chr_0598,Warlock,61-70,237.7,566,91,4.0,Your damage per second is higher than 4% of other Warlocks between levels 61 and 70.
chr_1736,Warlock,61-70,226.6,240,91,3.0,Your damage per second is higher than 3% of other Warlocks between levels 61 and 70.
chr_0055,Warlock,61-70,217.1,15,91,2.0,Your damage per second is higher than 2% of other Warlocks between levels 61 and 70.
chr_1090,Warlock,61-70,212.4,14,91,1.0,Your damage per second is higher than 1% of other Warlocks between levels 61 and 70.
chr_0162,Warlock,61-70,203.2,10,91,0.0,Your damage per second is higher than 0% of other Warlocks between levels 61 and 70.
chr_0599,Warrior,1-10,54.9,25,24,100.0,Your damage per second is higher than 100% of other Warriors between levels 1 and 10.
chr_1731,Warrior,1-10,53.2,25,24,96.0,Your damage per second is higher than 96% of other Warriors between levels 1 and 10.
chr_0015,Warrior,1-10,44.5,36,24,92.0,Your damage per second is higher than 92% of other Warriors between levels 1 and 10.
chr_0127,Warrior,1-10,43.9,45,24,88.0,Your damage per second is higher than 88% of other Warriors between levels 1 and 10.
chr_0959,Warrior,1-10,42.8,46,24,83.0,Your damage per second is higher than 83% of other Warriors between levels 1 and 10.
chr_0436,Warrior,1-10,42.5,49,24,79.0,Your damage per second is higher than 79% of other Warriors between levels 1 and 10.
chr_1440,Warrior,1-10,42.4,49,24,75.0,Your damage per second is higher than 75% of other Warriors between levels 1 and 10.
chr_1137,Warrior,1-10,42.4,48,24,71.0,Your damage per second is higher than 71% of other Warriors between levels 1 and 10.
chr_1479,Warrior,1-10,42.0,49,24,67.0,Your damage per second is higher than 67% of other Warriors between levels 1 and 10.
chr_0993,Warrior,1-10,41.8,47,24,63.0,Your damage per second is higher than 63% of other Warriors between levels 1 and 10.
chr_0869,Warrior,1-10,41.6,51,24,58.0,Your damage per second is higher than 58% of other Warriors between levels 1 and 10.
chr_0234,Warrior,1-10,41.5,46,24,54.0,Your damage per second is higher than 54% of other Warriors between levels 1 and 10.
chr_1312,Warrior,1-10,41.4,48,24,50.0,Your damage per second is higher than 50% of other Warriors between levels 1 and 10.
chr_0075,Warrior,1-10,41.1,47,24,46.0,Your damage per second is higher than 46% of other Warriors between levels 1 and 10.
chr_1001,Warrior,1-10,40.8,48,24,42.0,Your damage per second is higher than 42% of other Warriors between levels 1 and 10.
chr_0445,Warrior,1-10,40.7,51,24,38.0,Your damage per second is higher than 38% of other Warriors between levels 1 and 10.
chr_0901,Warrior,1-10,40.7,49,24,33.0,Your damage per second is higher than 33% of other Warriors between levels 1 and 10.
chr_0258,Warrior,1-10,40.6,15,24,29.0,Your damage per second is higher than 29% of other Warriors between levels 1 and 10.
chr_1003,Warrior,1-10,40.5,49,24,25.0,Your damage per second is higher than 25% of other Warriors between levels 1 and 10.
chr_0549,Warrior,1-10,40.4,49,24,21.0,Your damage per second is higher than 21% of other Warriors between levels 1 and 10.
chr_1404,Warrior,1-10,40.3,51,24,17.0,Your damage per second is higher than 17% of other Warriors between levels 1 and 10.
chr_0548,Warrior,1-10,39.9,48,24,13.0,Your damage per second is higher than 13% of other Warriors between levels 1 and 10.
chr_0235,Warrior,1-10,39.5,45,24,8.0,Your damage per second is higher than 8% of other Warriors between levels 1 and 10.
chr_1494,Warrior,1-10,33.1,37,24,4.0,Your damage per second is higher than 4% of other Warriors between levels 1 and 10.
chr_0025,Warrior,1-10,32.7,24,24,0.0,Your damage per second is higher than 0% of other Warriors between levels 1 and 10.
chr_1158,Warrior,11-20,104.7,12,35,100.0,Your damage per second is higher than 100% of other Warriors between levels 11 and 20.
chr_0629,Warrior,11-20,98.9,25,35,97.0,Your damage per second is higher than 97% of other Warriors between levels 11 and 20.
chr_1293,Warrior,11-20,98.2,22,35,94.0,Your damage per second is higher than 94% of other Warriors between levels 11 and 20.
chr_1076,Warrior,11-20,85.3,20,35,91.0,Your damage per second is higher than 91% of other Warriors between levels 11 and 20.
chr_1235,Warrior,11-20,83.4,34,35,89.0,Your damage per second is higher than 89% of other Warriors between levels 11 and 20.
chr_1479,Warrior,11-20,81.2,58,35,86.0,Your damage per second is higher than 86% of other Warriors between levels 11 and 20.
chr_0116,Warrior,11-20,80.8,60,35,83.0,Your damage per second is higher than 83% of other Warriors between levels 11 and 20.
chr_0127,Warrior,11-20,79.1,58,35,80.0,Your damage per second is higher than 80% of other Warriors between levels 11 and 20.
chr_1003,Warrior,11-20,79.0,58,35,77.0,Your damage per second is higher than 77% of other Warriors between levels 11 and 20.
chr_0869,Warrior,11-20,78.9,58,35,74.0,Your damage per second is higher than 74% of other Warriors between levels 11 and 20.
chr_0548,Warrior,11-20,78.9,60,35,71.0,Your damage per second is higher than 71% of other Warriors between levels 11 and 20.
chr_1001,Warrior,11-20,78.5,57,35,69.0,Your damage per second is higher than 69% of other Warriors between levels 11 and 20.
chr_0959,Warrior,11-20,78.0,59,35,66.0,Your damage per second is higher than 66% of other Warriors between levels 11 and 20.
chr_0015,Warrior,11-20,77.9,56,35,63.0,Your damage per second is higher than 63% of other Warriors between levels 11 and 20.
chr_0595,Warrior,11-20,77.9,21,35,60.0,Your damage per second is higher than 60% of other Warriors between levels 11 and 20.
chr_0075,Warrior,11-20,77.8,60,35,57.0,Your damage per second is higher than 57% of other Warriors between levels 11 and 20.
chr_0599,Warrior,11-20,77.3,59,35,54.0,Your damage per second is higher than 54% of other Warriors between levels 11 and 20.
chr_0993,Warrior,11-20,77.2,58,35,51.0,Your damage per second is higher than 51% of other Warriors between levels 11 and 20.
chr_1731,Warrior,11-20,77.2,58,35,49.0,Your damage per second is higher than 49% of other Warriors between levels 11 and 20.
chr_0626,Warrior,11-20,77.0,36,35,46.0,Your damage per second is higher than 46% of other Warriors between levels 11 and 20.
chr_0436,Warrior,11-20,76.9,59,35,43.0,Your damage per second is higher than 43% of other Warriors between levels 11 and 20.
chr_1137,Warrior,11-20,76.8,58,35,40.0,Your damage per second is higher than 40% of other Warriors between levels 11 and 20.
chr_1312,Warrior,11-20,76.3,59,35,37.0,Your damage per second is higher than 37% of other Warriors between levels 11 and 20.
chr_0234,Warrior,11-20,76.3,59,35,34.0,Your damage per second is higher than 34% of other Warriors between levels 11 and 20.
chr_1440,Warrior,11-20,76.3,58,35,31.0,Your damage per second is higher than 31% of other Warriors between levels 11 and 20.
chr_0462,Warrior,11-20,75.9,16,35,29.0,Your damage per second is higher than 29% of other Warriors between levels 11 and 20.
chr_0549,Warrior,11-20,75.9,59,35,26.0,Your damage per second is higher than 26% of other Warriors between levels 11 and 20.
chr_0445,Warrior,11-20,75.0,59,35,23.0,Your damage per second is higher than 23% of other Warriors between levels 11 and 20.
chr_0258,Warrior,11-20,73.1,53,35,20.0,Your damage per second is higher than 20% of other Warriors between levels 11 and 20.
chr_1404,Warrior,11-20,72.9,60,35,17.0,Your damage per second is higher than 17% of other Warriors between levels 11 and 20.
chr_0901,Warrior,11-20,71.5,58,35,14.0,Your damage per second is higher than 14% of other Warriors between levels 11 and 20.
chr_0661,Warrior,11-20,68.2,16,35,11.0,Your damage per second is higher than 11% of other Warriors between levels 11 and 20.
chr_1494,Warrior,11-20,65.0,58,35,9.0,Your damage per second is higher than 9% of other Warriors between levels 11 and 20.
chr_0857,Warrior,11-20,48.0,28,35,6.0,Your damage per second is higher than 6% of other Warriors between levels 11 and 20.
chr_1072,Warrior,11-20,46.4,45,35,3.0,Your damage per second is higher than 3% of other Warriors between levels 11 and 20.
chr_1033,Warrior,11-20,37.6,21,35,0.0,Your damage per second is higher than 0% of other Warriors between levels 11 and 20.
chr_0389,Warrior,21-30,134.8,40,56,100.0,Your damage per second is higher than 100% of other Warriors between levels 21 and 30.
chr_1344,Warrior,21-30,133.5,38,56,98.0,Your damage per second is higher than 98% of other Warriors between levels 21 and 30.
chr_1634,Warrior,21-30,133.1,37,56,96.0,Your damage per second is higher than 96% of other Warriors between levels 21 and 30.
chr_1601,Warrior,21-30,132.2,14,56,95.0,Your damage per second is higher than 95% of other Warriors between levels 21 and 30.
chr_1106,Warrior,21-30,132.1,45,56,93.0,Your damage per second is higher than 93% of other Warriors between levels 21 and 30.
chr_0310,Warrior,21-30,130.9,22,56,91.0,Your damage per second is higher than 91% of other Warriors between levels 21 and 30.
chr_0705,Warrior,21-30,130.7,19,56,89.0,Your damage per second is higher than 89% of other Warriors between levels 21 and 30.
chr_0059,Warrior,21-30,130.1,53,56,88.0,Your damage per second is higher than 88% of other Warriors between levels 21 and 30.
chr_0042,Warrior,21-30,129.1,46,56,86.0,Your damage per second is higher than 86% of other Warriors between levels 21 and 30.
chr_0407,Warrior,21-30,128.0,14,56,84.0,Your damage per second is higher than 84% of other Warriors between levels 21 and 30.
chr_1622,Warrior,21-30,127.8,26,56,82.0,Your damage per second is higher than 82% of other Warriors between levels 21 and 30.
chr_0396,Warrior,21-30,126.8,70,56,80.0,Your damage per second is higher than 80% of other Warriors between levels 21 and 30.
chr_1569,Warrior,21-30,126.1,61,56,79.0,Your damage per second is higher than 79% of other Warriors between levels 21 and 30.
chr_0695,Warrior,21-30,126.0,70,56,77.0,Your damage per second is higher than 77% of other Warriors between levels 21 and 30.
chr_1033,Warrior,21-30,125.6,53,56,75.0,Your damage per second is higher than 75% of other Warriors between levels 21 and 30.
chr_1158,Warrior,21-30,124.8,68,56,73.0,Your damage per second is higher than 73% of other Warriors between levels 21 and 30.
chr_1293,Warrior,21-30,124.2,70,56,71.0,Your damage per second is higher than 71% of other Warriors between levels 21 and 30.
chr_1589,Warrior,21-30,124.1,62,56,70.0,Your damage per second is higher than 70% of other Warriors between levels 21 and 30.
chr_0234,Warrior,21-30,124.0,68,56,68.0,Your damage per second is higher than 68% of other Warriors between levels 21 and 30.
chr_1731,Warrior,21-30,123.7,71,56,66.0,Your damage per second is higher than 66% of other Warriors between levels 21 and 30.
chr_0882,Warrior,21-30,123.7,70,56,64.0,Your damage per second is higher than 64% of other Warriors between levels 21 and 30.
chr_1352,Warrior,21-30,123.7,70,56,63.0,Your damage per second is higher than 63% of other Warriors between levels 21 and 30.
chr_1479,Warrior,21-30,123.2,70,56,61.0,Your damage per second is higher than 61% of other Warriors between levels 21 and 30.
chr_0993,Warrior,21-30,122.7,69,56,59.0,Your damage per second is higher than 59% of other Warriors between levels 21 and 30.
chr_0060,Warrior,21-30,122.4,29,56,57.0,Your damage per second is higher than 57% of other Warriors between levels 21 and 30.
chr_0940,Warrior,21-30,122.3,69,56,55.0,Your damage per second is higher than 55% of other Warriors between levels 21 and 30.
chr_0819,Warrior,21-30,121.9,71,56,54.0,Your damage per second is higher than 54% of other Warriors between levels 21 and 30.
chr_1003,Warrior,21-30,121.8,69,56,52.0,Your damage per second is higher than 52% of other Warriors between levels 21 and 30.
chr_1139,Warrior,21-30,121.8,70,56,50.0,Your damage per second is higher than 50% of other Warriors between levels 21 and 30.
chr_0629,Warrior,21-30,121.2,68,56,48.0,Your damage per second is higher than 48% of other Warriors between levels 21 and 30.
chr_1001,Warrior,21-30,120.5,70,56,46.0,Your damage per second is higher than 46% of other Warriors between levels 21 and 30.
chr_0549,Warrior,21-30,119.8,70,56,45.0,Your damage per second is higher than 45% of other Warriors between levels 21 and 30.
chr_0436,Warrior,21-30,119.6,68,56,43.0,Your damage per second is higher than 43% of other Warriors between levels 21 and 30.
chr_1312,Warrior,21-30,119.6,73,56,41.0,Your damage per second is higher than 41% of other Warriors between levels 21 and 30.
chr_0959,Warrior,21-30,119.6,72,56,39.0,Your damage per second is higher than 39% of other Warriors between levels 21 and 30.
chr_0015,Warrior,21-30,119.3,53,56,38.0,Your damage per second is higher than 38% of other Warriors between levels 21 and 30.
chr_1440,Warrior,21-30,119.1,72,56,36.0,Your damage per second is higher than 36% of other Warriors between levels 21 and 30.
chr_0548,Warrior,21-30,118.7,68,56,34.0,Your damage per second is higher than 34% of other Warriors between levels 21 and 30.
chr_1076,Warrior,21-30,118.1,47,56,32.0,Your damage per second is higher than 32% of other Warriors between levels 21 and 30.
chr_0599,Warrior,21-30,117.4,69,56,30.0,Your damage per second is higher than 30% of other Warriors between levels 21 and 30.
chr_1137,Warrior,21-30,117.2,70,56,29.0,Your damage per second is higher than 29% of other Warriors between levels 21 and 30.
chr_0869,Warrior,21-30,116.8,70,56,27.0,Your damage per second is higher than 27% of other Warriors between levels 21 and 30.
chr_1404,Warrior,21-30,115.8,71,56,25.0,Your damage per second is higher than 25% of other Warriors between levels 21 and 30.
chr_0445,Warrior,21-30,115.7,71,56,23.0,Your damage per second is higher than 23% of other Warriors between levels 21 and 30.
chr_0626,Warrior,21-30,115.0,69,56,21.0,Your damage per second is higher than 21% of other Warriors between levels 21 and 30.
chr_0075,Warrior,21-30,114.9,67,56,20.0,Your damage per second is higher than 20% of other Warriors between levels 21 and 30.
chr_0127,Warrior,21-30,113.1,38,56,18.0,Your damage per second is higher than 18% of other Warriors between levels 21 and 30.
chr_0595,Warrior,21-30,109.5,38,56,16.0,Your damage per second is higher than 16% of other Warriors between levels 21 and 30.
chr_0901,Warrior,21-30,109.5,50,56,14.0,Your damage per second is higher than 14% of other Warriors between levels 21 and 30.
chr_1494,Warrior,21-30,109.3,25,56,13.0,Your damage per second is higher than 13% of other Warriors between levels 21 and 30.
chr_0116,Warrior,21-30,105.6,54,56,11.0,Your damage per second is higher than 11% of other Warriors between levels 21 and 30.
chr_0462,Warrior,21-30,104.8,30,56,9.0,Your damage per second is higher than 9% of other Warriors between levels 21 and 30.
chr_1072,Warrior,21-30,104.3,31,56,7.0,Your damage per second is higher than 7% of other Warriors between levels 21 and 30.
chr_0661,Warrior,21-30,98.0,27,56,5.0,Your damage per second is higher than 5% of other Warriors between levels 21 and 30.
chr_1412,Warrior,21-30,88.7,54,56,4.0,Your damage per second is higher than 4% of other Warriors between levels 21 and 30.
chr_0258,Warrior,21-30,86.1,45,56,2.0,Your damage per second is higher than 2% of other Warriors between levels 21 and 30.
chr_1152,Warrior,21-30,77.5,19,56,0.0,Your damage per second is higher than 0% of other Warriors between levels 21 and 30.
chr_1396,Warrior,31-40,189.0,12,70,100.0,Your damage per second is higher than 100% of other Warriors between levels 31 and 40.
chr_1735,Warrior,31-40,183.9,11,70,99.0,Your damage per second is higher than 99% of other Warriors between levels 31 and 40.
chr_0590,Warrior,31-40,178.7,35,70,97.0,Your damage per second is higher than 97% of other Warriors between levels 31 and 40.
chr_0429,Warrior,31-40,178.6,23,70,96.0,Your damage per second is higher than 96% of other Warriors between levels 31 and 40.
chr_0680,Warrior,31-40,177.9,30,70,94.0,Your damage per second is higher than 94% of other Warriors between levels 31 and 40.
chr_1034,Warrior,31-40,175.5,30,70,93.0,Your damage per second is higher than 93% of other Warriors between levels 31 and 40.
chr_1385,Warrior,31-40,169.9,57,70,91.0,Your damage per second is higher than 91% of other Warriors between levels 31 and 40.
chr_0264,Warrior,31-40,169.2,64,70,90.0,Your damage per second is higher than 90% of other Warriors between levels 31 and 40.
chr_1048,Warrior,31-40,169.2,49,70,89.0,Your damage per second is higher than 89% of other Warriors between levels 31 and 40.
chr_1448,Warrior,31-40,166.5,71,70,87.0,Your damage per second is higher than 87% of other Warriors between levels 31 and 40.
chr_1293,Warrior,31-40,166.4,78,70,86.0,Your damage per second is higher than 86% of other Warriors between levels 31 and 40.
chr_1479,Warrior,31-40,165.8,69,70,84.0,Your damage per second is higher than 84% of other Warriors between levels 31 and 40.
chr_0212,Warrior,31-40,165.6,72,70,83.0,Your damage per second is higher than 83% of other Warriors between levels 31 and 40.
chr_0548,Warrior,31-40,165.2,76,70,81.0,Your damage per second is higher than 81% of other Warriors between levels 31 and 40.
chr_1158,Warrior,31-40,164.8,72,70,80.0,Your damage per second is higher than 80% of other Warriors between levels 31 and 40.
chr_0599,Warrior,31-40,164.3,77,70,79.0,Your damage per second is higher than 79% of other Warriors between levels 31 and 40.
chr_0959,Warrior,31-40,164.3,80,70,77.0,Your damage per second is higher than 77% of other Warriors between levels 31 and 40.
chr_1312,Warrior,31-40,164.2,72,70,76.0,Your damage per second is higher than 76% of other Warriors between levels 31 and 40.
chr_1440,Warrior,31-40,163.9,73,70,74.0,Your damage per second is higher than 74% of other Warriors between levels 31 and 40.
chr_0204,Warrior,31-40,163.7,79,70,73.0,Your damage per second is higher than 73% of other Warriors between levels 31 and 40.
chr_0993,Warrior,31-40,163.5,75,70,71.0,Your damage per second is higher than 71% of other Warriors between levels 31 and 40.
chr_0819,Warrior,31-40,163.2,77,70,70.0,Your damage per second is higher than 70% of other Warriors between levels 31 and 40.
chr_1106,Warrior,31-40,163.1,71,70,69.0,Your damage per second is higher than 69% of other Warriors between levels 31 and 40.
chr_0629,Warrior,31-40,163.0,71,70,67.0,Your damage per second is higher than 67% of other Warriors between levels 31 and 40.
chr_0436,Warrior,31-40,162.9,71,70,66.0,Your damage per second is higher than 66% of other Warriors between levels 31 and 40.
chr_1003,Warrior,31-40,162.0,74,70,64.0,Your damage per second is higher than 64% of other Warriors between levels 31 and 40.
chr_0940,Warrior,31-40,161.8,66,70,63.0,Your damage per second is higher than 63% of other Warriors between levels 31 and 40.
chr_1589,Warrior,31-40,161.8,73,70,61.0,Your damage per second is higher than 61% of other Warriors between levels 31 and 40.
chr_0882,Warrior,31-40,161.7,76,70,60.0,Your damage per second is higher than 60% of other Warriors between levels 31 and 40.
chr_0695,Warrior,31-40,161.7,75,70,59.0,Your damage per second is higher than 59% of other Warriors between levels 31 and 40.
chr_1731,Warrior,31-40,161.4,76,70,57.0,Your damage per second is higher than 57% of other Warriors between levels 31 and 40.
chr_0869,Warrior,31-40,161.1,70,70,56.0,Your damage per second is higher than 56% of other Warriors between levels 31 and 40.
chr_0389,Warrior,31-40,160.9,75,70,54.0,Your damage per second is higher than 54% of other Warriors between levels 31 and 40.
chr_0396,Warrior,31-40,160.8,70,70,53.0,Your damage per second is higher than 53% of other Warriors between levels 31 and 40.
chr_1344,Warrior,31-40,160.7,67,70,51.0,Your damage per second is higher than 51% of other Warriors between levels 31 and 40.
chr_0015,Warrior,31-40,160.1,83,70,50.0,Your damage per second is higher than 50% of other Warriors between levels 31 and 40.
chr_0310,Warrior,31-40,159.6,74,70,49.0,Your damage per second is higher than 49% of other Warriors between levels 31 and 40.
chr_1404,Warrior,31-40,159.6,82,70,47.0,Your damage per second is higher than 47% of other Warriors between levels 31 and 40.
chr_1622,Warrior,31-40,159.0,24,70,46.0,Your damage per second is higher than 46% of other Warriors between levels 31 and 40.
chr_0445,Warrior,31-40,158.9,71,70,44.0,Your damage per second is higher than 44% of other Warriors between levels 31 and 40.
chr_1139,Warrior,31-40,157.9,53,70,43.0,Your damage per second is higher than 43% of other Warriors between levels 31 and 40.
chr_0059,Warrior,31-40,157.7,70,70,41.0,Your damage per second is higher than 41% of other Warriors between levels 31 and 40.
chr_1569,Warrior,31-40,157.6,73,70,40.0,Your damage per second is higher than 40% of other Warriors between levels 31 and 40.
chr_1033,Warrior,31-40,154.9,70,70,39.0,Your damage per second is higher than 39% of other Warriors between levels 31 and 40.
chr_0984,Warrior,31-40,154.9,54,70,37.0,Your damage per second is higher than 37% of other Warriors between levels 31 and 40.
chr_0549,Warrior,31-40,154.6,43,70,36.0,Your damage per second is higher than 36% of other Warriors between levels 31 and 40.
chr_0705,Warrior,31-40,153.7,46,70,34.0,Your damage per second is higher than 34% of other Warriors between levels 31 and 40.
chr_1137,Warrior,31-40,153.2,68,70,33.0,Your damage per second is higher than 33% of other Warriors between levels 31 and 40.
chr_0626,Warrior,31-40,153.0,42,70,31.0,Your damage per second is higher than 31% of other Warriors between levels 31 and 40.
chr_1076,Warrior,31-40,152.7,73,70,30.0,Your damage per second is higher than 30% of other Warriors between levels 31 and 40.
chr_1352,Warrior,31-40,150.8,41,70,29.0,Your damage per second is higher than 29% of other Warriors between levels 31 and 40.
chr_1601,Warrior,31-40,150.2,25,70,27.0,Your damage per second is higher than 27% of other Warriors between levels 31 and 40.
chr_0075,Warrior,31-40,149.6,69,70,26.0,Your damage per second is higher than 26% of other Warriors between levels 31 and 40.
chr_0234,Warrior,31-40,149.1,33,70,24.0,Your damage per second is higher than 24% of other Warriors between levels 31 and 40.
chr_0060,Warrior,31-40,147.8,30,70,23.0,Your damage per second is higher than 23% of other Warriors between levels 31 and 40.
chr_1001,Warrior,31-40,147.2,26,70,21.0,Your damage per second is higher than 21% of other Warriors between levels 31 and 40.
chr_0462,Warrior,31-40,144.3,69,70,20.0,Your damage per second is higher than 20% of other Warriors between levels 31 and 40.
chr_0531,Warrior,31-40,143.3,18,70,19.0,Your damage per second is higher than 19% of other Warriors between levels 31 and 40.
chr_0258,Warrior,31-40,143.0,46,70,17.0,Your damage per second is higher than 17% of other Warriors between levels 31 and 40.
chr_1494,Warrior,31-40,141.9,27,70,16.0,Your damage per second is higher than 16% of other Warriors between levels 31 and 40.
chr_0116,Warrior,31-40,136.2,54,70,14.0,Your damage per second is higher than 14% of other Warriors between levels 31 and 40.
chr_1721,Warrior,31-40,136.0,81,70,13.0,Your damage per second is higher than 13% of other Warriors between levels 31 and 40.
chr_1634,Warrior,31-40,133.6,52,70,11.0,Your damage per second is higher than 11% of other Warriors between levels 31 and 40.
chr_0042,Warrior,31-40,132.1,55,70,10.0,Your damage per second is higher than 10% of other Warriors between levels 31 and 40.
chr_1072,Warrior,31-40,131.3,26,70,9.0,Your damage per second is higher than 9% of other Warriors between levels 31 and 40.
chr_0661,Warrior,31-40,128.1,24,70,7.0,Your damage per second is higher than 7% of other Warriors between levels 31 and 40.
chr_0407,Warrior,31-40,126.3,75,70,6.0,Your damage per second is higher than 6% of other Warriors between levels 31 and 40.
chr_0595,Warrior,31-40,124.7,43,70,4.0,Your damage per second is higher than 4% of other Warriors between levels 31 and 40.
chr_1549,Warrior,31-40,119.3,65,70,3.0,Your damage per second is higher than 3% of other Warriors between levels 31 and 40.
chr_1412,Warrior,31-40,117.7,105,70,1.0,Your damage per second is higher than 1% of other Warriors between levels 31 and 40.
chr_1242,Warrior,31-40,61.1,31,70,0.0,Your damage per second is higher than 0% of other Warriors between levels 31 and 40.
chr_0283,Warrior,41-50,226.5,33,89,100.0,Your damage per second is higher than 100% of other Warriors between levels 41 and 50.
chr_0225,Warrior,41-50,223.8,24,89,99.0,Your damage per second is higher than 99% of other Warriors between levels 41 and 50.
chr_0675,Warrior,41-50,223.5,10,89,98.0,Your damage per second is higher than 98% of other Warriors between levels 41 and 50.
chr_0105,Warrior,41-50,219.6,41,89,97.0,Your damage per second is higher than 97% of other Warriors between levels 41 and 50.
chr_0263,Warrior,41-50,219.2,46,89,96.0,Your damage per second is higher than 96% of other Warriors between levels 41 and 50.
chr_0793,Warrior,41-50,217.7,59,89,94.0,Your damage per second is higher than 94% of other Warriors between levels 41 and 50.
chr_0890,Warrior,41-50,214.6,50,89,93.0,Your damage per second is higher than 93% of other Warriors between levels 41 and 50.
chr_1179,Warrior,41-50,210.2,75,89,92.0,Your damage per second is higher than 92% of other Warriors between levels 41 and 50.
chr_0136,Warrior,41-50,210.0,78,89,91.0,Your damage per second is higher than 91% of other Warriors between levels 41 and 50.
chr_0068,Warrior,41-50,209.9,54,89,90.0,Your damage per second is higher than 90% of other Warriors between levels 41 and 50.
chr_0995,Warrior,41-50,208.2,84,89,89.0,Your damage per second is higher than 89% of other Warriors between levels 41 and 50.
chr_0930,Warrior,41-50,206.1,39,89,88.0,Your damage per second is higher than 88% of other Warriors between levels 41 and 50.
chr_0226,Warrior,41-50,205.9,91,89,87.0,Your damage per second is higher than 87% of other Warriors between levels 41 and 50.
chr_0264,Warrior,41-50,205.8,84,89,85.0,Your damage per second is higher than 85% of other Warriors between levels 41 and 50.
chr_0735,Warrior,41-50,205.8,44,89,84.0,Your damage per second is higher than 84% of other Warriors between levels 41 and 50.
chr_0703,Warrior,41-50,205.6,93,89,83.0,Your damage per second is higher than 83% of other Warriors between levels 41 and 50.
chr_1106,Warrior,41-50,205.5,96,89,82.0,Your damage per second is higher than 82% of other Warriors between levels 41 and 50.
chr_0819,Warrior,41-50,205.5,93,89,81.0,Your damage per second is higher than 81% of other Warriors between levels 41 and 50.
chr_0985,Warrior,41-50,205.3,96,89,80.0,Your damage per second is higher than 80% of other Warriors between levels 41 and 50.
chr_0091,Warrior,41-50,205.1,96,89,79.0,Your damage per second is higher than 79% of other Warriors between levels 41 and 50.
chr_0533,Warrior,41-50,204.9,92,89,78.0,Your damage per second is higher than 78% of other Warriors between levels 41 and 50.
chr_1439,Warrior,41-50,204.6,86,89,76.0,Your damage per second is higher than 76% of other Warriors between levels 41 and 50.
chr_0515,Warrior,41-50,204.6,94,89,75.0,Your damage per second is higher than 75% of other Warriors between levels 41 and 50.
chr_1396,Warrior,41-50,204.5,95,89,74.0,Your damage per second is higher than 74% of other Warriors between levels 41 and 50.
chr_0015,Warrior,41-50,204.4,94,89,73.0,Your damage per second is higher than 73% of other Warriors between levels 41 and 50.
chr_0212,Warrior,41-50,204.4,94,89,72.0,Your damage per second is higher than 72% of other Warriors between levels 41 and 50.
chr_0330,Warrior,41-50,204.4,94,89,71.0,Your damage per second is higher than 71% of other Warriors between levels 41 and 50.
chr_0882,Warrior,41-50,204.0,97,89,70.0,Your damage per second is higher than 70% of other Warriors between levels 41 and 50.
chr_1039,Warrior,41-50,203.7,37,89,69.0,Your damage per second is higher than 69% of other Warriors between levels 41 and 50.
chr_0429,Warrior,41-50,203.5,86,89,67.0,Your damage per second is higher than 67% of other Warriors between levels 41 and 50.
chr_0518,Warrior,41-50,203.3,37,89,66.0,Your damage per second is higher than 66% of other Warriors between levels 41 and 50.
chr_0959,Warrior,41-50,203.2,96,89,65.0,Your damage per second is higher than 65% of other Warriors between levels 41 and 50.
chr_0389,Warrior,41-50,203.2,95,89,64.0,Your damage per second is higher than 64% of other Warriors between levels 41 and 50.
chr_1385,Warrior,41-50,202.4,95,89,63.0,Your damage per second is higher than 63% of other Warriors between levels 41 and 50.
chr_0590,Warrior,41-50,202.3,85,89,62.0,Your damage per second is higher than 62% of other Warriors between levels 41 and 50.
chr_1735,Warrior,41-50,202.0,91,89,61.0,Your damage per second is higher than 61% of other Warriors between levels 41 and 50.
chr_1242,Warrior,41-50,201.5,100,89,60.0,Your damage per second is higher than 60% of other Warriors between levels 41 and 50.
chr_1440,Warrior,41-50,201.5,95,89,58.0,Your damage per second is higher than 58% of other Warriors between levels 41 and 50.
chr_1448,Warrior,41-50,201.3,92,89,57.0,Your damage per second is higher than 57% of other Warriors between levels 41 and 50.
chr_1293,Warrior,41-50,201.0,95,89,56.0,Your damage per second is higher than 56% of other Warriors between levels 41 and 50.
chr_0413,Warrior,41-50,201.0,37,89,55.0,Your damage per second is higher than 55% of other Warriors between levels 41 and 50.
chr_0445,Warrior,41-50,200.8,94,89,54.0,Your damage per second is higher than 54% of other Warriors between levels 41 and 50.
chr_1727,Warrior,41-50,200.5,24,89,53.0,Your damage per second is higher than 53% of other Warriors between levels 41 and 50.
chr_0436,Warrior,41-50,200.4,97,89,52.0,Your damage per second is higher than 52% of other Warriors between levels 41 and 50.
chr_1034,Warrior,41-50,200.4,96,89,51.0,Your damage per second is higher than 51% of other Warriors between levels 41 and 50.
chr_0204,Warrior,41-50,200.4,95,89,49.0,Your damage per second is higher than 49% of other Warriors between levels 41 and 50.
chr_0023,Warrior,41-50,199.7,51,89,48.0,Your damage per second is higher than 48% of other Warriors between levels 41 and 50.
chr_1569,Warrior,41-50,199.5,93,89,47.0,Your damage per second is higher than 47% of other Warriors between levels 41 and 50.
chr_0531,Warrior,41-50,199.4,76,89,46.0,Your damage per second is higher than 46% of other Warriors between levels 41 and 50.
chr_1076,Warrior,41-50,199.3,81,89,45.0,Your damage per second is higher than 45% of other Warriors between levels 41 and 50.
chr_1048,Warrior,41-50,199.3,74,89,44.0,Your damage per second is higher than 44% of other Warriors between levels 41 and 50.
chr_0680,Warrior,41-50,199.2,44,89,43.0,Your damage per second is higher than 43% of other Warriors between levels 41 and 50.
chr_0577,Warrior,41-50,199.2,38,89,42.0,Your damage per second is higher than 42% of other Warriors between levels 41 and 50.
chr_1404,Warrior,41-50,199.1,100,89,40.0,Your damage per second is higher than 40% of other Warriors between levels 41 and 50.
chr_0993,Warrior,41-50,199.0,94,89,39.0,Your damage per second is higher than 39% of other Warriors between levels 41 and 50.
chr_0629,Warrior,41-50,198.3,95,89,38.0,Your damage per second is higher than 38% of other Warriors between levels 41 and 50.
chr_0695,Warrior,41-50,198.2,77,89,37.0,Your damage per second is higher than 37% of other Warriors between levels 41 and 50.
chr_1003,Warrior,41-50,198.2,95,89,36.0,Your damage per second is higher than 36% of other Warriors between levels 41 and 50.
chr_0599,Warrior,41-50,197.9,97,89,35.0,Your damage per second is higher than 35% of other Warriors between levels 41 and 50.
chr_0333,Warrior,41-50,197.7,94,89,34.0,Your damage per second is higher than 34% of other Warriors between levels 41 and 50.
chr_1033,Warrior,41-50,197.1,95,89,33.0,Your damage per second is higher than 33% of other Warriors between levels 41 and 50.
chr_0396,Warrior,41-50,197.0,94,89,31.0,Your damage per second is higher than 31% of other Warriors between levels 41 and 50.
chr_1731,Warrior,41-50,196.9,91,89,30.0,Your damage per second is higher than 30% of other Warriors between levels 41 and 50.
chr_0059,Warrior,41-50,196.1,95,89,29.0,Your damage per second is higher than 29% of other Warriors between levels 41 and 50.
chr_0462,Warrior,41-50,195.4,93,89,28.0,Your damage per second is higher than 28% of other Warriors between levels 41 and 50.
chr_0548,Warrior,41-50,193.8,54,89,27.0,Your damage per second is higher than 27% of other Warriors between levels 41 and 50.
chr_1128,Warrior,41-50,192.8,51,89,26.0,Your damage per second is higher than 26% of other Warriors between levels 41 and 50.
chr_0984,Warrior,41-50,188.5,79,89,25.0,Your damage per second is higher than 25% of other Warriors between levels 41 and 50.
chr_0595,Warrior,41-50,187.6,49,89,24.0,Your damage per second is higher than 24% of other Warriors between levels 41 and 50.
chr_0042,Warrior,41-50,187.6,37,89,22.0,Your damage per second is higher than 22% of other Warriors between levels 41 and 50.
chr_1158,Warrior,41-50,186.3,38,89,21.0,Your damage per second is higher than 21% of other Warriors between levels 41 and 50.
chr_1479,Warrior,41-50,185.9,28,89,20.0,Your damage per second is higher than 20% of other Warriors between levels 41 and 50.
chr_0626,Warrior,41-50,185.6,51,89,19.0,Your damage per second is higher than 19% of other Warriors between levels 41 and 50.
chr_1634,Warrior,41-50,184.7,63,89,18.0,Your damage per second is higher than 18% of other Warriors between levels 41 and 50.
chr_1601,Warrior,41-50,183.3,59,89,17.0,Your damage per second is higher than 17% of other Warriors between levels 41 and 50.
chr_1589,Warrior,41-50,182.9,104,89,16.0,Your damage per second is higher than 16% of other Warriors between levels 41 and 50.
chr_0116,Warrior,41-50,181.2,90,89,15.0,Your damage per second is higher than 15% of other Warriors between levels 41 and 50.
chr_0060,Warrior,41-50,176.1,39,89,13.0,Your damage per second is higher than 13% of other Warriors between levels 41 and 50.
chr_1549,Warrior,41-50,175.6,34,89,12.0,Your damage per second is higher than 12% of other Warriors between levels 41 and 50.
chr_0310,Warrior,41-50,175.6,54,89,11.0,Your damage per second is higher than 11% of other Warriors between levels 41 and 50.
chr_1622,Warrior,41-50,175.3,51,89,10.0,Your damage per second is higher than 10% of other Warriors between levels 41 and 50.
chr_0384,Warrior,41-50,173.5,56,89,9.0,Your damage per second is higher than 9% of other Warriors between levels 41 and 50.
chr_0661,Warrior,41-50,171.5,61,89,8.0,Your damage per second is higher than 8% of other Warriors between levels 41 and 50.
chr_0258,Warrior,41-50,170.3,69,89,7.0,Your damage per second is higher than 7% of other Warriors between levels 41 and 50.
chr_0705,Warrior,41-50,170.0,70,89,6.0,Your damage per second is higher than 6% of other Warriors between levels 41 and 50.
chr_1494,Warrior,41-50,166.9,40,89,4.0,Your damage per second is higher than 4% of other Warriors between levels 41 and 50.
chr_0407,Warrior,41-50,166.4,56,89,3.0,Your damage per second is higher than 3% of other Warriors between levels 41 and 50.
chr_1412,Warrior,41-50,147.6,86,89,2.0,Your damage per second is higher than 2% of other Warriors between levels 41 and 50.
chr_1721,Warrior,41-50,142.9,76,89,1.0,Your damage per second is higher than 1% of other Warriors between levels 41 and 50.
chr_1072,Warrior,41-50,129.4,56,89,0.0,Your damage per second is higher than 0% of other Warriors between levels 41 and 50.
chr_0969,Warrior,51-60,271.0,15,105,100.0,Your damage per second is higher than 100% of other Warriors between levels 51 and 60.
chr_1298,Warrior,51-60,262.9,22,105,99.0,Your damage per second is higher than 99% of other Warriors between levels 51 and 60.
chr_1492,Warrior,51-60,261.4,20,105,98.0,Your damage per second is higher than 98% of other Warriors between levels 51 and 60.
chr_1372,Warrior,51-60,260.7,39,105,97.0,Your damage per second is higher than 97% of other Warriors between levels 51 and 60.
chr_0526,Warrior,51-60,259.1,36,105,96.0,Your damage per second is higher than 96% of other Warriors between levels 51 and 60.
chr_0698,Warrior,51-60,258.9,39,105,95.0,Your damage per second is higher than 95% of other Warriors between levels 51 and 60.
chr_1058,Warrior,51-60,258.3,18,105,94.0,Your damage per second is higher than 94% of other Warriors between levels 51 and 60.
chr_0252,Warrior,51-60,255.6,18,105,93.0,Your damage per second is higher than 93% of other Warriors between levels 51 and 60.
chr_1639,Warrior,51-60,254.8,81,105,92.0,Your damage per second is higher than 92% of other Warriors between levels 51 and 60.
chr_0980,Warrior,51-60,253.5,91,105,91.0,Your damage per second is higher than 91% of other Warriors between levels 51 and 60.
chr_0176,Warrior,51-60,253.5,47,105,90.0,Your damage per second is higher than 90% of other Warriors between levels 51 and 60.
chr_0274,Warrior,51-60,253.3,76,105,90.0,Your damage per second is higher than 90% of other Warriors between levels 51 and 60.
chr_0677,Warrior,51-60,252.4,62,105,89.0,Your damage per second is higher than 89% of other Warriors between levels 51 and 60.
chr_1084,Warrior,51-60,252.1,63,105,88.0,Your damage per second is higher than 88% of other Warriors between levels 51 and 60.
chr_0515,Warrior,51-60,251.8,95,105,87.0,Your damage per second is higher than 87% of other Warriors between levels 51 and 60.
chr_0396,Warrior,51-60,251.5,93,105,86.0,Your damage per second is higher than 86% of other Warriors between levels 51 and 60.
chr_1416,Warrior,51-60,251.3,94,105,85.0,Your damage per second is higher than 85% of other Warriors between levels 51 and 60.
chr_0675,Warrior,51-60,251.1,96,105,84.0,Your damage per second is higher than 84% of other Warriors between levels 51 and 60.
chr_0201,Warrior,51-60,248.8,95,105,83.0,Your damage per second is higher than 83% of other Warriors between levels 51 and 60.
chr_0793,Warrior,51-60,248.7,94,105,82.0,Your damage per second is higher than 82% of other Warriors between levels 51 and 60.
chr_1396,Warrior,51-60,248.6,92,105,81.0,Your damage per second is higher than 81% of other Warriors between levels 51 and 60.
chr_1448,Warrior,51-60,248.6,90,105,80.0,Your damage per second is higher than 80% of other Warriors between levels 51 and 60.
chr_0225,Warrior,51-60,247.5,98,105,79.0,Your damage per second is higher than 79% of other Warriors between levels 51 and 60.
chr_1003,Warrior,51-60,247.4,93,105,78.0,Your damage per second is higher than 78% of other Warriors between levels 51 and 60.
chr_0226,Warrior,51-60,247.3,94,105,77.0,Your damage per second is higher than 77% of other Warriors between levels 51 and 60.
chr_0389,Warrior,51-60,247.2,104,105,76.0,Your damage per second is higher than 76% of other Warriors between levels 51 and 60.
chr_0212,Warrior,51-60,246.2,94,105,75.0,Your damage per second is higher than 75% of other Warriors between levels 51 and 60.
chr_0436,Warrior,51-60,246.1,97,105,74.0,Your damage per second is higher than 74% of other Warriors between levels 51 and 60.
chr_0995,Warrior,51-60,245.7,92,105,73.0,Your damage per second is higher than 73% of other Warriors between levels 51 and 60.
chr_0819,Warrior,51-60,245.4,101,105,72.0,Your damage per second is higher than 72% of other Warriors between levels 51 and 60.
chr_0703,Warrior,51-60,245.3,102,105,71.0,Your damage per second is higher than 71% of other Warriors between levels 51 and 60.
chr_0384,Warrior,51-60,245.3,97,105,70.0,Your damage per second is higher than 70% of other Warriors between levels 51 and 60.
chr_0533,Warrior,51-60,245.2,94,105,70.0,Your damage per second is higher than 70% of other Warriors between levels 51 and 60.
chr_1735,Warrior,51-60,245.0,97,105,69.0,Your damage per second is higher than 69% of other Warriors between levels 51 and 60.
chr_1404,Warrior,51-60,245.0,100,105,68.0,Your damage per second is higher than 68% of other Warriors between levels 51 and 60.
chr_0985,Warrior,51-60,244.8,99,105,67.0,Your damage per second is higher than 67% of other Warriors between levels 51 and 60.
chr_0105,Warrior,51-60,244.7,100,105,66.0,Your damage per second is higher than 66% of other Warriors between levels 51 and 60.
chr_0091,Warrior,51-60,244.6,99,105,65.0,Your damage per second is higher than 65% of other Warriors between levels 51 and 60.
chr_0599,Warrior,51-60,244.5,93,105,64.0,Your damage per second is higher than 64% of other Warriors between levels 51 and 60.
chr_0059,Warrior,51-60,244.4,93,105,63.0,Your damage per second is higher than 63% of other Warriors between levels 51 and 60.
chr_0882,Warrior,51-60,244.2,93,105,62.0,Your damage per second is higher than 62% of other Warriors between levels 51 and 60.
chr_0263,Warrior,51-60,244.1,98,105,61.0,Your damage per second is higher than 61% of other Warriors between levels 51 and 60.
chr_0203,Warrior,51-60,244.0,95,105,60.0,Your damage per second is higher than 60% of other Warriors between levels 51 and 60.
chr_1293,Warrior,51-60,243.9,90,105,59.0,Your damage per second is higher than 59% of other Warriors between levels 51 and 60.
chr_0099,Warrior,51-60,243.9,27,105,58.0,Your damage per second is higher than 58% of other Warriors between levels 51 and 60.
chr_0445,Warrior,51-60,243.7,95,105,57.0,Your damage per second is higher than 57% of other Warriors between levels 51 and 60.
chr_1440,Warrior,51-60,243.6,99,105,56.0,Your damage per second is higher than 56% of other Warriors between levels 51 and 60.
chr_1179,Warrior,51-60,243.5,96,105,55.0,Your damage per second is higher than 55% of other Warriors between levels 51 and 60.
chr_0590,Warrior,51-60,243.3,73,105,54.0,Your damage per second is higher than 54% of other Warriors between levels 51 and 60.
chr_0136,Warrior,51-60,242.5,99,105,53.0,Your damage per second is higher than 53% of other Warriors between levels 51 and 60.
chr_1034,Warrior,51-60,242.4,100,105,52.0,Your damage per second is higher than 52% of other Warriors between levels 51 and 60.
chr_1106,Warrior,51-60,242.1,95,105,51.0,Your damage per second is higher than 51% of other Warriors between levels 51 and 60.
chr_1242,Warrior,51-60,241.8,100,105,50.0,Your damage per second is higher than 50% of other Warriors between levels 51 and 60.
chr_0531,Warrior,51-60,241.7,100,105,50.0,Your damage per second is higher than 50% of other Warriors between levels 51 and 60.
chr_1385,Warrior,51-60,241.4,100,105,49.0,Your damage per second is higher than 49% of other Warriors between levels 51 and 60.
chr_0993,Warrior,51-60,241.3,97,105,48.0,Your damage per second is higher than 48% of other Warriors between levels 51 and 60.
chr_0204,Warrior,51-60,240.6,95,105,47.0,Your damage per second is higher than 47% of other Warriors between levels 51 and 60.
chr_0333,Warrior,51-60,240.2,96,105,46.0,Your damage per second is higher than 46% of other Warriors between levels 51 and 60.
chr_0264,Warrior,51-60,240.1,84,105,45.0,Your damage per second is higher than 45% of other Warriors between levels 51 and 60.
chr_0984,Warrior,51-60,239.9,99,105,44.0,Your damage per second is higher than 44% of other Warriors between levels 51 and 60.
chr_0283,Warrior,51-60,239.8,50,105,43.0,Your damage per second is higher than 43% of other Warriors between levels 51 and 60.
chr_1727,Warrior,51-60,239.5,104,105,42.0,Your damage per second is higher than 42% of other Warriors between levels 51 and 60.
chr_0330,Warrior,51-60,239.4,100,105,41.0,Your damage per second is higher than 41% of other Warriors between levels 51 and 60.
chr_0429,Warrior,51-60,239.4,70,105,40.0,Your damage per second is higher than 40% of other Warriors between levels 51 and 60.
chr_1048,Warrior,51-60,239.0,81,105,39.0,Your damage per second is higher than 39% of other Warriors between levels 51 and 60.
chr_0196,Warrior,51-60,238.5,81,105,38.0,Your damage per second is higher than 38% of other Warriors between levels 51 and 60.
chr_0116,Warrior,51-60,237.1,82,105,37.0,Your damage per second is higher than 37% of other Warriors between levels 51 and 60.
chr_0629,Warrior,51-60,236.9,93,105,36.0,Your damage per second is higher than 36% of other Warriors between levels 51 and 60.
chr_0015,Warrior,51-60,236.8,132,105,35.0,Your damage per second is higher than 35% of other Warriors between levels 51 and 60.
chr_1164,Warrior,51-60,236.8,52,105,34.0,Your damage per second is higher than 34% of other Warriors between levels 51 and 60.
chr_0023,Warrior,51-60,236.4,51,105,33.0,Your damage per second is higher than 33% of other Warriors between levels 51 and 60.
chr_1039,Warrior,51-60,236.3,62,105,32.0,Your damage per second is higher than 32% of other Warriors between levels 51 and 60.
chr_1569,Warrior,51-60,235.1,51,105,31.0,Your damage per second is higher than 31% of other Warriors between levels 51 and 60.
chr_1439,Warrior,51-60,234.9,64,105,30.0,Your damage per second is higher than 30% of other Warriors between levels 51 and 60.
chr_0216,Warrior,51-60,234.3,62,105,30.0,Your damage per second is higher than 30% of other Warriors between levels 51 and 60.
chr_0462,Warrior,51-60,233.7,74,105,29.0,Your damage per second is higher than 29% of other Warriors between levels 51 and 60.
chr_0680,Warrior,51-60,233.7,61,105,28.0,Your damage per second is higher than 28% of other Warriors between levels 51 and 60.
chr_0577,Warrior,51-60,233.6,74,105,27.0,Your damage per second is higher than 27% of other Warriors between levels 51 and 60.
chr_0626,Warrior,51-60,233.2,74,105,26.0,Your damage per second is higher than 26% of other Warriors between levels 51 and 60.
chr_0959,Warrior,51-60,233.1,28,105,25.0,Your damage per second is higher than 25% of other Warriors between levels 51 and 60.
chr_1731,Warrior,51-60,231.5,61,105,24.0,Your damage per second is higher than 24% of other Warriors between levels 51 and 60.
chr_1033,Warrior,51-60,231.3,104,105,23.0,Your damage per second is higher than 23% of other Warriors between levels 51 and 60.
chr_0879,Warrior,51-60,231.1,124,105,22.0,Your damage per second is higher than 22% of other Warriors between levels 51 and 60.
chr_0595,Warrior,51-60,230.8,42,105,21.0,Your damage per second is higher than 21% of other Warriors between levels 51 and 60.
chr_1076,Warrior,51-60,228.8,51,105,20.0,Your damage per second is higher than 20% of other Warriors between levels 51 and 60.
chr_0413,Warrior,51-60,228.8,41,105,19.0,Your damage per second is higher than 19% of other Warriors between levels 51 and 60.
chr_1589,Warrior,51-60,225.4,95,105,18.0,Your damage per second is higher than 18% of other Warriors between levels 51 and 60.
chr_0518,Warrior,51-60,224.7,64,105,17.0,Your damage per second is higher than 17% of other Warriors between levels 51 and 60.
chr_0903,Warrior,51-60,223.5,62,105,16.0,Your damage per second is higher than 16% of other Warriors between levels 51 and 60.
chr_1634,Warrior,51-60,223.2,91,105,15.0,Your damage per second is higher than 15% of other Warriors between levels 51 and 60.
chr_0735,Warrior,51-60,217.3,16,105,14.0,Your damage per second is higher than 14% of other Warriors between levels 51 and 60.
chr_1721,Warrior,51-60,216.9,61,105,13.0,Your damage per second is higher than 13% of other Warriors between levels 51 and 60.
chr_0661,Warrior,51-60,214.5,90,105,12.0,Your damage per second is higher than 12% of other Warriors between levels 51 and 60.
chr_1601,Warrior,51-60,214.1,43,105,11.0,Your damage per second is higher than 11% of other Warriors between levels 51 and 60.
chr_0068,Warrior,51-60,209.1,92,105,10.0,Your damage per second is higher than 10% of other Warriors between levels 51 and 60.
chr_1744,Warrior,51-60,207.4,58,105,10.0,Your damage per second is higher than 10% of other Warriors between levels 51 and 60.
chr_0705,Warrior,51-60,207.3,89,105,9.0,Your damage per second is higher than 9% of other Warriors between levels 51 and 60.
chr_0060,Warrior,51-60,205.6,50,105,8.0,Your damage per second is higher than 8% of other Warriors between levels 51 and 60.
chr_0258,Warrior,51-60,204.3,59,105,7.0,Your damage per second is higher than 7% of other Warriors between levels 51 and 60.
chr_1622,Warrior,51-60,203.5,82,105,6.0,Your damage per second is higher than 6% of other Warriors between levels 51 and 60.
chr_0407,Warrior,51-60,201.8,96,105,5.0,Your damage per second is higher than 5% of other Warriors between levels 51 and 60.
chr_0042,Warrior,51-60,200.6,53,105,4.0,Your damage per second is higher than 4% of other Warriors between levels 51 and 60.
chr_1549,Warrior,51-60,194.4,50,105,3.0,Your damage per second is higher than 3% of other Warriors between levels 51 and 60.
chr_1412,Warrior,51-60,192.6,93,105,2.0,Your damage per second is higher than 2% of other Warriors between levels 51 and 60.
chr_1494,Warrior,51-60,189.7,30,105,1.0,Your damage per second is higher than 1% of other Warriors between levels 51 and 60.
chr_1072,Warrior,51-60,188.5,47,105,0.0,Your damage per second is higher than 0% of other Warriors between levels 51 and 60.
chr_1418,Warrior,61-70,311.6,57,111,100.0,Your damage per second is higher than 100% of other Warriors between levels 61 and 70.
chr_0817,Warrior,61-70,309.8,639,111,99.0,Your damage per second is higher than 99% of other Warriors between levels 61 and 70.
chr_1503,Warrior,61-70,309.5,322,111,98.0,Your damage per second is higher than 98% of other Warriors between levels 61 and 70.
chr_0845,Warrior,61-70,308.8,2311,111,97.0,Your damage per second is higher than 97% of other Warriors between levels 61 and 70.
chr_0201,Warrior,61-70,308.7,2141,111,96.0,Your damage per second is higher than 96% of other Warriors between levels 61 and 70.
chr_0793,Warrior,61-70,308.6,2124,111,95.0,Your damage per second is higher than 95% of other Warriors between levels 61 and 70.
chr_0599,Warrior,61-70,308.5,1464,111,95.0,Your damage per second is higher than 95% of other Warriors between levels 61 and 70.
chr_1034,Warrior,61-70,308.5,1535,111,94.0,Your damage per second is higher than 94% of other Warriors between levels 61 and 70.
chr_0396,Warrior,61-70,308.4,1669,111,93.0,Your damage per second is higher than 93% of other Warriors between levels 61 and 70.
chr_0226,Warrior,61-70,308.4,1312,111,92.0,Your damage per second is higher than 92% of other Warriors between levels 61 and 70.
chr_0819,Warrior,61-70,308.3,1387,111,91.0,Your damage per second is higher than 91% of other Warriors between levels 61 and 70.
chr_0015,Warrior,61-70,308.2,1699,111,90.0,Your damage per second is higher than 90% of other Warriors between levels 61 and 70.
chr_0675,Warrior,61-70,308.2,2003,111,89.0,Your damage per second is higher than 89% of other Warriors between levels 61 and 70.
chr_0203,Warrior,61-70,308.1,1829,111,88.0,Your damage per second is higher than 88% of other Warriors between levels 61 and 70.
chr_0212,Warrior,61-70,307.9,769,111,87.0,Your damage per second is higher than 87% of other Warriors between levels 61 and 70.
chr_0515,Warrior,61-70,307.9,1850,111,86.0,Your damage per second is higher than 86% of other Warriors between levels 61 and 70.
chr_0590,Warrior,61-70,307.7,2065,111,86.0,Your damage per second is higher than 86% of other Warriors between levels 61 and 70.
chr_1084,Warrior,61-70,307.7,2013,111,85.0,Your damage per second is higher than 85% of other Warriors between levels 61 and 70.
chr_0329,Warrior,61-70,307.3,218,111,84.0,Your damage per second is higher than 84% of other Warriors between levels 61 and 70.
chr_1372,Warrior,61-70,306.9,613,111,83.0,Your damage per second is higher than 83% of other Warriors between levels 61 and 70.
chr_0445,Warrior,61-70,306.8,798,111,82.0,Your damage per second is higher than 82% of other Warriors between levels 61 and 70.
chr_0105,Warrior,61-70,306.8,534,111,81.0,Your damage per second is higher than 81% of other Warriors between levels 61 and 70.
chr_1076,Warrior,61-70,306.7,1824,111,80.0,Your damage per second is higher than 80% of other Warriors between levels 61 and 70.
chr_0175,Warrior,61-70,305.9,2219,111,79.0,Your damage per second is higher than 79% of other Warriors between levels 61 and 70.
chr_0204,Warrior,61-70,305.5,366,111,78.0,Your damage per second is higher than 78% of other Warriors between levels 61 and 70.
chr_0698,Warrior,61-70,305.2,399,111,77.0,Your damage per second is higher than 77% of other Warriors between levels 61 and 70.
chr_0263,Warrior,61-70,305.2,323,111,77.0,Your damage per second is higher than 77% of other Warriors between levels 61 and 70.
chr_1672,Warrior,61-70,304.2,142,111,76.0,Your damage per second is higher than 76% of other Warriors between levels 61 and 70.
chr_1735,Warrior,61-70,304.2,334,111,75.0,Your damage per second is higher than 75% of other Warriors between levels 61 and 70.
chr_1396,Warrior,61-70,303.8,290,111,74.0,Your damage per second is higher than 74% of other Warriors between levels 61 and 70.
chr_1126,Warrior,61-70,303.5,582,111,73.0,Your damage per second is higher than 73% of other Warriors between levels 61 and 70.
chr_0381,Warrior,61-70,303.4,164,111,72.0,Your damage per second is higher than 72% of other Warriors between levels 61 and 70.
chr_0524,Warrior,61-70,302.9,1814,111,71.0,Your damage per second is higher than 71% of other Warriors between levels 61 and 70.
chr_0389,Warrior,61-70,302.8,252,111,70.0,Your damage per second is higher than 70% of other Warriors between levels 61 and 70.
chr_1313,Warrior,61-70,302.3,295,111,69.0,Your damage per second is higher than 69% of other Warriors between levels 61 and 70.
chr_0984,Warrior,61-70,302.3,300,111,68.0,Your damage per second is higher than 68% of other Warriors between levels 61 and 70.
chr_0680,Warrior,61-70,302.0,493,111,68.0,Your damage per second is higher than 68% of other Warriors between levels 61 and 70.
chr_1492,Warrior,61-70,301.8,397,111,67.0,Your damage per second is higher than 67% of other Warriors between levels 61 and 70.
chr_0626,Warrior,61-70,301.8,415,111,66.0,Your damage per second is higher than 66% of other Warriors between levels 61 and 70.
chr_0629,Warrior,61-70,301.8,1894,111,65.0,Your damage per second is higher than 65% of other Warriors between levels 61 and 70.
chr_0462,Warrior,61-70,301.7,282,111,64.0,Your damage per second is higher than 64% of other Warriors between levels 61 and 70.
chr_0264,Warrior,61-70,301.0,267,111,63.0,Your damage per second is higher than 63% of other Warriors between levels 61 and 70.
chr_0526,Warrior,61-70,299.8,339,111,62.0,Your damage per second is higher than 62% of other Warriors between levels 61 and 70.
chr_0969,Warrior,61-70,299.7,205,111,61.0,Your damage per second is higher than 61% of other Warriors between levels 61 and 70.
chr_1048,Warrior,61-70,299.5,194,111,60.0,Your damage per second is higher than 60% of other Warriors between levels 61 and 70.
chr_0059,Warrior,61-70,299.5,175,111,59.0,Your damage per second is higher than 59% of other Warriors between levels 61 and 70.
chr_1588,Warrior,61-70,299.5,243,111,59.0,Your damage per second is higher than 59% of other Warriors between levels 61 and 70.
chr_1242,Warrior,61-70,299.1,450,111,58.0,Your damage per second is higher than 58% of other Warriors between levels 61 and 70.
chr_0333,Warrior,61-70,298.5,149,111,57.0,Your damage per second is higher than 57% of other Warriors between levels 61 and 70.
chr_0995,Warrior,61-70,296.8,187,111,56.0,Your damage per second is higher than 56% of other Warriors between levels 61 and 70.
chr_0595,Warrior,61-70,296.6,2059,111,55.0,Your damage per second is higher than 55% of other Warriors between levels 61 and 70.
chr_0980,Warrior,61-70,296.4,141,111,54.0,Your damage per second is higher than 54% of other Warriors between levels 61 and 70.
chr_1744,Warrior,61-70,295.9,163,111,53.0,Your damage per second is higher than 53% of other Warriors between levels 61 and 70.
chr_1589,Warrior,61-70,295.5,1682,111,52.0,Your damage per second is higher than 52% of other Warriors between levels 61 and 70.
chr_1106,Warrior,61-70,294.1,172,111,51.0,Your damage per second is higher than 51% of other Warriors between levels 61 and 70.
chr_0661,Warrior,61-70,293.1,1251,111,50.0,Your damage per second is higher than 50% of other Warriors between levels 61 and 70.
chr_0436,Warrior,61-70,292.8,118,111,50.0,Your damage per second is higher than 50% of other Warriors between levels 61 and 70.
chr_0023,Warrior,61-70,292.8,315,111,49.0,Your damage per second is higher than 49% of other Warriors between levels 61 and 70.
chr_1231,Warrior,61-70,292.4,33,111,48.0,Your damage per second is higher than 48% of other Warriors between levels 61 and 70.
chr_0136,Warrior,61-70,291.4,134,111,47.0,Your damage per second is higher than 47% of other Warriors between levels 61 and 70.
chr_1385,Warrior,61-70,291.3,201,111,46.0,Your damage per second is higher than 46% of other Warriors between levels 61 and 70.
chr_1724,Warrior,61-70,290.5,23,111,45.0,Your damage per second is higher than 45% of other Warriors between levels 61 and 70.
chr_1404,Warrior,61-70,290.4,121,111,44.0,Your damage per second is higher than 44% of other Warriors between levels 61 and 70.
chr_0677,Warrior,61-70,289.9,138,111,43.0,Your damage per second is higher than 43% of other Warriors between levels 61 and 70.
chr_1440,Warrior,61-70,289.3,144,111,42.0,Your damage per second is higher than 42% of other Warriors between levels 61 and 70.
chr_0531,Warrior,61-70,287.9,2079,111,41.0,Your damage per second is higher than 41% of other Warriors between levels 61 and 70.
chr_1622,Warrior,61-70,287.8,558,111,41.0,Your damage per second is higher than 41% of other Warriors between levels 61 and 70.
chr_0429,Warrior,61-70,286.1,455,111,40.0,Your damage per second is higher than 40% of other Warriors between levels 61 and 70.
chr_1378,Warrior,61-70,285.9,766,111,39.0,Your damage per second is higher than 39% of other Warriors between levels 61 and 70.
chr_0993,Warrior,61-70,285.7,90,111,38.0,Your damage per second is higher than 38% of other Warriors between levels 61 and 70.
chr_0518,Warrior,61-70,285.0,212,111,37.0,Your damage per second is higher than 37% of other Warriors between levels 61 and 70.
chr_0705,Warrior,61-70,284.1,2108,111,36.0,Your damage per second is higher than 36% of other Warriors between levels 61 and 70.
chr_0176,Warrior,61-70,283.8,386,111,35.0,Your damage per second is higher than 35% of other Warriors between levels 61 and 70.
chr_1727,Warrior,61-70,283.5,2192,111,34.0,Your damage per second is higher than 34% of other Warriors between levels 61 and 70.
chr_0410,Warrior,61-70,283.4,460,111,33.0,Your damage per second is higher than 33% of other Warriors between levels 61 and 70.
chr_0216,Warrior,61-70,282.1,2435,111,32.0,Your damage per second is higher than 32% of other Warriors between levels 61 and 70.
chr_1179,Warrior,61-70,281.3,95,111,32.0,Your damage per second is higher than 32% of other Warriors between levels 61 and 70.
chr_0274,Warrior,61-70,280.8,97,111,31.0,Your damage per second is higher than 31% of other Warriors between levels 61 and 70.
chr_1058,Warrior,61-70,280.4,700,111,30.0,Your damage per second is higher than 30% of other Warriors between levels 61 and 70.
chr_0060,Warrior,61-70,280.3,424,111,29.0,Your damage per second is higher than 29% of other Warriors between levels 61 and 70.
chr_0085,Warrior,61-70,279.9,818,111,28.0,Your damage per second is higher than 28% of other Warriors between levels 61 and 70.
chr_0116,Warrior,61-70,279.6,609,111,27.0,Your damage per second is higher than 27% of other Warriors between levels 61 and 70.
chr_0132,Warrior,61-70,278.6,39,111,26.0,Your damage per second is higher than 26% of other Warriors between levels 61 and 70.
chr_1033,Warrior,61-70,278.0,1970,111,25.0,Your damage per second is higher than 25% of other Warriors between levels 61 and 70.
chr_0882,Warrior,61-70,277.3,53,111,24.0,Your damage per second is higher than 24% of other Warriors between levels 61 and 70.
chr_1634,Warrior,61-70,277.2,418,111,23.0,Your damage per second is higher than 23% of other Warriors between levels 61 and 70.
chr_0225,Warrior,61-70,275.9,46,111,23.0,Your damage per second is higher than 23% of other Warriors between levels 61 and 70.
chr_0985,Warrior,61-70,275.6,61,111,22.0,Your damage per second is higher than 22% of other Warriors between levels 61 and 70.
chr_1416,Warrior,61-70,275.4,39,111,21.0,Your damage per second is higher than 21% of other Warriors between levels 61 and 70.
chr_0091,Warrior,61-70,274.7,17,111,20.0,Your damage per second is higher than 20% of other Warriors between levels 61 and 70.
chr_0099,Warrior,61-70,274.7,1455,111,19.0,Your damage per second is higher than 19% of other Warriors between levels 61 and 70.
chr_0407,Warrior,61-70,274.1,2339,111,18.0,Your damage per second is higher than 18% of other Warriors between levels 61 and 70.
chr_0196,Warrior,61-70,273.9,1816,111,17.0,Your damage per second is higher than 17% of other Warriors between levels 61 and 70.
chr_1448,Warrior,61-70,272.7,37,111,16.0,Your damage per second is higher than 16% of other Warriors between levels 61 and 70.
chr_1039,Warrior,61-70,272.5,91,111,15.0,Your damage per second is higher than 15% of other Warriors between levels 61 and 70.
chr_1412,Warrior,61-70,272.2,2354,111,14.0,Your damage per second is higher than 14% of other Warriors between levels 61 and 70.
chr_0577,Warrior,61-70,272.1,645,111,14.0,Your damage per second is higher than 14% of other Warriors between levels 61 and 70.
chr_0384,Warrior,61-70,270.9,301,111,13.0,Your damage per second is higher than 13% of other Warriors between levels 61 and 70.
chr_0068,Warrior,61-70,270.8,2349,111,12.0,Your damage per second is higher than 12% of other Warriors between levels 61 and 70.
chr_0703,Warrior,61-70,270.1,36,111,11.0,Your damage per second is higher than 11% of other Warriors between levels 61 and 70.
chr_1721,Warrior,61-70,269.6,602,111,10.0,Your damage per second is higher than 10% of other Warriors between levels 61 and 70.
chr_1003,Warrior,61-70,267.4,32,111,9.0,Your damage per second is higher than 9% of other Warriors between levels 61 and 70.
chr_1298,Warrior,61-70,265.6,13,111,8.0,Your damage per second is higher than 8% of other Warriors between levels 61 and 70.
chr_0330,Warrior,61-70,264.8,39,111,7.0,Your damage per second is higher than 7% of other Warriors between levels 61 and 70.
chr_0903,Warrior,61-70,264.6,474,111,6.0,Your damage per second is higher than 6% of other Warriors between levels 61 and 70.
chr_0258,Warrior,61-70,264.1,297,111,5.0,Your damage per second is higher than 5% of other Warriors between levels 61 and 70.
chr_0879,Warrior,61-70,262.8,464,111,5.0,Your damage per second is higher than 5% of other Warriors between levels 61 and 70.
chr_1098,Warrior,61-70,262.3,210,111,4.0,Your damage per second is higher than 4% of other Warriors between levels 61 and 70.
chr_0277,Warrior,61-70,260.8,296,111,3.0,Your damage per second is higher than 3% of other Warriors between levels 61 and 70.
chr_0042,Warrior,61-70,259.0,398,111,2.0,Your damage per second is higher than 2% of other Warriors between levels 61 and 70.
chr_1549,Warrior,61-70,256.5,728,111,1.0,Your damage per second is higher than 1% of other Warriors between levels 61 and 70.
chr_1072,Warrior,61-70,235.5,316,111,0.0,Your damage per second is higher than 0% of other Warriors between levels 61 and 70.
